pos,A,C,G,N,T
1,4,0,1852,0,0
2,3,0,2314,0,0
3,2432,0,38,0,0
4,2558,0,0,0,0
5,2589,1,1,0,0
6,2602,0,0,0,0
7,2649,1,13,0,0
8,22,1,2646,0,1
9,2,0,2595,0,0
10,7,0,2775,0,3
11,1,2927,0,0,0
12,0,0,0,0,2995
13,26,0,3611,0,0
14,0,2,0,0,3551
15,0,0,0,0,3660
16,5,0,3804,0,6
17,5,0,3899,0,0
18,3811,9,19,0,3
19,3870,2,17,0,1
20,4116,0,9,0,1
21,0,26,11,0,4283
22,4,0,4855,0,0
23,2,18,0,0,4478
24,178,0,4676,0,0
25,7,1,5014,0,0
26,4934,2,7,0,4
27,5017,4,22,0,5
28,78,0,5260,0,2
29,3,0,5588,0,1
30,15,0,5799,0,0
31,5778,3,10,0,5
32,5949,1,37,0,0
33,13,3,5991,0,0
34,11,4,6021,0,1
35,6029,2,18,0,2
36,0,6410,1,0,9
37,6283,4,19,0,1
38,1,6996,0,0,8
39,3,7030,0,0,4
40,7412,4,26,0,6
41,7589,4,26,0,9
42,8742,2,49,0,0
43,0,36,3,0,9032
44,17,0,9168,0,0
45,9132,10,42,0,3
46,9114,5,36,0,2
47,9873,4,47,0,4
48,8,1,9901,0,2
49,10111,1,34,0,4
50,1,10719,0,0,10
51,2,55,22,0,10671
52,38,0,13732,0,0
53,5,31,2,0,13157
54,13801,3,29,0,3
55,0,14699,0,0,16
56,9,92,1,0,14709
57,160,0,14877,0,4
58,14539,13,49,0,10
59,31,1,15118,0,1
60,14740,5,68,0,7
61,21,1,15197,0,1
62,14798,2,60,0,4
63,0,15442,0,0,18
64,15713,2,151,0,14
65,19,0,17369,0,6
66,34,3,17198,0,5
67,0,17127,3,0,16
68,1,46,2,0,17469
69,17705,6,41,0,2
70,17320,4,35,0,2
71,4,56,4,0,17372
72,3,37,0,0,17651
73,1,36,5,0,17703
74,3,27,0,0,17655
75,2,27,6,0,17812
76,5,70,2,0,17943
77,18168,0,23,0,4
78,152,1,18017,0,7
79,16,0,18086,0,11
80,17,0,18346,0,1
81,18349,5,46,0,4
82,19167,5,58,0,1
83,19494,5,41,0,3
84,19500,6,31,0,2
85,1,99,1,0,18982
86,5,20029,1,0,15
87,22,69,4,0,19659
88,49,0,19945,0,2
89,21,4,19791,0,0
90,6,20516,13,0,16
91,5,21271,2,0,10
92,8,71,24,0,21037
93,18,94,7,0,21628
94,0,22571,1,0,34
95,4,22874,0,0,39
96,7,23405,3,0,31
97,23152,29,65,0,25
98,1,24030,0,0,27
99,24425,4,67,0,4
100,24483,5,76,0,5
101,47,1,25018,0,0
102,19,0,24786,0,6
103,17,0,24466,0,2
104,37,3,24365,0,1
105,24369,4,77,0,6
106,25,0,24989,0,3
107,45,5,25163,0,1
108,9,24866,84,0,60
109,2,25577,0,0,28
110,25842,5,44,0,11
111,28,0,26542,0,4
112,26,0,26315,0,4
113,27,0,26471,0,37
114,26450,6,69,0,8
115,26322,4,55,0,7
116,8,80,2,0,26332
117,3,86,1,0,26414
118,3,100,0,0,26096
119,4,26696,2,0,43
120,8,27641,0,0,20
121,15,118,1,0,27793
122,5,88,1,0,27574
123,1,28177,2,0,31
124,28405,7,58,0,8
125,34,0,29454,0,4
126,29010,6,83,0,12
127,28976,3,87,0,8
128,2,29546,0,0,30
129,29242,5,74,0,8
130,38,0,30124,0,1
131,28953,15,124,0,18
132,3,30545,1,0,32
133,6,30524,0,0,34
134,30939,8,67,0,15
135,51,0,30680,0,3
136,30460,10,74,0,10
137,27,4,30864,0,6
138,5,31252,11,0,31
139,7,31787,0,0,31
140,31782,9,58,0,14
141,31423,6,96,0,8
142,1,32427,2,0,56
143,32357,6,83,0,5
144,20,3,32836,0,4
145,3,32514,2,0,27
146,7,32284,1,0,37
147,19,32377,3,0,54
148,7,32738,0,0,44
149,31865,9,49,0,14
150,4,33691,1,0,29
151,2,34053,1,0,49
152,34101,7,57,0,4
153,29,1,34186,0,3
154,5,34241,2,0,42
155,34270,5,101,0,9
156,15,25,34720,0,1
157,33959,12,87,0,9
158,35,0,34987,0,9
159,33520,10,96,0,21
160,26,0,35299,0,0
161,5,159,7,0,33208
162,7,241,10,0,34602
163,25,126,9,0,35448
164,6,36247,2,0,33
165,35403,14,101,0,4
166,260,0,36291,0,7
167,32,1,36606,0,0
168,2,129,3,0,33037
169,8,89,5,0,35814
170,12,84,30,0,36949
171,48,0,37264,0,7
172,41,0,37305,0,8
173,285,2,37022,0,8
174,36,3,37689,0,6
175,36925,6,124,0,13
176,37863,10,128,0,19
177,15,0,38122,0,1
178,37700,7,174,0,12
179,24,0,38448,0,1
180,38510,9,165,0,21
181,3,39784,2,0,28
182,39607,12,162,0,16
183,39389,14,127,0,8
184,4,40303,3,0,31
185,39243,6,762,0,11
186,39030,6,129,0,11
187,6,40531,3,0,30
188,9,168,8,0,38431
189,2,40721,0,0,45
190,2,40867,0,0,37
191,6,40998,0,0,32
192,12,194,11,0,40191
193,1,41963,4,0,28
194,12,146,7,0,40795
195,3,42452,0,0,27
196,41800,7,102,0,12
197,38,0,42148,0,15
198,68,2,41971,0,0
199,40759,13,157,0,8
200,78,8,41769,0,6
201,5,42891,0,0,62
202,42814,11,105,0,9
203,47,4,43950,0,17
204,43,1,43838,0,4
205,43350,11,152,0,18
206,72,0,44243,0,3
207,44524,11,178,0,17
208,7,28152,4,0,17037
209,75,0,45557,0,14
210,44660,8,113,0,13
211,44564,10,142,0,10
212,45639,9,132,0,13
213,43,0,46054,0,11
214,45374,7,140,0,15
215,1,46851,2,0,43
216,46081,16,145,0,220
217,46463,5,215,0,7
218,32,0,47946,0,5
219,54,0,49320,0,8
220,49681,8,93,0,10
221,49889,10,269,0,10
222,50070,21,168,0,13
223,50198,8,245,0,10
224,41,0,50472,0,3
225,12,97,12,0,42965
226,48253,4,74,0,12
227,23,170,8,0,47955
228,5,49794,1,0,42
229,5,51261,0,0,27
230,15,170,8,0,50363
231,4,52528,3,0,77
232,7,129,11,0,52711
233,53552,2,61,0,2
234,52410,12,163,0,4
235,2,52402,2,0,22
236,19,190,17,0,50925
237,13,198,9,0,50211
238,1,53081,4,0,36
239,8,53714,2,0,45
240,13,53934,1,0,66
241,25,202,13,0,52693
242,9,55282,1,0,57
243,55531,16,153,0,15
244,93,12,56501,0,12
245,54507,9,175,0,21
246,117,214,12,0,53399
247,1,52862,2,0,1957
248,52571,14,121,0,16
249,2,56634,2,0,31
250,8,256,3,0,55169
251,6,57581,0,0,32
252,19,220,9,0,55333
253,11,860,8,0,54665
254,26,146,55,0,56190
255,81,0,57016,0,21
256,63,16,56694,0,8
257,8,56945,7,0,83
258,57251,10,157,0,26
259,56326,9,202,0,17
260,3,56872,3,0,93
261,113,9,56127,0,15
262,54776,7,178,0,27
263,4,55867,2,0,30
264,14,53904,0,0,79
265,30,54541,1,0,29
266,12,55673,2,0,50
267,13,376,8,0,54587
268,10,56906,8,0,97
269,94,1,56664,0,6
270,19,195,5,0,54537
271,3,56414,1,0,46
272,55899,20,209,0,17
273,3,58376,0,0,75
274,57941,9,626,0,4
275,57987,9,130,0,1
276,2,68,7,0,58143
277,58514,9,60,0,8
278,58308,9,69,0,23
279,57773,12,126,0,4
280,56365,21,167,0,4
281,56214,14,97,0,3
282,4,86,10,0,57104
283,57105,3,76,0,10
284,99,1,56906,0,6
285,56,1,56513,0,10
286,56,1,56050,0,10
287,64,3,55301,0,10
288,58,0,54687,0,8
289,92,21,54180,0,4
290,4,55873,8,0,62
291,56393,5,182,0,8
292,57708,8,170,0,13
293,10,57578,1,0,60
294,9,124,12,0,58177
295,57873,25,401,0,10
296,57446,17,178,0,18
297,57148,20,145,0,4
298,304,1,57139,0,2
299,115,6,56931,0,4
300,56535,15,217,0,12
301,56006,29,281,0,8
302,78,2,55119,0,4
303,6,54908,3,0,42
304,7,205,20,0,53651
305,5,57648,1,0,40
306,15,117,11,0,58643
307,60476,10,189,0,3
308,8,155,10,0,60271
309,5,97,7,0,60842
310,61284,11,120,0,17
311,44,5,61495,0,4
312,60294,10,369,0,16
313,8,108,10,0,60137
314,59203,12,261,0,14
315,8,60629,1,0,82
316,59657,9,213,0,8
317,45,5,59504,0,6
318,86,3,58373,0,20
319,74,1,57574,0,9
320,68,12,57223,0,5
321,12,58548,24,0,59
322,60262,14,119,0,26
323,61,7,62020,0,3
324,60825,14,197,0,23
325,6,186,16,0,61268
326,80,4,62454,0,17
327,62467,14,185,0,26
328,5,138,9,0,61897
329,62314,7,200,0,16
330,4,63091,10,0,54
331,62739,26,198,0,36
332,144,1,67530,0,6
333,6,110,15,0,64022
334,66228,13,77,0,8
335,18,110,17,0,65749
336,4,116,155,0,67316
337,67937,29,339,0,7
338,41,0,67729,0,3
339,66320,9,168,0,17
340,66281,11,258,0,12
341,62,3,66045,0,12
342,64004,19,226,0,19
343,5,65254,1,0,58
344,65398,19,198,0,16
345,7,88,14,0,63961
346,65449,18,103,0,14
347,73,0,64947,0,10
348,63534,19,161,0,10
349,19,110,14,0,62428
350,14,210,8,0,63305
351,21,198,11,0,64217
352,181,9,63700,0,7
353,13,62922,11,0,83
354,10,64739,0,0,84
355,65341,13,213,0,50
356,163,3,65536,0,10
357,49,3,66068,0,5
358,65660,44,181,0,11
359,66311,7,279,0,19
360,83,2,66616,0,10
361,65549,12,194,0,10
362,22,129,11,0,65105
363,363,1,65496,0,11
364,52,2,65781,0,6
365,66061,15,228,0,30
366,65919,12,443,0,12
367,65742,16,232,0,25
368,5,66928,12,0,48
369,20,66737,1,0,60
370,67642,16,198,0,14
371,67208,17,113,0,12
372,66895,12,143,0,9
373,66300,12,211,0,4
374,66258,14,132,0,1
375,6,60,12,0,66546
376,54,0,67636,0,6
377,64875,14,159,0,22
378,11,1716,6,0,64881
379,66287,11,149,0,16
380,435,2,66319,0,14
381,41,3,65777,0,11
382,387,1,65119,0,5
383,65,7,65344,0,11
384,194,0,65370,0,4
385,63667,10,293,0,35
386,65951,11,260,0,107
387,29,192,40,0,64898
388,17,163,22,0,66465
389,46,3,66539,0,31
390,109,6,64594,0,10
391,65195,15,244,0,33
392,54,0,65360,0,15
393,95,7,66149,0,4
394,11,240,15,0,58944
395,9,170,8,0,63921
396,14,170,14,0,66605
397,15,85,19,0,67995
398,67739,9,51,0,5
399,18,192,15,0,67195
400,11,120,14,0,68068
401,68427,13,112,0,11
402,68765,16,166,0,11
403,68509,9,390,0,4
404,61,0,69190,0,4
405,7,80,3,0,65066
406,68657,11,113,0,9
407,68920,11,196,0,12
408,68445,17,277,0,12
409,67864,25,247,0,30
410,4,70219,0,0,76
411,69575,16,204,0,16
412,76,1,70633,0,3
413,29,125,3,0,65764
414,69779,1,144,0,21
415,39,192,74,0,69749
416,84,7,70075,0,10
417,70346,11,210,0,27
418,36,178,11,0,68631
419,15,70403,2,0,74
420,70107,13,153,0,10
421,69,2,69327,0,9
422,107,6,68931,0,12
423,175,148,13,0,64041
424,67172,7,186,0,30
425,9,68261,10,0,79
426,12,68641,3,0,121
427,19,69478,3,0,59
428,70711,19,155,0,51
429,1,163,10,0,71119
430,71318,16,117,0,9
431,46,3,70927,0,12
432,70120,12,206,0,22
433,70500,9,215,0,14
434,69554,15,196,0,6
435,21,175,12,0,68290
436,10,70149,0,0,44
437,26,338,19,0,68814
438,89,0,69662,0,5
439,25,245,20,0,67229
440,113,10,68214,0,31
441,80,6,68128,0,27
442,68786,16,233,0,26
443,0,69717,2,0,70
444,69838,17,171,0,20
445,9,94,4,0,70015
446,70339,5,115,0,16
447,69565,13,463,0,29
448,69552,10,279,0,16
449,64,4,70191,0,2
450,5,70761,4,0,88
451,9,123,7,0,70837
452,71897,30,222,0,14
453,14,136,28,0,69951
454,71734,13,188,0,86
455,594,4,70854,0,6
456,97,6,71680,0,4
457,7,168,22,0,66658
458,69639,15,155,0,10
459,6,70965,9,0,73
460,70518,12,238,0,19
461,48,2,76306,0,7
462,10,227,12,0,73034
463,75119,25,150,0,13
464,49,149,24,0,75717
465,13,322,19,0,76619
466,77841,26,139,0,28
467,77,10,78119,0,1
468,11,195,8,0,74835
469,76140,20,135,0,17
470,465,6,73113,0,11
471,69,3,75024,0,8
472,73897,7,340,0,41
473,5,76357,5,0,73
474,15,76821,0,0,95
475,21,237,8,0,76865
476,76980,11,171,0,8
477,7,76884,4,0,96
478,73834,67,254,0,28
479,17,77261,2,0,115
480,11,76434,6,0,80
481,75789,11,202,0,93
482,69,0,75005,0,4
483,49,280,20,0,73075
484,5,74432,2,0,75
485,75013,10,272,0,48
486,76481,16,395,0,16
487,9,78188,0,0,77
488,78005,19,208,0,173
489,6,96,15,0,78763
490,77381,13,123,0,12
491,77163,14,308,0,7
492,15,205,18,0,77848
493,29,197,8,0,78146
494,503,2,77445,0,19
495,61,5,77276,0,11
496,78814,14,229,0,11
497,79271,43,306,0,48
498,62,0,79875,0,10
499,79420,15,229,0,17
500,79396,10,274,0,9
501,78897,19,387,0,12
502,13,237,13,0,78337
503,12,80640,0,0,72
504,15,194,18,0,79672
505,72,3,80035,0,5
506,21,314,15,0,79124
507,36,281,29,0,79778
508,106,2,79483,0,12
509,77427,23,347,0,67
510,8,78869,0,0,64
511,43,307,75,0,79331
512,17,81641,1,0,56
513,81188,28,255,0,48
514,80,9,81243,0,9
515,18,80948,11,0,95
516,31,276,18,0,80591
517,26,274,28,0,81877
518,702,5,81186,0,15
519,68,4,81543,0,2
520,41,302,17,0,79445
521,95,275,15,0,80840
522,109,30,79405,0,5
523,6,79252,15,0,112
524,79738,14,178,0,32
525,3,80475,3,0,85
526,5,273,21,0,81450
527,15,238,12,0,82264
528,14,144,14,0,83547
529,83829,11,126,0,17
530,83181,36,157,0,12
531,81909,10,130,0,9
532,10,151,9,0,81261
533,10,207,19,0,82179
534,19,250,29,0,81436
535,28,1105,15,0,79977
536,11,81846,4,0,92
537,15,82663,1,0,208
538,41,167,9,0,83336
539,84492,17,145,0,12
540,16,213,30,0,83289
541,9,205,19,0,84105
542,84136,18,142,0,34
543,70,0,83921,0,2
544,33,379,5,0,81133
545,17,83393,8,0,86
546,27,83861,4,0,87
547,43,213,13,0,85283
548,88055,14,161,0,41
549,22,241,60,0,85923
550,42,255,14,0,87279
551,92,1,88479,0,16
552,88142,22,509,0,121
553,86646,12,1174,0,19
554,85688,19,369,0,24
555,9,86938,0,0,108
556,23,280,16,0,83849
557,132,6,83960,0,8
558,29,219,22,0,81790
559,82507,18,190,0,64
560,4,82674,12,0,95
561,12,82826,3,0,113
562,83536,27,211,0,52
563,63,4,83733,0,10
564,7,121,4,0,82589
565,84362,10,101,0,5
566,83040,21,200,0,21
567,83012,13,249,0,14
568,83015,32,185,0,9
569,8,185,10,0,82126
570,7,115,2,0,84197
571,85359,10,89,0,13
572,84255,18,205,0,15
573,83479,12,399,0,86
574,69,4,80739,0,5
575,15,79188,14,0,105
576,26,80753,2,0,92
577,82352,27,307,0,37
578,81,2,82384,0,7
579,68,0,82592,0,6
580,82064,23,851,0,29
581,83059,16,401,0,5
582,11,169,13,0,79994
583,97,2,80349,0,12
584,121,21,80214,0,13
585,78666,25,287,0,13
586,67,190,20,0,77752
587,115,2,76648,0,9
588,104,18,74673,0,16
589,8,74301,22,0,93
590,21,75471,4,0,81
591,33,78955,4,0,108
592,80370,27,141,0,88
593,79952,22,166,0,15
594,80692,18,207,0,8
595,81286,13,340,0,18
596,47,0,81900,0,3
597,11,258,6,0,78851
598,13,173,22,0,80896
599,82993,21,223,0,19
600,82470,32,248,0,44
601,81525,29,297,0,7
602,7,83183,1,0,68
603,81798,25,128,0,16
604,80789,21,258,0,20
605,34,155,22,0,79404
606,103,0,80275,0,14
607,92,35,79213,0,12
608,19,77938,21,0,145
609,16,80414,3,0,176
610,82235,15,185,0,26
611,23,315,15,0,79503
612,61,304,24,0,81985
613,96,4,81910,0,17
614,82150,17,310,0,81
615,7,81815,1,0,82
616,85772,29,349,0,47
617,82,2,86301,0,12
618,85269,16,373,0,28
619,85871,25,377,0,34
620,32,0,85803,0,16
621,86388,21,258,0,61
622,88071,25,287,0,11
623,88224,22,351,0,11
624,88587,33,213,0,18
625,88823,22,226,0,6
626,88440,21,332,0,5
627,15,136,13,0,87310
628,89533,19,139,0,30
629,89262,27,262,0,22
630,88965,14,260,0,11
631,88556,19,292,0,49
632,82,3,85502,0,5
633,4,87995,1,0,57
634,88401,7,337,0,8
635,21,188,49,0,85131
636,43,304,24,0,86831
637,90007,11,203,0,24
638,84,16,88689,0,7
639,28,149,15,0,86150
640,90458,18,254,0,26
641,90,5,89088,0,11
642,88906,24,223,0,48
643,89300,23,269,0,17
644,87235,14,195,0,12
645,9,186,29,0,83046
646,19,274,15,0,85091
647,32,223,14,0,86929
648,88,7,88892,0,6
649,45,218,6,0,85472
650,88276,12,244,0,9
651,21,88895,4,0,85
652,89798,45,349,0,46
653,88,1,90057,0,12
654,89367,24,256,0,82
655,89423,20,354,0,41
656,88861,10,416,0,14
657,25,205,9,0,87602
658,674,0,89005,0,27
659,67,2,90007,0,14
660,89330,107,311,0,65
661,89486,21,458,0,19
662,88675,25,352,0,56
663,88033,25,448,0,36
664,189,3,86939,0,32
665,205,5,86508,0,11
666,86912,14,347,0,40
667,86314,16,345,0,43
668,74,1,82226,0,27
669,98,4,83053,0,20
670,88334,22,284,0,28
671,89394,11,385,0,17
672,88736,21,216,0,14
673,89067,16,251,0,18
674,87833,13,223,0,8
675,15,360,12,0,84956
676,15,242,6,0,85501
677,60,304,24,0,83204
678,14,87048,0,0,90
679,88960,14,285,0,10
680,88775,10,275,0,17
681,88497,49,201,0,14
682,88993,57,268,0,3
683,86886,4,308,0,5
684,22,157,21,0,79542
685,15,85798,5,0,118
686,267,6,83320,0,28
687,155,7,81632,0,20
688,163,49,82033,0,6
689,12,82450,7,0,83
690,16,86606,2,0,145
691,34,319,15,0,88132
692,106,4,90154,0,17
693,90571,17,320,0,49
694,90816,25,291,0,20
695,91717,29,408,0,24
696,89968,17,256,0,12
697,7,294,21,0,85348
698,14,90918,2,0,92
699,32,91371,3,0,108
700,92709,22,227,0,41
701,12,244,14,0,90177
702,92007,18,288,0,26
703,3,93478,9,0,91
704,94055,16,217,0,15
705,94151,14,302,0,18
706,14,143,23,0,88442
707,89301,11,167,0,30
708,37,90199,3,0,81
709,57,396,27,0,81595
710,15,91632,7,0,109
711,21,92498,2,0,100
712,90511,30,204,0,39
713,116,1,90923,0,7
714,20,178,14,0,84409
715,90022,8,152,0,10
716,39,223,29,0,86376
717,28,956,30,0,86092
718,39,324,23,0,86853
719,97,8,87173,0,7
720,6,87043,6,0,109
721,7,88041,2,0,81
722,86530,40,228,0,44
723,17,153,24,0,85491
724,87399,15,151,0,6
725,87448,22,194,0,24
726,86907,101,323,0,27
727,86,0,89030,0,9
728,89647,24,520,0,20
729,90674,20,256,0,11
730,90420,32,262,0,45
731,90032,30,346,0,31
732,89419,51,517,0,13
733,89492,33,553,0,33
734,275,1,88864,0,15
735,88470,14,439,0,25
736,3,89163,3,0,67
737,87292,35,385,0,63
738,89,7,91159,0,7
739,49,223,23,0,89222
740,89777,13,227,0,67
741,5,91327,8,0,62
742,21,194,16,0,90191
743,93372,14,222,0,20
744,92048,35,220,0,21
745,91057,36,283,0,15
746,71,220,17,0,88975
747,104,2,88250,0,16
748,100,1,87999,0,22
749,88100,18,339,0,33
750,72,0,88197,0,16
751,87761,32,253,0,20
752,88293,30,183,0,20
753,89040,14,321,0,19
754,88576,11,424,0,31
755,15,208,23,0,85907
756,49,152,17,0,88892
757,90458,20,279,0,22
758,82,11,89412,0,7
759,19,176,7,0,86239
760,89655,14,180,0,50
761,75,0,89533,0,7
762,87331,16,299,0,42
763,13,300,15,0,87335
764,39,284,15,0,86776
765,49,308,29,0,86422
766,9,89591,0,0,47
767,90722,25,299,0,18
768,80,0,89108,0,14
769,89268,28,365,0,86
770,97,1,89315,0,4
771,89220,10,406,0,24
772,88996,6,411,0,19
773,7,89404,0,0,78
774,43,280,10,0,87890
775,21,199,16,0,90455
776,91874,11,175,0,23
777,91092,18,330,0,16
778,5,91699,0,0,202
779,91463,16,282,0,34
780,90920,29,310,0,9
781,85,2,89780,0,16
782,88606,5,455,0,28
783,103,1,88511,0,21
784,87170,15,414,0,32
785,87361,15,257,0,21
786,1,87920,0,0,97
787,31,350,17,0,83341
788,18,87815,0,0,87
789,89618,18,203,0,24
790,88321,20,558,0,23
791,59,6,87342,0,7
792,84711,13,478,0,23
793,5,84848,2,0,96
794,24,396,29,0,80937
795,36,327,24,0,80086
796,16,85775,0,0,84
797,31,212,16,0,85153
798,495,3,85941,0,23
799,550,11,84887,0,20
800,169,2,87420,0,12
801,88508,14,372,0,32
802,87165,28,366,0,32
803,77,0,87088,0,4
804,12,351,17,0,83564
805,14,325,15,0,84923
806,7,87240,5,0,110
807,87471,96,260,0,12
808,87013,11,288,0,5
809,12,181,8,0,86974
810,12,163,18,0,88042
811,89145,19,189,0,21
812,562,1,87414,0,18
813,84,5,87858,0,18
814,87685,10,369,0,41
815,87488,17,378,0,36
816,25,155,5,0,87260
817,85342,8,210,0,21
818,11,88039,11,0,97
819,16,86580,2,0,406
820,84892,478,300,0,78
821,6,88273,2,0,100
822,87103,15,244,0,14
823,22,323,17,0,83800
824,16,85719,8,0,99
825,16,85235,5,0,82
826,18,85621,0,0,171
827,163,54,86059,0,26
828,8,85402,3,0,103
829,85313,22,217,0,29
830,98,10,86238,0,19
831,513,5,85518,0,15
832,146,1,86130,0,7
833,10,310,10,0,83521
834,27,121,13,0,86767
835,87411,17,163,0,75
836,87915,22,197,0,34
837,87765,24,197,0,9
838,87147,20,452,0,17
839,87468,15,223,0,4
840,86154,32,559,0,18
841,43,3,87399,0,6
842,84373,14,3121,0,23
843,88113,18,403,0,10
844,88597,25,233,0,21
845,87812,16,188,0,10
846,87599,15,291,0,14
847,86747,11,185,0,8
848,18,163,16,0,84066
849,22,88701,0,0,79
850,88654,29,236,0,14
851,125,3,88262,0,11
852,28,152,19,0,86485
853,88846,21,312,0,16
854,88360,22,349,0,71
855,4,90655,1,0,154
856,90354,20,337,0,29
857,100,0,94863,0,8
858,25,498,12,0,90974
859,92284,10,223,0,16
860,12,94576,11,0,151
861,53,23721,54,0,69984
862,698,5,97015,0,21
863,129,4,97412,0,13
864,97400,11,327,0,23
865,11,227,14,0,97241
866,111,24,94046,0,4
867,21,238,9,0,89059
868,92190,9,382,0,19
869,219,7,92120,0,18
870,100,0,92505,0,1
871,17,242,37,0,83733
872,104,0,89365,0,7
873,89606,21,353,0,50
874,28,207,15,0,90521
875,134,7,91646,0,4
876,6,91565,7,0,138
877,90993,10,1505,0,27
878,18,166,18,0,92299
879,92350,16,173,0,5
880,20,276,21,0,91685
881,23,249,45,0,92126
882,28,252,22,0,91691
883,15,233,19,0,91197
884,48,336,20,0,90819
885,15,93240,0,0,57
886,92837,21,258,0,12
887,87,0,92118,0,10
888,10,404,11,0,89656
889,21,447,11,0,88231
890,16,90538,4,0,149
891,16,89941,3,0,104
892,24,89793,0,0,117
893,25,91345,0,0,142
894,13,205,12,0,91953
895,93518,6,281,0,43
896,115,2,94737,0,49
897,93702,16,289,0,23
898,6,139,12,0,93788
899,94065,9,222,0,12
900,92951,25,253,0,27
901,103,1,92448,0,3
902,72,2,91972,0,11
903,90663,24,282,0,24
904,7,91739,3,0,83
905,19,434,28,0,89317
906,79,273,17,0,90478
907,17,93685,0,0,143
908,93786,15,289,0,19
909,94,2,93527,0,14
910,86,3,93947,0,11
911,93864,17,331,0,18
912,93855,27,424,0,26
913,108,5,96281,0,5
914,30,175,26,0,91527
915,96451,11,187,0,15
916,25,188,15,0,96771
917,95849,18,178,0,36
918,5,97179,9,0,129
919,7,246,17,0,95849
920,106,6,97333,0,16
921,12,96950,15,0,95
922,95479,13,210,0,45
923,18,484,26,0,94807
924,60,275,29,0,94330
925,12,95472,2,0,126
926,93779,17,271,0,13
927,7,97007,2,0,71
928,20,97091,1,0,149
929,95863,28,246,0,34
930,10,223,18,0,96704
931,95142,5,194,0,34
932,11,97029,9,0,88
933,9,96998,5,0,88
934,44,259,26,0,96400
935,96986,20,296,0,13
936,70,1,98936,0,8
937,17,142,9,0,95582
938,98303,15,210,0,15
939,11,274,20,0,98268
940,97706,14,174,0,22
941,96633,337,320,0,32
942,96428,20,320,0,17
943,2,98192,2,0,67
944,95683,21,181,0,11
945,94917,17,312,0,6
946,19,201,41,0,92969
947,139,1,94528,0,19
948,93482,15,272,0,41
949,135,0,92688,0,11
950,91403,26,444,0,37
951,2,92406,0,0,77
952,88755,21,332,0,41
953,8,90988,4,0,98
954,34,91328,10,0,98
955,91041,121,247,0,298
956,66,1,91731,0,16
957,70,5,91245,0,20
958,103,8,91203,0,8
959,90746,41,297,0,15
960,21,231,12,0,89334
961,12,226,9,0,91373
962,91295,15,466,0,16
963,76,1,91126,0,7
964,155,7,90652,0,12
965,18,181,11,0,86490
966,89632,23,191,0,14
967,29,253,32,0,87870
968,22,91359,2,0,125
969,91260,28,272,0,30
970,88,4,92977,0,7
971,17,194,16,0,91646
972,92326,11,148,0,5
973,2,93341,6,0,97
974,91996,39,188,0,20
975,90924,13,306,0,33
976,16,265,24,0,90281
977,131,3,90839,0,6
978,32,226,22,0,87488
979,143,15,87202,0,5
980,19,85701,13,0,95
981,39,360,18,0,86600
982,62,309,27,0,86362
983,20,87371,4,0,147
984,6,87324,5,0,123
985,88452,18,232,0,48
986,4,89645,2,0,105
987,86751,22,3026,0,47
988,652,5,88048,0,13
989,124,2,86064,0,23
990,104,5,87801,0,15
991,86937,18,308,0,29
992,28,168,12,0,86815
993,132,1,88023,0,15
994,93,4,87977,0,9
995,83890,12,3462,0,55
996,87586,34,352,0,11
997,87240,25,481,0,23
998,110,2,87464,0,10
999,93,2,87174,0,20
1000,86313,12,391,0,17
1001,53,306,13,0,85041
1002,10,86038,2,0,118
1003,84644,26,263,0,32
1004,8,86176,6,0,106
1005,12,87379,2,0,308
1006,88119,14,237,0,52
1007,84,10,86895,0,14
1008,7,87244,15,0,97
1009,89388,15,202,0,40
1010,88171,16,321,0,26
1011,12,87,19,0,88035
1012,88329,15,173,0,7
1013,21,345,21,0,85962
1014,9,278,21,0,86729
1015,42,699,16,0,86418
1016,9,90515,1,0,91
1017,90953,23,201,0,27
1018,90227,11,213,0,25
1019,89909,28,320,0,22
1020,7,91818,32,0,71
1021,22,190,18,0,89665
1022,92411,10,198,0,19
1023,187,11,89483,0,9
1024,5,90868,2,0,98
1025,91253,7,287,0,15
1026,30,414,28,0,90003
1027,95,1,90847,0,19
1028,90514,12,307,0,34
1029,1,91334,3,0,59
1030,91898,22,258,0,25
1031,90956,22,176,0,19
1032,90102,22,286,0,32
1033,90193,21,269,0,14
1034,89837,12,240,0,12
1035,15,262,20,0,88174
1036,6,92047,1,0,132
1037,24,289,26,0,89807
1038,10,141,15,0,91912
1039,92117,20,394,0,22
1040,68,0,91239,0,5
1041,89640,13,358,0,18
1042,50,1,91540,0,9
1043,11,90124,11,0,92
1044,2,90514,3,0,58
1045,22,359,138,0,89165
1046,5,239,17,0,91152
1047,92390,50,167,0,61
1048,22,175,15,0,92495
1049,92886,19,179,0,26
1050,92,4,92729,0,13
1051,88492,22,200,0,22
1052,88412,26,393,0,11
1053,88233,63,333,0,16
1054,86444,68,338,0,26
1055,3,89926,0,0,67
1056,89698,15,242,0,20
1057,88883,11,243,0,20
1058,88652,23,253,0,24
1059,88602,22,278,0,6
1060,15,179,14,0,83983
1061,18,87819,7,0,1573
1062,29,89778,4,0,83
1063,89804,31,233,0,26
1064,49,0,89351,0,9
1065,88642,14,249,0,34
1066,88967,60,376,0,15
1067,88977,21,271,0,7
1068,5,95,32,0,87207
1069,89823,8,130,0,5
1070,88611,38,313,0,15
1071,15,187,27,0,86158
1072,27,181,17,0,85740
1073,88835,11,151,0,5
1074,28,220,18,0,81667
1075,8,88069,0,0,68
1076,32,264,26,0,85737
1077,90232,13,150,0,5
1078,31,196,30,0,84946
1079,11,90732,3,0,77
1080,91386,28,228,0,39
1081,91557,16,266,0,15
1082,5,105,13,0,90237
1083,90814,17,167,0,22
1084,10,92163,2,0,752
1085,91700,29,296,0,23
1086,22,191,10,0,88882
1087,579,3,90299,0,15
1088,199,1,90426,0,12
1089,88978,14,341,0,30
1090,23,188,37,0,87835
1091,102,0,89409,0,14
1092,87536,18,232,0,13
1093,14,175,14,0,86922
1094,39,1524,13,0,86638
1095,26,190,27,0,88439
1096,54,5,91027,0,6
1097,20,169,4,0,86019
1098,89927,15,211,0,10
1099,33,231,17,0,88860
1100,98,13,90303,0,10
1101,25,231,13,0,85659
1102,88064,6,258,0,159
1103,74,4,88491,0,18
1104,91,5,87408,0,8
1105,85389,62,285,0,25
1106,35,193,13,0,83574
1107,18,83948,1,0,89
1108,36,177,25,0,82263
1109,74,2,82802,0,14
1110,81902,7,234,0,59
1111,3,83972,2,0,88
1112,48,201,13,0,84262
1113,0,141,13,0,84483
1114,85002,12,147,0,23
1115,171,0,84946,0,10
1116,84181,10,289,0,55
1117,85092,22,331,0,24
1118,83850,18,350,0,15
1119,19,122,25,0,83791
1120,83953,25,176,0,12
1121,527,1,83557,0,19
1122,81,1,81362,0,9
1123,106,28,80650,0,16
1124,14,80736,8,0,88
1125,83185,19,288,0,31
1126,89,47,84164,0,16
1127,4,82905,179,0,70
1128,84274,19,209,0,14
1129,9,162,36,0,83844
1130,83107,17,169,0,24
1131,51,4,83316,0,10
1132,82869,7,281,0,18
1133,98,2,82444,0,16
1134,8,82400,8,0,187
1135,83199,30,434,0,16
1136,82670,33,229,0,110
1137,82973,13,201,0,27
1138,83159,13,268,0,82
1139,83947,19,223,0,17
1140,4,193,15,0,83271
1141,83959,40,136,0,11
1142,107,0,83710,0,14
1143,82638,6,291,0,21
1144,483,0,82207,0,24
1145,79,0,81820,0,7
1146,82092,18,334,0,36
1147,81429,8,368,0,19
1148,10,80734,2,0,126
1149,22,188,24,0,79621
1150,494,2,81721,0,3
1151,82447,24,326,0,46
1152,146,3,81548,0,8
1153,82095,16,832,0,109
1154,80771,39,329,0,19
1155,29,80461,8,0,103
1156,78775,14,231,0,26
1157,4,81678,1,0,87
1158,81610,19,266,0,20
1159,27,219,33,0,77717
1160,14,81768,5,0,95
1161,30,163,22,0,81287
1162,101,0,82751,0,3
1163,7,204,7,0,81997
1164,13,100,9,0,82057
1165,83890,17,431,0,21
1166,82131,10,224,0,25
1167,81259,13,343,0,7
1168,38,2,82385,0,9
1169,22,138,27,0,74375
1170,407,2,78569,0,7
1171,387,8,77707,0,24
1172,406,11,77898,0,22
1173,119,6,78698,0,19
1174,78656,17,252,0,38
1175,14,257,27,0,78982
1176,19,211,16,0,78837
1177,33,220,11,0,78323
1178,76125,13,182,0,22
1179,5,78410,5,0,93
1180,10,76229,2,0,88
1181,76111,32,197,0,46
1182,1,76584,0,0,64
1183,74790,23,223,0,35
1184,4,77091,0,0,113
1185,12,75927,4,0,78
1186,76584,43,172,0,54
1187,97,2,76902,0,18
1188,77530,22,285,0,21
1189,15,145,12,0,76699
1190,78342,244,113,0,19
1191,78442,51,199,0,17
1192,77755,21,481,0,17
1193,77640,18,251,0,18
1194,76317,21,191,0,17
1195,73142,111,360,0,14
1196,4,76972,2,0,56
1197,75664,20,204,0,16
1198,68,199,13,0,72895
1199,13,75777,1,0,98
1200,75987,29,243,0,27
1201,60,0,75027,0,6
1202,75522,18,277,0,18
1203,75412,12,319,0,10
1204,74409,17,350,0,40
1205,93,3,71963,0,5
1206,73650,5,176,0,25
1207,68183,13,275,0,14
1208,6,73096,9,0,83
1209,9,70421,1,0,96
1210,56,205,24,0,65205
1211,8,73106,0,0,62
1212,13,73290,0,0,74
1213,73452,10,179,0,28
1214,10,251,24,0,71182
1215,5,209,19,0,70486
1216,28,595,19,0,67899
1217,7,72448,0,0,33
1218,16,243,21,0,70847
1219,14,137,15,0,71286
1220,5,88,16,0,71160
1221,846,1,70298,0,25
1222,40,3,69952,0,4
1223,69280,7,273,0,23
1224,13,101,10,0,69419
1225,444,4,69414,0,23
1226,72,1,68999,0,10
1227,47,2,69352,0,12
1228,23,163,40,0,67751
1229,20,119,21,0,69538
1230,69907,12,277,0,10
1231,17,209,30,0,68855
1232,67,1,69422,0,4
1233,69280,3,326,0,36
1234,67328,5,237,0,27
1235,0,67571,2,0,68
1236,31,187,17,0,62560
1237,10,65447,2,0,95
1238,3,65189,1,0,92
1239,65981,5,154,0,10
1240,139,210,24,0,61987
1241,4,65288,2,0,59
1242,10,64153,2,0,56
1243,15,171,21,0,65181
1244,69,2,65096,0,8
1245,64638,3,202,0,14
1246,9,68,3,0,65054
1247,65286,20,637,0,6
1248,65026,21,164,0,18
1249,64041,13,203,0,8
1250,15,131,19,0,62573
1251,379,3,63444,0,9
1252,70,12,62130,0,10
1253,62084,7,248,0,19
1254,4,63055,4,0,82
1255,62365,15,229,0,21
1256,83,0,61436,0,10
1257,17,71,10,0,60588
1258,60150,11,362,0,12
1259,3,61863,1,0,58
1260,60602,9,287,0,28
1261,63,6,59895,0,11
1262,10,58914,5,0,45
1263,9,59178,0,0,63
1264,12,102,7,0,58076
1265,56779,11,89,0,13
1266,6,70,8,0,56042
1267,56841,8,96,0,12
1268,46,16,56374,0,6
1269,54180,5,324,0,21
1270,51074,3,206,0,6
1271,3,51885,0,0,42
1272,13,100,21,0,49316
1273,52,5,49721,0,4
1274,14,48928,19,0,62
1275,6,49701,3,0,48
1276,50378,9,351,0,35
1277,38,0,50638,0,11
1278,49755,251,204,0,28
1279,50085,10,141,0,5
1280,49776,27,162,0,2
1281,49407,16,190,0,14
1282,83,1,48644,0,1
1283,69,0,48373,0,4
1284,47948,10,245,0,20
1285,6,48947,3,0,63
1286,48447,13,217,0,23
1287,37,2,48128,0,3
1288,7,47946,25,0,50
1289,461,78,14,0,47316
1290,52,1,48120,0,6
1291,41,1,47510,0,10
1292,47625,12,161,0,22
1293,1,46959,1,0,42
1294,29,157,15,0,45959
1295,48,0,46375,0,2
1296,5,145,13,0,44269
1297,22,45080,0,0,59
1298,45408,25,428,0,12
1299,45242,3,113,0,8
1300,5,149,11,0,45279
1301,57,0,45454,0,5
1302,44799,12,173,0,14
1303,6,45251,0,0,141
1304,42984,19,217,0,45
1305,7,61,24,0,42323
1306,41962,4,106,0,10
1307,2,42658,29,0,53
1308,41461,6,193,0,20
1309,79,0,41359,0,4
1310,40191,3,127,0,13
1311,39426,7,179,0,5
1312,46,0,39492,0,4
1313,8,38602,4,0,54
1314,3,83,6,0,38788
1315,37792,13,97,0,9
1316,33,0,37882,0,4
1317,18,76,10,0,35190
1318,270,3,36420,0,10
1319,49,0,36898,0,5
1320,30,2,36835,0,9
1321,36564,3,108,0,20
1322,36482,17,108,0,10
1323,36465,6,140,0,3
1324,36143,6,59,0,8
1325,3,69,12,0,35648
1326,5,53,9,0,36139
1327,36032,8,62,0,7
1328,35166,2,60,0,11
1329,34981,1,79,0,2
1330,3,60,17,0,34208
1331,6,36,5,0,33836
1332,247,2,33242,0,17
1333,30,0,32829,0,6
1334,809,0,31738,0,1
1335,4,32643,5,0,42
1336,32079,6,806,0,5
1337,32294,6,107,0,24
1338,17,1,32421,0,1
1339,16,112,5,0,30584
1340,5,31774,2,0,22
1341,31623,28,138,0,29
1342,18,0,31642,0,6
1343,30973,8,103,0,14
1344,6,56,82,0,30346
1345,16,121,2,0,30556
1346,6,63,4,0,29771
1347,28673,0,49,0,0
1348,7,29340,2,0,45
1349,7,28829,4,0,64
1350,7,28885,2,0,35
1351,27485,9,152,0,26
1352,211,0,27546,0,10
1353,36,0,27463,0,3
1354,31,2,27414,0,7
1355,27034,4,111,0,6
1356,6,74,8,0,27015
1357,19,36,8,0,27056
1358,27263,6,68,0,8
1359,26990,8,100,0,11
1360,26345,3,158,0,1
1361,21,0,26359,0,4
1362,4,26,4,0,23765
1363,22666,3,72,0,5
1364,22484,8,69,0,12
1365,46,1,22454,0,0
1366,48,4,21798,0,2
1367,1,21588,1,0,21
1368,21092,3,79,0,8
1369,21049,5,56,0,5
1370,5,53,6,0,20824
1371,2,34,3,0,20769
1372,20525,2,46,0,13
1373,3,65,9,0,19962
1374,25,0,20047,0,1
1375,7,35,8,0,19352
1376,19043,34,74,0,6
1377,18388,6,125,0,19
1378,17685,3,53,0,6
1379,1,17849,0,0,11
1380,30,37,4,0,16284
1381,5,17138,2,0,10
1382,1,16245,2,0,21
1383,11,48,6,0,15794
1384,2,22,8,0,15770
1385,15905,1,10,0,3
1386,8,0,15728,0,2
1387,14726,2,108,0,5
1388,71,1,14191,0,3
1389,9,0,13964,0,3
1390,12247,2,69,0,7
1391,12107,2,82,0,0
1392,0,12185,3,0,20
1393,4,12088,3,0,27
1394,12116,2,26,0,2
1395,11970,1,28,0,5
1396,11747,1,40,0,1
1397,7,1,11645,0,0
1398,1,11286,2,0,4
1399,16,2,11031,0,2
1400,1,10821,4,0,22
1401,1,24,2,0,10765
1402,10842,1,33,0,3
1403,10598,2,75,0,4
1404,4,10790,0,0,12
1405,10556,1,127,0,14
1406,10,0,10319,0,0
1407,9809,6,75,0,16
1408,9414,4,95,0,4
1409,8,1,9033,0,3
1410,0,18,1,0,8281
1411,8640,38,44,0,4
1412,8518,4,33,0,9
1413,0,0,0,0,7921
1414,7385,0,0,0,0
1415,0,7740,0,0,1
