pos,---,AAA,AAC,AAG,AAT,ACA,ACC,ACG,ACT,AGA,AGC,AGG,AGT,ATA,ATC,ATG,ATT,CAA,CAC,CAG,CAT,CCA,CCC,CCG,CCT,CGA,CGC,CGG,CGT,CTA,CTC,CTG,CTT,GAA,GAC,GAG,GAT,GCA,GCC,GCG,GCT,GGA,GGC,GGG,GGT,GTA,GTC,GTG,GTT,TAA,TAC,TAG,TAT,TCA,TCC,TCG,TCT,TGA,TGC,TGG,TGT,TTA,TTC,TTG,TTT,other
0,0,0,0,0,0,0,0,0,0,0,0,0,0,0,0,0,0,0,0,0,0,0,0,0,0,0,0,0,0,0,0,0,0,0,0,0,0,0,0,0,0,0,0,0,0,0,0,0,0,0,0,0,0,0,0,0,0,0,0,0,0,0,0,0,0,0
1,0,3,0,0,0,0,0,0,0,0,0,0,0,0,0,0,0,0,0,0,0,0,0,0,0,0,0,0,0,0,0,0,0,2179,0,0,0,0,0,0,0,16,0,0,0,0,0,0,0,0,0,0,0,0,0,0,0,0,0,0,0,0,0,0,0,0
2,0,2446,1,4,0,0,0,0,0,0,0,0,0,0,0,0,0,1,0,0,0,0,0,0,0,0,0,0,0,0,0,0,0,1,0,0,0,0,0,0,0,0,0,0,0,0,0,0,0,0,0,0,0,0,0,0,0,0,0,0,0,0,0,0,0,0
3,0,0,0,0,0,0,0,0,0,0,0,20,0,0,0,0,0,0,0,0,0,0,0,0,0,0,0,1,0,0,0,0,0,0,0,2,0,0,0,0,0,4,0,2304,3,0,0,0,0,0,0,0,0,0,0,0,0,0,0,1,0,0,0,0,0,0
4,0,0,0,0,0,0,0,0,0,0,0,0,0,0,0,0,0,0,0,0,0,0,0,0,0,0,0,0,0,24,0,2780,0,0,0,0,0,0,0,0,0,0,0,0,0,0,0,0,0,0,0,0,0,0,0,0,0,0,0,0,0,0,0,0,0,0
5,0,0,0,0,0,0,0,0,0,0,0,0,0,0,0,0,0,0,0,0,0,0,0,0,0,0,0,0,0,0,0,2,0,0,0,0,0,0,0,0,0,0,0,0,0,0,0,0,0,0,0,0,0,0,0,0,0,0,0,0,0,5,0,3386,6,0
6,0,5,0,0,0,0,0,0,0,0,0,0,0,0,0,0,0,0,0,0,0,0,0,0,0,0,0,0,0,0,0,0,0,3566,2,14,0,8,0,0,0,17,0,0,0,3,0,0,0,0,0,0,0,0,0,0,0,0,0,0,0,0,0,0,0,0
7,0,0,0,0,0,0,0,24,0,0,0,2,0,4,0,3900,0,0,0,0,0,0,0,0,0,0,0,0,0,0,0,0,0,0,0,0,0,0,0,0,0,0,0,0,0,0,0,7,0,0,0,0,0,0,0,0,0,0,0,0,0,0,0,1,0,0
8,0,0,0,0,0,0,0,0,0,0,0,1,0,0,0,0,0,0,0,0,0,0,0,0,0,0,0,18,0,0,0,0,0,0,0,0,0,0,0,0,0,0,0,0,0,0,0,0,0,0,0,159,0,0,0,0,0,5,1,4096,0,0,0,0,0,0
9,0,28,0,4577,2,0,0,3,0,0,0,22,0,0,0,4,0,0,0,1,0,0,0,0,0,0,0,0,0,0,0,0,0,0,0,6,0,0,0,0,0,0,0,0,0,0,0,0,0,0,0,3,0,0,0,0,0,0,0,0,0,0,0,0,0,0
10,0,0,0,0,0,0,0,0,0,3,0,0,0,0,0,0,0,0,0,0,0,0,0,0,0,0,0,0,0,0,0,0,0,15,0,0,0,0,0,0,0,5144,1,8,4,0,0,0,0,0,0,0,0,0,0,0,0,1,0,0,0,0,0,0,0,0
11,0,0,0,12,0,0,0,3,0,10,4,5413,1,0,0,0,0,0,0,0,0,0,0,0,0,0,0,1,0,0,0,0,0,0,0,0,0,0,0,0,0,0,0,35,0,0,0,0,0,0,0,0,0,0,0,0,0,0,0,0,0,0,0,0,0,0
12,0,0,0,0,0,5521,3,15,0,1,0,0,0,8,0,0,0,0,0,0,0,1,0,0,0,0,0,0,0,0,0,0,0,0,0,0,0,15,0,0,0,0,0,0,0,0,0,0,0,0,0,0,0,2,0,0,0,0,0,0,0,0,0,0,0,0
13,0,0,0,0,0,1,0,0,0,0,0,0,0,0,0,0,0,3,0,0,0,6618,4,24,5,0,0,0,0,4,0,0,0,0,0,0,0,0,0,0,0,0,0,0,0,0,0,0,0,0,0,0,0,8,0,0,0,0,0,0,0,0,0,0,0,0
14,0,0,32,3,7100,0,0,0,2,0,0,0,42,0,0,0,0,0,0,0,4,0,0,0,0,0,0,0,0,0,0,0,0,0,1,0,22,0,0,0,0,0,0,0,0,0,0,0,0,0,0,0,9,0,0,0,0,0,0,0,0,0,0,0,0,0
15,0,17,0,0,0,0,0,0,0,0,0,0,0,0,0,0,0,0,0,0,0,0,0,0,0,0,0,0,0,0,0,0,0,8660,4,30,1,7,0,0,0,41,0,0,0,3,0,0,0,0,0,0,0,0,0,0,0,0,0,0,0,0,0,0,0,0
16,0,7,0,0,0,1,0,0,0,9039,1,25,3,2,0,0,0,0,0,0,0,0,0,0,0,4,0,0,0,0,0,0,0,0,0,0,0,0,0,0,0,38,0,1,0,0,0,0,0,0,0,0,0,0,0,0,0,4,0,0,0,0,0,0,0,0
17,0,0,0,0,0,0,0,0,0,0,0,0,0,0,0,0,0,0,0,2,0,0,0,50,0,0,0,3,0,32,0,10110,0,0,0,0,0,0,0,0,0,0,0,0,0,0,0,0,0,0,0,0,0,0,0,1,0,0,0,0,0,0,0,8,0,0
18,0,0,5,0,0,0,0,0,0,0,0,0,0,0,0,0,0,0,29,0,0,0,0,0,0,0,0,0,0,0,0,0,0,0,2,0,0,0,0,0,0,0,0,0,0,0,0,0,0,0,12376,0,11,0,2,0,0,0,23,0,0,0,3,0,0,0
19,0,0,0,0,0,0,0,0,0,9,0,0,0,0,0,0,0,0,0,0,0,0,0,0,0,82,0,0,0,0,0,0,0,0,0,0,0,0,0,0,0,1,0,0,0,0,0,0,0,147,0,1,0,0,0,0,0,13562,13,45,10,4,0,0,0,0
20,0,0,0,27,0,0,0,0,0,0,0,0,0,0,0,0,0,0,0,1,0,0,0,0,0,0,0,0,0,0,0,0,0,19,1,13925,0,0,0,3,0,0,0,61,0,0,0,7,0,0,0,1,0,0,0,0,0,0,0,0,0,0,0,0,0,0
21,0,0,0,0,0,13821,2,112,13,0,0,0,0,16,0,0,0,0,0,0,0,1,0,0,0,0,0,0,0,0,0,0,0,0,0,0,0,53,0,2,0,0,0,0,0,0,0,0,0,0,0,0,0,4,0,0,0,0,0,0,0,0,0,0,0,0
22,0,0,0,0,0,0,0,0,0,0,16,0,0,0,0,0,0,0,0,0,0,0,0,0,0,0,0,0,0,0,0,0,0,0,32,0,0,0,3,0,0,0,16153,2,16,0,5,0,0,0,0,0,0,0,0,0,0,0,6,0,0,0,0,0,0,0
23,0,1,0,0,0,0,0,0,0,0,0,0,0,0,0,0,0,41,0,0,0,0,0,0,0,0,0,0,0,1,0,0,0,2,0,0,0,0,0,0,0,0,0,0,0,0,0,0,0,16263,2,33,0,4,1,0,0,35,0,0,0,1,0,0,0,0
24,0,0,0,0,0,0,0,0,0,0,0,0,0,0,0,0,4,0,0,0,0,0,0,0,0,0,0,0,0,0,0,0,50,0,0,0,0,0,0,0,0,0,0,0,0,0,0,0,4,0,0,0,3,0,0,0,35,0,0,0,0,1,33,5,16366,0
25,0,0,0,0,0,0,0,0,0,0,0,0,0,0,0,0,3,0,0,0,0,0,0,0,0,0,0,0,0,0,0,0,26,0,0,0,0,0,0,0,0,0,0,0,0,0,0,0,0,0,0,0,2,0,0,0,24,0,0,0,6,3,66,1,16584,0
26,0,0,0,142,0,0,0,1,0,16,0,16750,10,0,0,7,0,0,0,0,0,0,0,0,0,0,0,0,0,0,0,0,0,0,0,0,0,0,0,0,0,0,0,20,0,0,0,0,0,0,0,0,0,0,0,0,0,0,0,4,0,0,0,0,0,0
27,0,16,0,0,0,0,0,0,0,0,0,0,0,0,0,0,0,0,0,0,0,0,0,0,0,0,0,0,0,0,0,0,0,17214,4,46,1,5,0,0,0,43,0,0,0,4,0,0,0,1,0,0,0,0,0,0,0,0,0,0,0,0,0,0,0,0
28,0,1,85,1,17755,0,0,0,6,0,0,0,26,0,0,0,2,0,0,0,5,0,0,0,0,0,0,0,0,0,0,0,0,0,0,0,37,0,0,0,0,0,0,0,0,0,0,0,0,0,0,0,3,0,0,0,0,0,0,0,0,0,0,0,0,0
29,0,0,0,0,0,0,0,0,0,0,0,0,0,0,0,5,0,0,0,19,0,0,0,66,0,0,0,4,0,47,0,18376,2,0,0,0,0,0,0,0,0,0,0,0,0,0,0,1,0,0,0,0,0,0,0,0,0,0,0,0,0,0,0,13,0,0
30,0,0,0,0,0,0,18,0,0,0,0,0,0,0,0,0,0,0,0,0,0,0,4,0,0,0,0,0,0,0,0,0,0,0,5,0,0,4,18376,0,10,0,10,0,0,0,15,0,0,0,0,0,0,0,0,0,0,0,0,0,0,0,0,0,0,0
31,0,0,0,0,0,0,0,0,0,0,0,0,0,0,7,0,0,0,0,0,0,0,0,0,0,0,0,0,0,0,64,0,0,0,0,0,0,0,0,0,0,0,0,0,0,0,21,0,0,0,17,0,0,0,83,0,0,0,2,0,0,0,19333,1,30,0
32,0,0,0,0,0,3,0,0,0,0,0,0,0,0,0,0,0,7,0,0,0,21144,25,54,24,3,0,0,0,31,0,0,0,0,0,0,0,0,0,0,0,0,0,0,0,0,0,0,0,0,0,0,0,38,0,0,0,0,0,0,0,0,0,0,0,0
33,0,1,0,0,0,0,0,0,0,0,0,0,0,0,0,0,0,22757,4,68,5,2,0,0,0,56,0,0,0,4,0,0,0,0,0,0,0,0,0,0,0,0,0,0,0,0,0,0,0,26,0,0,0,0,0,0,0,0,0,0,0,0,0,0,0,0
34,0,0,0,0,0,0,0,0,0,0,0,43,0,0,0,0,0,0,0,0,0,0,0,0,0,0,0,0,0,0,0,0,0,0,0,18,0,0,0,0,0,17,0,23243,2,0,0,6,0,0,0,0,0,0,0,0,0,0,0,0,0,0,0,0,0,0
35,0,0,0,33,0,0,0,0,0,0,0,0,0,0,0,0,0,0,0,3,0,0,0,0,0,0,0,0,0,0,0,0,0,23,0,22523,3,0,0,3,0,0,0,65,0,0,0,3,0,0,0,0,0,0,0,0,0,0,0,0,0,0,0,0,0,0
36,0,0,0,0,0,0,45,0,0,0,0,0,0,0,0,0,0,0,0,0,0,0,5,0,0,0,0,0,0,0,0,0,0,0,7,0,0,2,23386,0,26,0,79,0,0,0,55,0,0,0,0,0,0,0,1,0,0,0,0,0,0,0,0,0,0,0
37,0,0,0,28,0,0,0,0,0,23,0,24526,3,0,0,4,0,0,0,0,0,0,0,0,0,0,0,5,0,0,0,0,0,0,0,0,0,0,0,0,0,0,0,40,0,0,0,0,0,0,0,0,0,0,0,0,0,0,0,9,0,0,0,0,0,0
38,0,23,0,0,0,0,0,0,0,0,0,0,0,0,0,0,0,0,0,0,0,0,0,0,0,0,0,0,0,0,0,0,0,24595,4,54,7,6,0,0,0,59,0,0,0,8,0,0,0,35,0,0,0,0,0,0,0,0,0,0,0,0,0,0,0,0
39,0,0,0,0,0,0,0,0,0,0,0,0,0,0,0,0,6,0,0,0,0,0,0,0,0,0,0,0,0,0,0,0,76,0,0,0,0,0,0,0,0,0,0,0,0,0,0,0,2,0,0,0,2,0,0,0,77,0,0,0,1,3,96,0,24405,0
40,0,0,0,0,0,0,0,0,3,0,0,0,0,0,0,0,0,0,0,0,7,14,109,1,24996,0,0,0,0,0,0,0,17,0,0,0,0,0,0,0,2,0,0,0,0,0,0,0,0,0,0,0,0,0,0,0,41,0,0,0,0,0,0,0,0,0
41,0,0,0,0,0,5,0,0,0,0,0,0,0,0,0,0,0,0,0,0,0,85,0,1,0,0,0,0,0,0,0,0,0,0,0,0,0,0,0,0,0,0,0,0,0,0,0,0,0,0,0,0,0,26317,7,49,8,1,0,0,0,31,0,0,0,0
42,0,33,0,0,0,0,0,0,0,0,0,0,0,0,0,0,0,0,0,0,0,0,0,0,0,0,0,0,0,0,0,0,0,27224,1,82,6,4,0,0,0,76,0,0,0,12,0,0,0,4,0,0,0,0,0,0,0,0,0,0,0,0,0,0,0,0
43,0,0,0,1,0,0,0,0,0,0,0,0,0,0,0,0,0,34,0,27565,1,0,0,5,0,0,0,61,0,0,0,8,0,0,0,0,0,0,0,0,0,0,0,0,0,0,0,0,0,0,0,29,0,0,0,0,0,0,0,0,0,0,0,0,0,0
44,0,0,2,0,0,6,27449,0,31,0,0,0,0,0,30,0,0,0,0,0,0,0,14,0,0,0,0,0,0,0,0,0,0,0,0,0,0,0,118,0,0,0,0,0,0,0,0,0,0,0,0,0,0,0,16,0,1,0,0,0,0,0,0,0,0,0
45,0,46,0,1,0,0,0,0,0,28378,8,66,10,3,0,0,0,1,0,0,0,0,0,0,0,7,0,0,0,0,0,0,0,0,0,0,0,0,0,0,0,60,0,0,0,0,0,0,0,0,0,0,0,0,0,0,0,14,0,0,0,0,0,0,0,0
46,0,0,0,0,0,0,26,0,0,0,0,0,0,0,0,0,0,0,0,0,0,0,3,0,0,0,0,0,0,0,0,0,0,0,5,0,0,7,29199,0,28,0,11,0,0,0,30,0,0,0,0,0,0,0,6,0,0,0,0,0,0,0,0,0,0,0
47,0,1,29827,0,53,0,6,0,0,0,95,0,0,0,7,0,0,0,7,0,0,0,0,0,0,0,0,0,0,0,0,0,0,0,56,0,0,0,0,0,0,0,0,0,0,0,0,0,0,0,14,0,0,0,0,0,0,0,0,0,0,0,0,0,0,0
48,0,0,19,0,0,0,3,0,0,3,30546,1,24,0,4,0,0,0,0,0,0,0,0,0,0,0,6,0,0,0,0,0,0,0,0,0,0,0,0,0,0,0,78,0,0,0,0,0,0,0,0,0,0,0,0,0,0,0,5,0,0,0,0,0,0,0
49,0,0,0,0,0,0,6,0,0,0,0,0,0,0,0,0,0,0,17,0,0,6,30172,0,40,0,3,0,0,0,50,0,0,0,0,0,0,0,1,0,0,0,0,0,0,0,0,0,0,0,0,0,0,0,33,0,0,0,0,0,0,0,0,0,0,0
50,0,0,4,0,0,2,30542,1,49,0,1,0,0,0,28,0,0,0,0,0,0,0,9,0,0,0,0,0,0,0,0,0,0,0,0,0,0,0,47,0,0,0,0,0,0,0,0,0,0,0,0,0,0,0,14,0,0,0,0,0,0,0,0,0,0,0
51,0,0,29,0,0,0,1,0,0,4,32438,2,40,0,2,0,0,0,0,0,0,0,0,0,0,0,6,0,0,0,1,0,0,0,0,0,0,0,0,0,0,0,53,0,0,0,0,0,0,0,0,0,0,0,0,0,0,0,4,0,0,0,0,0,0,0
52,0,14,0,0,0,0,0,0,0,32377,11,87,9,1,0,0,0,0,0,0,0,0,0,0,0,3,0,0,0,0,0,0,0,0,0,0,0,0,0,0,0,97,0,0,0,0,0,0,0,0,0,0,0,0,0,0,0,9,0,0,0,0,0,0,0,0
53,0,0,0,33,0,0,0,0,0,0,0,0,0,0,0,0,0,0,0,0,0,0,0,0,0,0,0,0,0,0,0,0,0,26,0,31899,0,0,0,8,0,0,0,91,0,0,0,19,0,0,0,7,0,0,0,0,0,0,0,0,0,0,0,0,0,0
54,0,0,0,0,0,0,0,0,0,0,0,0,0,0,0,0,5,0,0,0,0,0,0,0,1,0,0,0,0,0,0,0,139,0,0,0,0,0,0,0,0,0,0,0,0,0,0,0,7,0,0,0,7,0,0,0,203,0,0,0,10,23,116,7,30465,0
55,0,0,0,3,0,0,0,0,0,0,0,0,0,0,0,0,0,236,0,33377,6,0,0,10,0,0,0,95,0,0,0,3,0,0,0,2,0,0,0,0,0,0,0,0,0,0,0,0,0,0,0,28,0,0,0,0,0,0,0,0,0,0,0,0,0,0
56,0,0,0,0,0,0,0,0,0,0,0,0,0,0,0,0,30,0,0,0,0,0,0,0,0,0,0,0,0,0,0,0,0,0,0,0,2,0,0,0,115,0,0,0,3,8,77,5,30798,0,0,0,0,0,0,0,0,0,0,0,0,0,0,0,0,0
57,0,0,0,0,0,0,0,0,0,0,0,12,0,0,0,0,0,0,0,0,0,0,0,0,0,0,0,76,0,0,0,0,0,0,0,0,0,0,0,0,0,0,0,27,0,0,0,0,0,0,0,46,0,0,0,0,0,36,0,34566,8,0,0,6,0,0
58,0,0,0,0,0,0,0,0,0,256,0,2,0,0,0,0,0,0,0,0,0,0,0,0,0,2,0,0,0,0,0,0,0,36,0,0,0,3,0,0,0,34137,4,114,13,6,0,0,0,0,0,0,0,0,0,0,0,7,0,0,0,0,0,0,0,0
59,0,13,0,0,0,0,0,0,0,35139,6,161,11,1,0,0,0,0,0,0,0,0,0,0,0,9,0,0,0,0,0,0,0,0,0,0,0,0,0,0,0,124,0,0,0,0,0,0,0,0,0,0,0,0,0,0,0,17,0,0,0,0,0,0,0,0
60,0,0,24,0,0,0,0,0,0,0,0,0,0,0,0,0,0,0,0,0,0,0,0,0,0,0,0,0,0,0,0,0,0,3,36306,2,27,0,9,0,0,0,155,0,0,0,20,0,0,0,1,0,0,0,0,0,0,0,0,0,0,0,0,0,0,0
61,0,4,37305,3,29,0,14,0,0,0,120,0,0,0,8,0,0,0,10,0,0,0,0,0,0,0,0,0,0,0,0,0,0,0,148,0,0,0,0,0,0,0,0,0,0,0,0,0,0,0,16,0,0,0,0,0,0,0,0,0,0,0,0,0,0,0
62,0,3,36089,3,27,0,6,0,0,0,109,0,0,0,11,0,0,0,4,0,0,0,0,0,0,0,0,0,0,0,0,0,0,0,704,0,0,0,0,0,0,0,4,0,0,0,0,0,0,0,9,0,0,0,0,0,0,0,0,0,0,0,0,0,0,0
63,0,0,0,0,0,0,7,0,0,0,0,0,0,0,0,0,0,0,0,0,0,0,156,0,0,0,0,0,0,0,0,0,0,0,0,0,0,0,8,0,0,0,0,0,0,0,0,0,0,0,1,0,0,2,36481,0,34,0,0,0,0,0,39,0,0,0
64,0,0,0,0,0,0,0,0,0,0,0,0,0,0,6,0,0,0,8,0,0,0,183,0,2,0,11,0,0,1,38284,4,26,0,0,0,0,0,0,0,0,0,0,0,0,0,0,0,0,0,0,0,0,0,0,0,0,0,0,0,0,0,26,0,0,0
65,0,0,0,0,0,12,0,0,0,0,0,0,0,0,0,0,0,0,0,0,0,141,0,0,0,0,0,0,0,0,0,0,0,0,0,0,0,7,0,0,0,0,0,0,0,0,0,0,0,3,0,0,0,38860,5,96,11,0,0,0,0,25,0,0,0,0
66,0,3,0,0,0,0,0,0,0,31,0,0,0,0,0,0,0,0,0,0,0,0,0,0,0,0,0,0,0,0,0,0,0,61,0,0,0,2,0,0,0,38607,10,152,7,0,0,0,0,0,0,0,0,0,0,0,0,15,0,0,0,0,0,0,0,0
67,0,0,0,0,0,72,0,0,0,0,0,0,0,0,0,0,0,0,0,0,0,8,0,0,0,0,0,0,0,0,0,0,0,4,0,0,0,39926,9,94,9,0,0,0,0,57,0,0,0,0,0,0,0,5,1,0,0,0,0,0,0,0,0,0,0,0
68,0,0,0,0,0,0,0,0,0,44,0,0,0,0,0,0,0,0,0,0,0,0,0,0,0,4,0,0,0,0,0,0,0,39,0,0,0,1,0,0,0,40509,11,142,18,2,0,0,0,0,0,0,0,0,0,0,0,14,0,0,0,0,0,0,0,0
69,0,0,50,0,18,0,0,0,0,0,0,0,0,0,0,0,0,0,0,0,0,0,0,0,0,0,0,0,0,0,0,0,0,7,25476,3,15865,0,8,0,2,0,110,0,55,0,12,0,5,0,1,0,2,0,0,0,0,0,0,0,0,0,0,0,0,0
70,0,70,0,0,0,0,0,0,0,0,0,0,0,0,0,0,0,0,0,0,0,0,0,0,0,0,0,0,0,0,0,0,0,41732,9,135,8,6,0,0,0,106,0,2,1,13,0,0,0,11,0,0,0,0,0,0,0,0,0,0,0,0,0,0,0,0
71,0,40,0,0,0,0,0,0,0,42458,6,130,13,10,0,0,0,0,0,0,0,0,0,0,0,7,0,0,0,0,0,0,0,0,0,0,0,0,0,0,0,124,0,0,0,0,0,0,0,0,0,0,0,0,0,0,0,12,0,0,0,0,0,0,0,0
72,0,1,0,0,0,0,0,0,0,0,0,0,0,0,0,0,0,42924,4,202,7,14,0,0,0,137,0,0,0,208,0,0,0,2,0,0,0,0,0,0,0,0,0,0,0,0,0,0,0,42,0,0,0,0,0,0,0,0,0,0,0,0,0,0,0,0
73,0,0,0,0,0,0,0,0,0,28,0,0,0,0,0,0,0,0,0,0,0,0,0,0,0,0,0,0,0,0,0,0,0,48,0,0,0,0,0,0,0,45223,7,82,9,8,0,0,0,0,0,0,0,0,0,0,0,5,0,0,0,0,0,0,0,0
74,0,46667,8,220,6,15,0,0,3,153,0,1,0,13,0,0,0,9,0,0,0,0,0,0,0,0,0,0,0,0,0,0,0,256,0,0,0,0,0,0,0,1,0,0,0,0,0,0,0,8,0,0,0,0,0,0,0,0,0,0,0,0,0,0,0,0
75,0,0,0,0,0,0,0,0,0,0,0,0,0,38,0,0,0,0,0,0,0,0,0,0,0,0,0,0,0,0,0,0,0,10,0,0,0,90,0,0,0,9,0,0,0,40275,4,63,10,0,0,0,0,0,0,0,0,0,0,0,0,3,0,0,0,0
76,0,0,0,0,0,0,21,0,0,0,0,0,0,0,0,0,0,0,0,0,0,0,158,0,0,0,0,0,0,0,0,0,0,0,0,0,0,0,8,0,0,0,0,0,0,0,0,0,0,0,5,0,0,4,44443,0,25,0,1,0,0,0,36,0,0,0
77,0,0,0,0,0,0,0,0,12,0,0,0,3,0,0,0,0,0,0,0,0,0,0,0,162,0,0,0,0,0,0,0,0,0,0,0,0,0,0,0,8,0,0,0,0,0,0,0,0,0,0,0,3,6,111,9,47701,0,0,0,0,0,0,0,64,0
78,0,2,48676,2,20,0,9,0,0,0,156,0,0,0,4,0,0,0,1,0,0,0,0,0,0,0,0,0,0,0,0,0,0,0,55,0,0,0,0,0,0,0,0,0,0,0,0,0,0,0,2,0,0,0,0,0,0,0,0,0,0,0,0,0,0,0
79,0,0,0,0,0,0,0,0,0,0,0,0,0,0,17,0,0,0,0,0,0,0,0,0,0,0,0,0,0,0,163,0,0,0,0,0,0,0,0,0,0,0,0,0,0,0,14,0,0,0,11,0,0,0,185,0,0,0,6,0,0,1,46075,2,32,0
80,0,0,0,0,0,0,0,0,7,0,0,0,0,0,0,0,0,0,0,0,12,24,179,11,49377,0,0,0,1,0,0,0,64,0,0,0,0,0,0,0,2,0,0,0,0,0,0,0,0,0,0,0,0,0,0,0,42,0,0,0,0,0,0,0,0,0
80INS0,0,0,0,0,0,0,0,0,0,0,0,0,0,0,0,0,0,0,0,0,0,0,0,0,1,0,0,0,0,0,0,0,0,0,0,0,0,0,0,0,0,0,0,0,0,0,0,0,0,0,0,0,0,0,0,0,0,0,0,0,0,0,0,0,0,0
81,0,0,0,7,0,0,0,0,0,0,0,0,0,0,0,0,0,88,12,52236,12,0,0,14,0,0,0,149,0,0,0,15,0,0,0,1,0,0,0,0,0,0,0,0,0,0,0,0,0,0,0,56,0,0,0,0,0,0,0,0,0,0,0,0,0,0
82,0,0,108,0,2,0,180,0,9,0,9,0,0,1,47431,2,1764,0,0,0,0,0,0,0,0,0,0,0,0,0,4,0,0,0,0,0,0,0,0,0,0,0,1,0,0,0,151,0,4,0,0,0,0,0,0,0,0,0,0,0,0,0,21,0,0,0
83,0,0,0,0,1,7,209,3,48144,0,0,0,2,0,0,0,27,0,0,0,0,0,0,0,12,0,0,0,0,0,0,0,0,0,0,0,0,0,0,0,112,0,0,0,0,0,0,0,0,0,0,0,0,0,0,0,14,0,0,0,0,0,0,0,0,0
84,0,0,0,0,0,0,0,0,0,0,0,0,0,0,0,0,5,0,6,0,12,0,4,0,184,0,0,0,7,10,779,7,50493,0,0,0,0,0,0,0,0,0,0,0,0,0,0,0,0,0,0,0,0,0,0,0,0,0,0,0,0,0,2,0,27,0
85,0,0,0,0,0,0,0,0,0,0,0,25,0,0,0,0,0,0,0,1,0,0,0,0,0,0,0,130,0,0,0,0,0,0,0,0,0,0,0,0,0,0,1,51,0,0,0,0,0,0,0,76,0,0,0,0,0,61,15,52346,8,0,0,18,0,0
86,0,5,0,0,0,0,0,0,0,0,0,0,0,0,0,0,0,52715,9,192,16,4,0,0,0,136,0,1,0,23,0,0,0,7,0,0,0,0,0,0,0,0,0,0,0,0,0,0,0,79,0,0,0,0,0,0,0,0,0,0,0,0,0,0,0,0
87,0,0,0,0,0,0,0,0,0,3,0,0,0,0,0,0,0,109,0,0,0,8,0,0,0,51535,4,168,26,14,0,0,0,0,0,0,0,0,0,0,0,3,0,0,0,0,0,0,0,0,0,0,0,0,0,0,0,79,0,2,0,0,0,0,0,0
88,0,0,0,0,0,0,3,0,0,0,0,0,0,0,0,0,0,0,10,0,0,29,49594,1,27,0,0,0,0,0,74,0,0,0,0,0,0,0,1,0,0,0,0,0,0,0,0,0,0,0,0,0,0,0,30,0,0,0,0,0,0,0,0,0,0,0
89,0,0,0,0,0,0,0,0,0,0,0,0,0,0,9,0,0,0,12,0,0,0,351,0,0,0,8,0,0,8,50988,7,82,0,0,0,0,0,0,0,0,0,0,0,0,0,2,0,0,0,0,0,0,0,0,0,0,0,0,0,0,0,47,0,0,0
90,0,0,0,0,0,0,1,0,0,0,0,0,0,0,86,0,0,0,0,0,0,0,0,0,0,0,0,0,0,0,1,0,0,0,18,0,0,0,185,0,0,0,5,0,0,3,51105,1,43,0,0,0,0,0,2,0,0,0,0,0,0,0,4,0,0,0
91,0,2,0,0,0,52843,8,560,4,0,0,0,0,72,0,0,0,0,0,0,0,11,0,0,0,0,0,0,0,0,0,0,0,0,0,0,0,201,0,2,0,0,0,0,0,0,0,0,0,0,0,0,0,16,0,0,0,0,0,0,0,0,0,0,0,0
92,0,2,0,0,0,62,0,0,0,4,0,0,0,54449,9,55,7,0,0,0,0,0,0,0,0,0,0,0,0,8,0,0,0,0,0,0,0,0,0,0,0,0,0,0,0,117,0,0,0,0,0,0,0,0,0,0,0,0,0,0,0,1,0,0,0,0
93,0,52617,16,131,4,11,0,0,0,117,0,0,0,2,0,0,0,9,0,0,0,0,0,0,0,0,0,0,0,0,0,0,0,65,0,1,0,0,0,0,0,0,0,0,0,0,0,0,0,19,0,0,0,0,0,0,0,0,0,0,0,0,0,0,0,0
94,0,4,0,0,0,81,0,0,0,9,0,0,0,51681,2,64,9,0,0,0,0,0,0,0,0,0,0,0,0,13,0,0,0,0,0,0,0,0,0,0,0,0,0,0,0,80,0,0,0,0,0,0,0,0,0,0,0,0,0,0,0,2,0,0,0,0
95,0,0,0,0,0,0,0,0,0,0,0,90,0,0,0,0,0,0,0,0,0,0,0,0,0,0,0,1,0,0,0,0,0,0,0,54,0,0,0,1,0,50,1,51970,8,0,0,9,0,0,0,0,0,0,0,0,0,0,0,6,0,0,0,0,0,0
96,0,0,0,0,0,0,0,0,0,0,0,60,0,0,0,0,0,0,0,0,0,0,0,0,0,0,0,3,0,0,0,0,0,0,0,52,0,0,0,0,0,87,17,49033,4,0,0,7,0,0,0,0,0,0,0,0,0,0,0,10,0,0,0,0,0,0
97,0,4,0,0,0,0,0,0,0,0,0,0,0,0,0,0,0,52003,8,148,12,4,0,0,0,170,0,0,0,8,0,0,0,4,0,0,0,0,0,0,0,0,0,0,0,0,0,0,0,57,0,0,0,0,0,0,0,0,0,0,0,0,0,0,0,0
98,0,0,0,0,0,0,0,0,0,1,0,0,0,9,0,0,0,6,0,0,0,119,0,0,0,11,0,0,0,54383,24,381,9,0,0,0,0,0,0,0,0,0,0,0,0,1,0,0,0,0,0,0,0,2,0,0,0,0,0,0,0,54,0,1,0,0
99,0,276,1,52904,2,0,0,16,0,2,0,133,0,0,0,2,0,0,0,14,0,0,0,0,0,0,0,0,0,0,0,0,0,0,0,163,0,0,0,0,0,0,0,0,0,0,0,1,0,0,0,17,0,0,0,0,0,0,0,0,0,0,0,0,0,0
100,0,106,0,0,0,0,0,0,0,0,0,0,0,0,0,0,0,5,0,0,0,0,0,0,0,0,0,0,0,0,0,0,0,51893,22,246,8,15,0,0,0,199,0,0,0,11,0,0,0,4,0,0,0,0,0,0,0,0,0,0,0,0,0,0,0,0
101,0,0,0,0,0,0,0,0,67,0,0,0,0,0,0,0,0,0,0,0,0,0,0,0,1,0,0,0,0,0,0,0,0,0,0,0,6,7,183,14,49792,0,0,0,2,0,0,0,39,0,0,0,0,0,0,0,2,0,0,0,0,0,0,0,0,0
102,0,0,0,0,0,0,0,0,0,0,0,0,0,5,0,0,0,14,0,0,0,110,0,0,0,4,0,0,0,54248,8,159,3,0,0,0,0,0,0,0,0,0,0,0,0,1,0,0,0,0,0,0,0,0,0,0,0,0,0,0,0,38,0,0,0,0
103,0,0,0,0,0,0,0,0,0,0,0,0,0,8,0,0,0,0,0,0,0,0,0,0,0,0,0,0,0,146,0,1,0,0,0,0,0,0,0,0,0,1,0,0,0,9,0,0,0,5,0,0,0,90,0,0,2,6,0,0,0,56857,11,107,13,0
104,0,0,0,0,41,0,0,0,0,0,0,0,0,0,0,0,0,0,0,0,5,0,0,0,0,0,0,0,0,0,0,0,0,7,97,9,55911,0,0,0,8,0,0,0,299,0,0,0,16,0,0,0,3,0,0,0,0,0,0,0,0,0,0,0,0,0
105,0,6,0,0,0,55062,8,192,8,1,0,0,0,73,0,0,0,0,0,0,0,4,0,0,0,0,0,0,0,0,0,0,0,0,0,0,0,246,0,2,0,0,0,0,0,0,0,0,0,0,0,0,0,14,0,0,0,0,0,0,0,0,0,0,0,0
106,0,0,0,0,0,0,0,0,0,0,0,43,0,0,0,0,0,0,0,0,0,0,0,0,0,0,0,4,0,0,0,0,0,0,0,79,0,0,0,3,0,67,1,53723,7,0,0,19,0,0,0,0,0,0,0,0,0,0,0,6,0,0,0,0,0,0
107,0,0,0,0,0,66,0,0,0,0,0,0,0,0,0,0,0,0,0,0,0,11,0,0,0,0,0,0,0,0,0,0,0,10,0,0,0,53774,13,96,23,19,0,0,0,52,0,0,0,0,0,0,0,5,0,0,0,0,0,0,0,0,0,0,0,0
108,0,0,0,0,56,0,0,0,0,0,0,0,0,0,0,0,0,0,0,0,5,0,0,0,0,0,0,0,0,0,0,0,0,3,178,15,57520,0,0,0,14,0,2,0,150,0,0,0,19,0,0,0,3,0,0,0,0,0,0,0,0,0,0,0,0,0
109,0,0,0,0,77,0,0,0,0,0,0,0,0,0,0,0,0,0,0,0,3,0,0,0,0,0,0,0,0,0,0,0,0,5,127,9,57901,0,0,0,12,0,0,0,161,0,0,0,22,0,0,0,15,0,0,0,0,0,0,0,0,0,0,0,0,0
110,0,2,0,0,0,58664,22,163,34,9,0,0,0,47,0,0,0,0,0,0,0,7,0,0,0,0,0,0,0,0,0,0,0,0,0,0,0,191,0,0,0,0,0,0,0,0,0,0,0,0,0,0,0,13,0,2,0,0,0,0,0,0,0,0,0,0
111,0,1,0,0,0,1,0,0,0,0,0,0,0,132,0,0,0,0,0,0,0,0,0,0,0,0,0,0,0,0,0,0,0,4,0,0,0,93,2,0,2,14,0,0,0,60591,11,74,4,0,0,0,0,0,0,0,0,0,0,0,0,6,0,0,0,0
112,0,0,0,0,0,0,0,0,0,0,0,0,0,16,0,2,0,0,0,0,0,0,0,0,0,0,0,0,0,98,1,2,0,0,0,0,0,0,0,0,0,0,0,0,0,15,0,0,0,4,0,0,0,106,0,0,0,139,0,1,0,62117,28,310,7,0
113,0,37,0,0,0,0,0,0,0,0,0,0,0,0,0,0,0,0,0,0,0,0,0,0,0,0,0,0,0,0,0,0,0,62438,9,236,12,7,0,0,0,155,1,0,0,16,0,0,0,3,0,0,0,0,0,0,0,0,0,0,0,0,0,0,0,0
114,0,0,60,0,0,0,0,0,0,0,0,0,0,0,0,0,0,0,0,0,0,0,0,0,0,0,0,0,0,0,0,0,0,2,60294,1,52,0,9,0,0,0,215,0,1,0,18,0,0,0,11,0,0,0,0,0,0,0,0,0,0,0,0,0,0,0
115,0,7,0,0,0,84,0,0,0,14,0,0,0,61227,15,96,13,0,0,0,0,0,0,0,0,0,0,0,0,17,0,0,0,0,0,0,0,0,0,0,0,0,0,0,0,180,0,0,0,0,0,0,0,0,0,0,0,0,0,0,0,13,0,0,0,0
116,0,0,0,0,68,0,0,0,0,0,0,0,0,0,0,0,0,0,0,0,0,0,0,0,0,0,0,0,0,0,0,0,0,19,98,10,58387,0,0,0,17,0,3,0,136,0,0,0,9,0,0,0,9,0,0,0,1,0,0,0,0,0,0,0,0,0
117,0,0,0,0,0,0,0,0,0,0,0,0,0,0,0,12,0,0,0,2,0,0,0,2,0,0,0,0,0,0,0,185,0,0,0,0,0,0,0,0,0,0,0,0,0,0,0,5,0,0,0,18,0,0,0,176,0,0,0,10,0,164,9,58555,7,0
118,0,0,0,0,0,10,0,0,0,0,0,0,0,0,0,0,0,8,0,0,0,58983,12,181,46,0,0,0,0,80,0,0,0,0,0,0,0,9,0,0,0,0,0,0,0,0,0,0,0,0,0,0,0,78,0,1,0,0,0,0,0,0,0,0,0,0
119,0,0,0,0,0,0,0,0,0,150,0,2,0,0,0,0,0,0,0,0,0,0,0,0,0,3,0,0,0,0,0,0,0,45,0,0,0,3,0,0,0,61484,44,161,11,5,0,0,0,0,0,0,0,0,0,0,0,9,0,1,0,0,0,0,0,0
120,0,76,0,0,0,2,0,0,0,62048,9,182,9,10,0,0,0,0,0,0,0,0,0,0,0,7,0,0,0,0,0,0,0,0,0,0,0,0,0,0,0,263,0,0,0,0,0,0,0,0,0,0,0,0,0,0,0,17,0,0,0,0,0,0,0,0
121,0,0,0,0,0,0,0,0,0,0,0,21,0,0,0,0,0,0,0,0,0,0,0,0,0,0,0,118,0,0,0,0,0,0,0,0,0,0,0,0,0,0,0,9,0,0,0,0,0,0,0,346,0,0,0,1,0,51,1,61159,6,0,0,10,0,0
122,0,61284,15,205,23,10,0,0,0,402,0,0,0,12,0,0,0,11,0,0,0,0,0,0,0,0,0,0,0,0,0,0,0,214,0,0,0,0,0,0,0,2,0,0,0,0,0,0,0,25,0,0,0,0,0,0,0,0,0,0,0,0,0,0,0,0
123,0,0,0,0,0,4,0,0,0,0,0,0,0,0,0,0,0,20,0,0,0,63389,11,183,14,1,0,0,0,57,0,2,0,0,0,0,0,11,0,0,0,0,0,0,0,0,0,0,0,0,0,0,0,46,0,0,0,0,0,0,0,0,0,0,0,0
124,0,62965,10,194,3,11,0,0,0,131,0,0,0,9,0,0,0,17,0,0,0,0,0,0,0,0,0,0,0,0,0,0,0,106,0,0,0,0,0,0,0,0,0,0,0,0,0,0,0,8,0,0,0,0,0,0,0,0,0,0,0,0,0,0,0,0
125,0,0,0,4,0,0,0,52,0,0,0,10,0,50,0,62613,5,0,0,0,0,0,0,0,0,0,0,0,0,0,0,11,0,0,0,0,0,0,0,0,0,0,0,0,0,0,0,99,0,0,0,0,0,0,0,0,0,0,0,0,0,0,0,1,0,0
126,0,10,0,0,0,1610,2,4,0,6,0,0,0,59592,8,128,14,0,0,0,0,0,0,0,0,0,0,0,0,13,0,0,0,0,0,0,0,1,0,0,0,0,0,0,0,133,0,0,0,0,0,0,0,1,0,0,0,0,0,0,0,17,0,0,0,0
127,0,0,0,0,0,0,0,0,0,264,0,135,0,0,0,0,0,0,0,0,0,0,0,0,0,0,0,2,0,0,0,0,0,0,0,38,0,0,0,3,0,91,0,60814,3,0,0,11,0,0,0,0,0,0,0,0,0,0,0,12,0,0,0,0,0,0
128,0,0,0,0,0,0,0,0,0,60,0,0,0,0,0,0,0,0,0,0,0,0,0,0,0,5,0,0,0,0,0,0,0,178,0,0,0,0,0,0,0,57956,6,261,34,3,0,0,0,0,0,0,0,0,0,0,0,9,0,0,0,0,0,0,0,0
129,0,0,0,0,27,0,0,1,178,0,0,0,32,17,146,19,60222,0,0,0,0,0,0,0,0,0,0,0,0,0,0,0,9,0,0,0,0,0,0,0,0,0,0,0,0,0,0,0,246,0,0,0,0,0,0,0,0,0,0,0,0,0,0,0,99,0
130,0,0,0,0,0,0,0,0,0,41,0,0,0,0,0,0,0,0,0,0,0,0,0,0,0,3,0,0,0,0,0,0,0,101,0,0,0,6,0,0,0,60147,14,225,30,10,0,0,0,0,0,0,0,0,0,0,0,21,0,1,0,0,0,0,0,0
131,0,0,0,0,0,0,0,0,0,0,0,0,48,0,0,0,0,0,0,0,0,0,0,0,0,0,0,0,0,0,0,0,0,0,0,0,88,0,0,0,4,8,221,9,54434,0,0,0,2,0,0,0,0,0,0,0,0,0,0,0,15,0,0,0,0,0
132,0,0,0,0,0,0,0,0,0,0,0,0,0,0,0,0,9,0,0,0,0,0,0,0,0,0,0,0,0,0,0,0,161,0,0,0,0,0,0,0,0,0,0,1,0,0,0,0,6,0,0,0,14,0,0,0,156,0,0,0,12,14,79,17,60803,0
133,0,0,0,0,18,0,0,0,182,0,0,1,12,10,109,12,64223,0,0,0,0,0,0,0,0,0,0,0,0,0,0,0,7,0,0,0,0,0,0,0,1,0,0,0,0,0,0,0,48,0,0,0,0,0,0,0,0,0,0,0,0,0,0,0,4,0
134,0,64443,8,351,4,12,0,0,0,151,0,2,0,10,0,0,0,13,0,0,0,0,0,0,0,0,0,0,0,0,0,0,0,109,0,0,0,0,0,0,0,0,0,0,0,0,0,0,0,11,0,0,0,0,0,0,0,0,0,0,0,0,0,0,0,0
135,0,0,0,0,0,0,0,0,0,0,0,0,0,57,0,0,0,0,0,0,0,0,0,0,0,0,0,0,0,0,0,0,0,6,0,0,0,77,0,0,0,1,0,0,0,62091,10,102,8,0,0,0,0,0,0,0,0,0,0,0,0,4,0,0,0,0
136,0,63476,24,237,30,15,0,0,0,257,0,0,0,11,0,0,0,10,0,0,0,0,0,0,0,0,0,0,0,0,0,0,0,182,0,0,0,0,0,0,0,0,0,0,0,0,0,0,0,11,0,0,0,0,0,0,0,0,0,0,0,0,0,0,0,0
137,0,0,0,3,0,0,0,0,0,0,0,0,0,0,0,0,0,70,1,66076,3,0,0,13,0,0,0,179,0,0,0,15,0,0,0,0,0,0,0,0,0,0,0,0,0,0,0,0,0,0,0,71,0,0,0,0,0,0,0,0,0,0,0,0,0,0
138,0,0,0,0,27,0,0,0,0,0,0,0,0,0,0,0,0,0,2,0,115,0,0,0,0,0,0,0,0,0,0,0,0,0,0,0,1,0,0,0,0,0,0,0,0,0,0,0,0,34,173,63,62239,0,0,0,0,0,0,0,127,1,0,0,18,0
139,0,0,0,0,73,0,0,0,0,0,0,0,0,0,0,0,0,0,0,0,6,0,0,0,0,0,0,0,0,0,0,0,0,34,164,9,64298,0,0,0,9,0,1,0,188,0,0,0,25,0,0,0,8,0,0,0,0,0,0,0,0,0,0,0,0,0
140,0,0,0,11,0,0,0,0,0,0,0,0,0,0,0,0,0,66,2,65382,6,0,0,12,0,0,0,142,0,0,0,10,0,0,0,1,0,0,0,0,0,0,0,0,0,0,0,0,0,0,0,70,0,0,0,0,0,0,0,0,0,0,0,0,0,0
141,0,0,0,0,0,0,0,0,0,0,0,0,0,98,0,0,0,0,0,0,0,0,0,0,0,0,0,0,0,4,0,0,0,167,0,0,0,129,0,0,0,12,0,0,0,58724,3,163,29,0,0,0,0,0,0,0,0,0,0,0,0,10,0,0,0,0
142,0,0,0,0,0,0,7,0,0,0,0,0,0,0,0,0,0,0,12,0,0,19,63291,3,57,0,2,0,0,0,117,0,0,0,0,0,0,0,10,0,0,0,0,0,0,0,0,0,0,0,0,0,0,0,75,0,0,0,0,0,0,0,0,0,0,0
143,0,0,0,0,0,149,0,1,0,8,0,0,0,67187,15,113,8,0,0,0,0,0,0,0,0,0,0,0,0,13,0,0,0,0,0,0,0,0,0,0,0,2,0,0,0,138,0,0,0,0,0,0,0,0,0,0,0,0,0,0,0,48,0,0,0,0
144,0,43,0,0,0,0,0,0,0,0,0,0,0,0,0,0,0,3,0,0,0,0,0,0,0,0,0,0,0,0,0,0,0,66648,8,200,11,12,0,0,0,198,0,0,0,21,0,0,0,10,0,0,0,0,0,0,0,0,0,0,0,0,0,0,0,0
145,0,0,20,0,0,0,168,0,0,0,10,0,0,10,64328,0,40,0,0,0,0,0,0,0,0,0,0,0,0,0,12,0,0,0,0,0,0,0,0,0,0,0,0,0,0,0,183,0,0,0,0,0,0,0,0,0,0,0,0,0,0,0,6,0,0,0
146,0,0,0,0,0,0,0,0,0,0,1,0,23,0,0,0,0,0,0,0,0,0,0,0,0,0,0,0,306,0,0,0,0,0,0,0,0,0,0,0,0,0,0,0,17,0,0,0,0,0,0,0,88,0,0,0,0,25,233,17,63640,0,0,0,4,0
147,0,0,0,0,0,0,0,0,0,107,0,0,0,0,0,0,0,0,0,0,0,1,0,0,0,8,0,0,0,0,0,0,0,76,0,0,0,5,0,0,0,63227,13,217,24,22,0,0,0,0,0,0,0,0,0,0,0,29,0,0,0,0,0,0,0,0
148,0,0,0,0,0,0,0,0,0,0,0,0,0,0,0,0,0,9,90,3,66398,0,0,0,17,0,0,0,158,0,0,0,20,0,0,0,2,0,0,0,0,0,0,0,0,0,0,0,0,0,0,0,66,0,0,0,0,0,0,0,0,0,0,0,0,0
149,0,65680,9,244,13,11,0,0,0,431,0,3,0,29,0,0,0,5,0,0,0,0,0,0,0,0,0,0,0,0,0,0,0,107,0,0,0,0,0,0,0,2,0,0,0,0,0,0,0,15,0,0,0,0,0,0,0,0,0,0,0,0,0,0,0,0
150,0,0,0,0,0,0,0,0,56,0,0,0,0,0,0,0,0,0,0,0,0,0,0,0,4,0,0,0,0,0,0,0,0,0,0,0,3,9,115,4,65139,0,0,0,4,0,0,0,82,0,0,0,0,0,0,0,2,0,0,0,0,0,0,0,0,0
151,0,14,0,0,0,127,0,0,0,26,0,0,0,66461,13,176,78,0,0,0,0,0,0,0,0,0,0,0,0,24,0,0,0,0,0,0,0,0,0,0,0,0,0,0,0,187,0,0,0,0,0,0,0,0,0,0,0,0,0,0,0,11,0,0,0,0
152,0,0,0,0,0,0,0,0,0,0,2,0,531,0,0,0,0,0,0,0,0,0,0,0,0,0,0,0,4,0,0,0,0,0,0,0,90,0,0,0,4,6,160,18,61350,0,0,0,4,0,0,0,0,0,0,0,0,0,0,0,6,0,0,0,0,0
153,0,5,0,0,0,65081,12,214,15,8,0,0,0,62,0,3,0,0,0,0,0,10,0,0,0,0,0,0,0,0,0,0,0,0,0,0,0,146,0,0,0,0,0,0,0,0,0,0,0,0,0,0,0,8,0,0,0,0,0,0,0,0,0,0,0,0
154,0,0,0,0,0,0,0,0,0,0,0,0,0,45,0,0,0,0,0,0,0,0,0,0,0,0,0,0,0,2,0,0,0,9,0,0,0,209,0,0,0,12,0,0,0,68839,22,140,11,0,0,0,0,0,0,0,0,0,0,0,0,5,0,0,0,0
155,0,0,0,0,0,0,0,0,0,0,0,0,0,47,0,0,0,0,0,0,0,0,0,0,0,0,0,0,0,142,0,0,0,0,0,0,0,0,0,0,0,0,0,0,0,22,0,0,0,13,0,0,0,303,0,0,0,15,0,0,0,71160,21,135,26,0
156,0,0,0,0,0,0,0,0,0,0,0,0,0,70,0,0,0,0,0,0,0,0,0,0,0,0,0,0,0,10,0,0,0,10,0,0,0,174,0,0,0,8,0,0,0,69929,19,126,16,0,0,0,0,0,0,0,0,0,0,0,0,1,0,0,0,0
157,0,0,0,0,0,0,0,0,0,427,0,2,0,0,0,0,0,0,0,0,0,0,0,0,0,5,0,0,0,0,0,0,0,68,0,0,0,1,0,0,0,65342,6,291,36,3,0,0,0,0,0,0,0,0,0,0,0,7,0,0,0,0,0,0,0,0
158,0,0,0,1,0,0,0,0,2,0,0,0,0,0,0,0,0,0,0,0,12,20,224,7,71205,0,0,0,0,0,1,0,92,0,0,0,0,0,0,0,5,0,0,0,0,0,0,0,0,0,0,0,0,0,0,0,69,0,0,0,0,0,0,0,0,0
159,0,6,0,0,0,69998,63,236,27,4,0,0,0,86,0,1,0,0,0,0,0,9,0,0,0,0,0,0,0,0,0,0,0,0,0,0,0,153,0,0,0,0,0,0,0,0,0,0,0,0,0,0,0,8,0,0,0,0,0,0,0,0,0,0,0,0
160,0,1,0,0,0,13,0,0,0,0,0,0,0,0,0,0,0,9,0,0,0,71037,11,192,85,6,0,0,0,76,0,0,0,0,0,0,0,2,0,0,0,0,0,0,0,0,0,0,0,0,0,0,0,107,0,0,0,0,0,0,0,0,0,0,0,0
161,0,0,0,0,0,0,0,0,0,0,1,0,0,0,63,0,0,0,0,0,0,0,0,0,0,0,0,0,0,0,0,0,0,0,49,0,0,0,259,0,0,0,17,0,0,5,68356,2,70,0,0,0,0,0,0,0,0,0,0,0,0,0,3,0,0,0
162,0,8,70094,0,71,0,13,0,0,0,374,0,0,0,13,0,0,0,10,0,0,0,0,0,0,0,0,0,0,0,0,0,0,0,250,0,0,0,0,0,0,0,0,0,0,0,0,0,0,0,42,0,2,0,0,0,0,0,0,0,0,0,0,0,0,0
163,0,6,0,0,0,89,0,0,0,15,0,0,0,73401,12,119,10,0,0,0,0,0,0,0,0,0,0,0,0,14,0,0,0,0,0,0,0,0,0,0,0,0,0,0,0,189,1,0,0,0,0,0,0,0,0,0,0,0,0,0,0,161,0,0,0,0
164,0,0,0,0,13,0,0,0,190,0,0,0,14,25,178,7,72708,0,0,0,0,0,0,0,0,0,0,0,0,0,0,0,11,0,0,0,1,0,0,0,2,0,0,0,0,2,0,0,284,0,0,0,0,0,0,0,0,0,0,0,0,0,0,0,7,0
165,0,0,0,0,0,0,0,0,0,474,0,0,0,0,0,0,0,0,0,0,0,0,0,0,0,2,0,0,0,0,0,0,0,55,0,1,0,5,0,0,0,71673,9,213,11,9,0,0,0,0,0,0,0,0,0,0,0,18,0,0,0,0,0,0,0,0
166,0,62,0,0,0,0,0,0,0,74237,14,198,16,10,0,0,0,0,0,0,0,0,0,0,0,40,0,1,0,0,0,0,0,0,0,0,0,0,0,0,0,289,0,0,0,0,0,0,0,0,0,0,0,0,0,0,0,41,0,2,0,0,0,0,0,0
167,0,12,199,11,73288,0,0,0,18,0,2,0,350,0,1,0,10,0,0,0,9,0,0,0,0,0,0,0,0,0,0,0,0,0,0,0,249,0,0,0,0,0,0,0,2,0,0,0,0,0,0,0,9,0,0,0,0,0,0,0,0,0,0,0,0,0
168,0,0,0,0,0,0,0,0,0,0,0,0,0,0,0,9,0,0,0,15,0,0,0,176,0,0,0,15,0,71,2,75871,2,0,0,0,0,0,0,0,0,0,0,0,0,0,0,0,0,0,0,0,0,0,0,2,0,0,0,0,0,0,0,65,0,0
169,0,0,0,0,0,0,0,0,0,0,0,0,0,0,0,20,0,0,0,0,0,0,0,0,0,0,0,0,0,0,0,299,0,0,0,0,0,0,0,0,0,0,0,1,0,0,0,13,0,0,0,36,0,0,0,262,0,0,0,22,0,101,2,73869,12,0
170,0,0,0,0,6,42,273,68,71625,0,0,0,0,0,0,0,58,0,0,0,0,0,0,0,19,0,0,0,0,0,0,0,0,0,0,0,0,0,0,0,311,0,0,0,0,0,0,0,2,0,0,0,0,0,0,0,62,0,0,0,0,0,0,0,0,0
171,0,0,0,16,0,0,0,0,0,0,0,0,0,0,0,0,0,74,8,76373,8,0,0,20,0,0,0,241,0,0,0,46,0,0,0,1,0,0,0,0,0,0,0,0,0,0,0,0,0,0,0,53,0,0,0,0,0,0,0,0,0,0,0,0,0,0
172,0,0,0,0,0,0,0,0,0,0,0,0,0,0,0,0,16,0,0,0,29,0,2,0,261,0,0,0,15,24,248,26,75633,0,0,0,0,0,0,0,0,0,0,0,0,0,0,0,9,0,0,0,0,0,0,0,0,0,0,0,0,0,0,0,87,0
173,0,0,0,0,0,0,0,0,0,1,0,0,654,0,0,0,0,0,0,0,0,0,0,0,0,0,0,0,5,0,0,0,0,0,0,0,62,0,0,0,4,37,280,15,74170,0,0,0,1,0,0,0,0,0,0,0,0,0,0,0,13,0,0,0,0,0
174,0,0,0,0,0,0,0,0,0,0,84,0,0,0,0,0,0,0,0,0,0,0,0,0,0,0,245,0,0,0,0,0,0,0,0,0,0,0,0,0,0,0,12,0,0,0,0,0,0,0,105,0,0,0,29,0,0,4,72991,14,103,0,5,0,0,0
175,0,0,0,0,2,5,248,17,73805,0,0,0,3,0,0,0,79,0,0,0,0,0,0,0,11,0,0,0,0,0,0,0,0,0,0,0,0,0,1,0,170,0,0,0,0,0,0,0,0,0,0,0,0,0,0,0,29,0,0,0,0,0,0,0,0,0
176,0,0,0,0,0,0,0,0,0,0,0,0,0,13,0,0,0,0,0,0,0,1,0,0,0,0,0,0,0,233,0,0,0,0,0,0,0,0,0,0,0,0,0,0,0,12,0,0,0,13,0,0,0,136,0,0,0,14,0,0,0,79244,10,121,13,0
177,0,10,139,5,76307,0,0,0,7,0,0,0,122,0,0,0,5,0,0,0,32,0,0,0,0,0,0,0,0,0,0,0,0,0,0,0,145,0,0,0,0,0,0,0,0,0,0,0,0,0,0,0,11,0,0,0,0,0,0,0,0,0,0,0,0,0
178,0,0,0,0,0,0,0,0,2,0,0,0,0,0,0,0,8,0,0,0,0,0,0,0,0,0,0,0,0,1,2,0,192,0,0,0,0,0,0,0,0,0,0,1,0,0,0,0,16,0,0,0,18,0,1,0,233,0,0,0,26,27,1026,12,74863,0
179,0,0,0,0,1,0,0,0,9,0,0,0,0,0,0,0,0,0,0,0,13,41,150,8,76647,0,0,0,1,0,1,0,196,0,0,0,0,0,0,0,4,0,0,0,0,0,0,0,0,0,0,0,0,0,0,0,84,0,0,0,0,0,0,0,0,0
180,0,0,0,0,15,0,0,0,202,0,0,0,27,8,193,19,78988,0,0,0,0,0,0,0,0,0,0,0,0,0,0,0,16,0,0,0,0,0,0,0,0,0,0,0,0,0,0,0,138,0,0,0,0,0,0,0,0,0,0,0,0,0,0,0,12,0
181,0,0,2,0,63,0,0,0,0,31,352,3,75567,0,0,0,2,0,0,0,0,0,0,0,0,0,0,0,15,0,0,0,0,0,0,0,0,0,0,0,0,0,0,0,126,0,0,0,0,0,0,0,0,0,0,0,0,0,0,0,31,0,0,0,0,0
182,0,0,0,0,0,0,0,0,16,0,0,0,0,0,0,0,0,0,0,0,26,39,199,12,77363,0,0,0,4,0,0,0,80,0,0,0,0,0,0,0,7,0,0,0,0,0,0,0,0,0,0,0,0,0,0,0,81,0,0,0,0,0,0,0,0,0
183,0,0,0,0,19,0,1,0,228,0,0,0,58,39,234,13,81825,0,0,0,0,0,0,0,0,0,0,0,0,0,0,0,14,0,0,0,0,0,0,0,0,0,0,0,0,2,0,0,146,0,0,0,0,0,0,0,0,0,0,0,0,0,0,0,38,0
184,0,88,0,1,0,0,0,0,0,0,0,0,0,0,0,0,0,1,0,0,0,0,0,0,0,0,0,0,0,0,0,0,0,80879,12,1083,19,13,0,0,0,469,0,3,0,113,0,3,0,14,0,0,0,0,0,0,0,0,0,0,0,0,0,0,0,0
185,0,0,0,0,7,22,257,15,78024,0,0,0,0,0,0,0,95,0,0,0,0,0,0,0,16,0,0,0,0,0,0,0,0,0,0,0,0,0,2,1,336,0,0,0,0,0,0,0,0,0,0,0,0,0,0,0,23,0,0,0,0,0,0,0,0,0
186,0,0,0,0,0,0,0,0,0,0,0,0,0,122,0,0,0,0,0,0,0,0,0,0,0,0,0,0,0,2,0,0,0,29,0,0,0,204,0,2,0,21,0,0,0,76537,16,172,62,0,0,0,0,0,0,0,0,0,0,0,0,7,0,0,0,0
187,0,1,0,0,0,2,0,0,0,0,0,0,0,0,0,0,0,7,0,0,0,76911,24,193,50,3,0,0,0,111,0,0,0,0,0,0,0,12,0,0,0,0,0,0,0,0,0,0,0,0,0,0,0,89,0,0,0,0,0,0,0,0,0,0,0,0
188,0,0,0,0,0,0,0,0,0,0,0,0,0,60,0,0,0,0,0,0,0,0,0,0,0,0,0,0,0,4,0,0,0,7,0,0,0,117,0,0,0,4,0,0,0,78863,8,96,5,0,0,0,0,0,0,0,0,0,0,0,0,9,0,1,0,0
189,0,77695,29,167,9,10,0,0,0,225,0,0,0,13,0,0,0,16,0,0,0,0,0,0,0,0,0,0,0,0,0,0,0,176,1,0,0,0,0,0,0,4,0,0,0,0,0,0,0,21,0,0,0,0,0,0,0,0,0,0,0,0,0,0,0,0
190,0,0,0,0,0,0,0,0,0,0,0,0,0,7,0,0,0,0,0,0,0,0,0,0,0,0,0,0,0,175,0,0,0,0,0,0,0,0,0,0,0,0,0,0,0,9,0,0,0,6,0,0,0,105,0,0,0,2,0,0,0,78995,8,83,13,0
191,0,65,4,76523,5,0,0,10,0,0,0,355,0,0,0,81,0,0,0,18,0,0,0,0,0,0,0,0,0,0,0,0,0,0,0,195,0,0,0,0,0,0,0,0,0,0,0,0,0,0,0,13,0,0,0,0,0,0,0,0,0,0,0,0,0,0
192,0,1,0,0,0,12,0,0,0,0,0,0,0,0,0,0,0,22,0,1,0,72983,24,266,33,2,0,0,0,85,0,0,0,0,0,0,0,13,0,0,0,0,0,0,0,0,0,0,0,0,0,0,0,97,0,0,0,0,0,0,0,1,0,0,0,0
193,0,0,0,0,0,0,0,0,0,74,0,2,0,0,0,0,0,0,0,0,0,0,0,0,0,2,0,0,0,0,0,0,0,60,0,2,0,0,0,0,0,75613,17,764,28,5,0,0,0,0,0,0,0,0,0,0,0,5,0,0,0,0,0,0,0,0
194,0,0,0,9,0,0,0,148,0,0,0,12,0,92,2,73612,12,0,0,0,0,0,0,0,0,0,0,0,0,0,0,10,0,0,0,0,0,0,0,1,0,0,0,0,0,0,0,362,0,0,0,0,0,0,0,0,0,0,0,0,0,0,0,5,0,0
195,0,0,1,0,101,0,0,0,0,0,0,0,0,0,0,0,0,0,0,0,18,0,0,0,0,0,0,0,0,0,0,0,0,61,176,19,71827,0,0,0,16,0,0,0,249,0,0,0,11,0,0,0,10,0,0,0,0,0,0,0,0,0,0,0,0,0
196,0,0,0,0,0,0,0,0,0,0,97,0,0,0,0,0,0,0,0,0,0,0,0,0,0,0,1,0,0,0,0,0,0,0,88,0,0,0,16,0,0,7,65481,16,81,0,13,0,0,0,0,0,0,0,0,0,0,0,8,0,0,0,0,0,0,0
197,0,1,0,0,0,14,0,0,0,0,0,0,0,0,0,0,0,27,0,2,0,70278,25,131,76,4,0,0,0,97,0,0,0,0,0,0,0,4,0,0,0,0,0,0,0,0,0,0,0,0,0,0,0,77,0,0,0,0,0,0,0,0,0,0,0,0
198,0,74549,13,307,17,17,0,0,0,189,0,0,0,8,0,0,0,21,0,0,0,0,0,0,0,0,0,0,0,0,0,0,0,153,0,1,0,0,0,0,0,0,0,0,0,0,0,0,0,15,0,0,0,0,0,0,0,0,0,0,0,0,0,0,0,0
199,0,0,0,0,0,0,0,0,0,0,0,0,0,0,0,0,37,0,0,0,0,0,0,0,0,0,0,0,0,0,0,0,0,0,0,0,9,0,0,0,237,0,0,0,6,11,155,21,73555,0,0,0,0,0,0,0,0,0,0,0,0,0,0,0,2,0
200,0,77478,26,279,7,27,0,0,0,235,0,0,0,40,0,0,0,19,0,0,0,0,0,0,0,1,0,0,0,0,0,0,0,209,0,2,0,0,0,0,0,1,0,0,0,0,0,0,0,19,0,0,0,0,0,0,0,0,0,0,0,0,0,0,0,0
201,0,6,0,0,0,0,0,0,0,0,0,0,0,0,0,0,0,77017,17,239,19,23,0,0,0,120,0,0,0,15,0,0,0,1,0,0,0,0,0,0,0,0,0,0,0,0,0,0,0,63,0,0,0,0,0,0,0,0,0,0,0,0,0,0,0,0
202,0,0,0,0,0,0,0,0,0,0,0,32,0,0,0,0,0,0,0,0,0,0,0,0,0,0,0,147,0,0,0,0,0,0,0,0,0,0,0,0,0,0,0,20,0,0,0,0,0,0,0,93,0,0,0,0,0,82,30,72478,11,0,0,13,0,0
203,0,1,0,0,0,13,0,0,0,0,0,0,0,0,0,0,0,14,0,0,0,72955,10,162,23,3,0,0,0,166,0,1,0,0,0,0,0,21,0,0,0,0,0,0,0,0,0,0,0,0,0,0,0,143,0,0,0,0,0,0,0,0,0,0,0,0
204,0,0,0,0,0,0,0,0,0,0,0,0,0,0,0,22,0,0,0,0,0,0,0,1,0,0,0,0,0,0,0,296,0,0,0,0,0,0,0,0,0,0,0,0,0,0,0,12,0,0,0,58,0,0,0,264,1,0,0,22,0,86,4,74618,14,0
205,0,5,0,0,0,75633,22,308,45,1,0,0,0,78,0,0,0,0,0,0,0,15,0,0,0,0,0,0,0,0,0,0,0,0,0,0,0,276,0,1,0,0,0,0,0,0,0,0,0,0,0,0,0,72,0,0,0,0,0,0,0,0,0,0,0,0
206,0,77,0,0,0,0,0,0,0,0,0,0,0,0,0,0,0,2,0,0,0,0,0,0,0,0,0,0,0,0,0,0,0,80417,25,352,32,13,0,0,0,335,0,1,0,27,0,0,0,11,0,0,0,0,0,0,0,0,0,0,0,0,0,0,0,0
207,0,32,0,0,0,0,0,0,0,0,0,0,0,0,0,0,0,0,0,0,0,0,0,0,0,0,0,0,0,0,0,0,0,80159,19,266,10,17,0,0,0,232,0,0,0,59,0,0,0,15,0,0,0,0,0,0,0,0,0,0,0,0,0,0,0,0
208,0,83873,19,211,6,32,0,0,0,195,0,0,0,18,0,0,0,21,0,0,0,0,0,0,0,0,0,0,0,0,0,0,0,325,0,1,0,0,0,0,0,3,0,0,0,0,0,0,0,11,0,0,0,0,0,0,0,0,0,0,0,0,0,0,0,0
209,0,8,0,0,4,126,0,0,0,10,0,0,0,83438,19,132,22,0,0,0,0,2,0,0,0,0,0,0,0,17,0,0,0,0,0,0,0,0,0,0,0,0,0,0,0,290,0,0,0,2,0,0,0,0,0,0,0,0,0,0,0,3,0,0,0,0
210,0,84471,17,271,46,13,0,0,0,241,0,0,0,11,0,0,0,26,0,0,0,0,0,0,0,0,0,0,0,0,0,0,0,231,0,14,0,0,0,0,0,1,0,0,0,0,0,0,0,21,0,0,0,0,0,0,0,0,0,0,0,0,0,0,0,0
211,0,0,0,0,0,76,0,0,0,0,0,0,0,0,0,0,0,0,0,0,0,3,0,0,0,0,0,0,0,0,0,0,0,4,0,0,0,80748,5,308,8,1,0,0,0,53,0,0,0,0,0,0,0,5,0,0,0,0,0,0,0,0,0,0,0,0
212,0,0,0,0,0,0,0,0,0,0,0,0,0,17,0,0,0,0,0,0,0,0,0,0,0,0,0,0,0,173,0,2,0,0,0,0,0,0,0,0,0,0,0,0,0,46,0,0,0,39,0,0,0,274,0,1,0,22,0,0,0,80281,8,181,22,0
213,0,14,0,0,0,2,0,0,0,0,0,0,0,60,0,0,0,0,0,0,0,0,0,0,0,0,0,0,0,15,0,0,0,12,0,0,0,138,0,0,0,13,0,0,0,81525,16,229,25,0,0,0,0,0,0,0,0,0,0,0,0,6,0,0,0,0
214,0,86,0,0,0,0,0,0,0,0,0,0,0,0,0,0,0,4,0,0,0,0,0,0,0,0,0,0,0,0,0,0,0,83068,19,247,16,23,0,0,0,201,0,0,0,43,0,0,0,8,0,0,0,0,0,0,0,0,0,0,0,0,0,0,0,0
215,0,0,0,0,7,0,1,0,163,0,0,0,21,15,231,13,75675,0,0,0,0,0,0,0,0,0,0,0,0,0,0,0,11,0,0,0,0,0,0,0,1,0,0,0,0,0,2,0,164,0,0,0,0,0,0,0,0,0,0,0,0,0,0,0,10,0
216,0,0,0,0,0,0,0,0,0,2,0,0,26,0,0,0,0,0,0,0,0,0,0,0,0,0,0,0,198,0,0,0,0,0,0,0,0,0,0,0,0,0,0,0,13,0,0,0,0,0,2,0,81,0,0,0,4,39,193,4,79281,0,0,0,5,0
217,0,5,0,0,0,82942,40,299,31,4,0,0,0,81,0,1,0,0,0,0,0,9,0,0,0,0,0,0,0,0,0,0,0,0,0,0,14,216,0,0,0,0,0,0,0,0,0,0,0,0,0,0,0,9,0,0,0,0,0,0,0,0,0,0,0,0
218,0,85,0,0,0,0,0,0,0,0,0,0,0,0,0,0,0,1,0,0,0,0,0,0,0,0,0,0,0,0,0,0,0,83371,18,329,38,22,0,0,0,228,0,0,0,78,0,0,0,9,0,0,0,0,0,0,0,0,0,0,0,0,0,0,0,0
219,0,0,0,21,0,0,0,191,1,0,0,9,0,630,0,81488,22,0,0,0,0,0,0,0,0,0,0,0,0,1,0,7,0,0,0,0,0,0,0,2,0,0,0,0,0,2,0,360,0,0,0,0,0,0,0,0,0,0,0,0,0,0,0,11,0,0
220,0,64,0,0,0,0,0,0,0,0,0,0,0,0,0,0,0,2,0,0,0,0,0,0,0,0,0,0,0,0,0,0,0,83402,20,428,18,98,0,0,0,281,0,4,0,64,0,1,0,13,0,0,0,0,0,0,0,0,0,0,0,0,0,0,0,0
221,0,174,2,81973,30,0,0,21,0,2,1,415,0,0,0,31,0,0,0,21,0,0,0,0,0,0,0,0,0,0,0,0,0,0,0,327,0,0,0,0,0,0,0,3,0,0,0,0,0,0,0,53,0,0,0,0,0,0,0,0,0,0,0,0,0,0
222,0,190,0,1,0,0,0,0,0,2,0,0,0,0,0,0,0,5,0,0,0,0,0,0,0,0,0,0,0,0,0,0,0,80019,15,324,40,12,0,0,0,312,0,0,0,37,0,0,0,8,0,0,0,0,0,0,0,0,0,0,0,0,0,0,0,0
223,0,0,0,0,0,0,0,0,0,68,0,0,0,0,0,0,0,0,0,0,0,0,0,0,0,0,0,0,0,0,0,0,0,88,0,0,0,2,0,0,0,75691,19,244,23,15,0,0,0,0,0,0,0,0,0,0,0,23,0,0,0,0,0,0,0,0
224,0,84321,16,239,13,19,0,0,0,206,0,0,0,13,0,0,0,10,0,0,0,0,0,0,0,0,0,0,0,0,0,0,0,367,0,0,0,0,0,0,0,1,0,0,0,0,0,0,0,16,0,0,0,0,0,0,0,0,0,0,0,0,0,0,0,0
225,0,0,0,0,15,0,4,0,319,0,0,0,7,14,215,5,79048,0,0,0,0,0,0,0,0,0,0,0,0,0,0,0,10,0,0,0,0,0,0,0,1,0,0,0,0,0,2,0,181,0,0,0,0,0,0,0,0,0,0,0,0,0,0,0,7,0
226,0,0,0,0,0,41,0,16,0,0,0,0,0,0,0,0,0,0,0,0,0,286,0,2,0,0,0,0,0,2,0,0,0,0,0,0,0,21,0,0,0,0,0,0,0,0,0,0,0,13,0,0,0,78482,12,229,7,0,0,0,0,83,0,0,0,0
227,0,84378,52,253,3,47,0,0,0,186,0,0,0,14,0,0,0,8,0,1,0,0,0,0,0,0,0,0,0,0,0,0,0,269,0,0,0,0,0,0,0,0,0,0,0,0,0,0,0,17,0,0,0,0,0,0,0,0,0,0,0,0,0,0,0,0
228,0,0,15,0,0,0,145,0,0,0,16,0,0,12,74033,5,102,0,0,0,0,0,0,0,0,0,0,0,0,0,4,0,0,0,0,0,0,0,0,0,0,0,0,0,0,0,266,0,0,0,0,0,0,0,0,0,0,0,0,0,0,0,4,0,0,0
229,0,0,0,0,0,0,0,0,0,0,0,227,0,0,0,0,0,0,0,0,0,0,0,0,0,0,0,5,0,0,0,0,0,2,0,135,0,0,0,6,0,150,46,72060,4,0,0,16,0,0,0,0,0,0,0,0,0,0,0,25,0,0,0,0,0,0
230,0,0,0,0,0,0,0,0,11,0,0,0,0,0,0,0,0,0,0,0,15,29,269,14,76618,0,0,0,2,0,0,0,137,0,0,0,0,0,0,0,6,0,0,0,0,0,0,0,0,0,0,0,0,0,0,0,71,0,0,0,0,0,0,0,0,0
231,0,100,0,0,0,0,0,0,0,2,0,0,0,0,0,0,0,4,0,0,0,0,0,0,0,0,0,0,0,0,0,0,0,84632,22,251,20,15,0,0,0,288,0,5,0,49,0,0,0,16,0,0,0,0,0,0,0,0,0,0,0,0,0,0,0,0
232,0,5,262,12,80378,0,0,0,14,0,1,0,218,0,0,0,12,0,0,0,26,0,0,0,0,0,0,0,0,0,0,0,0,0,1,0,352,0,0,0,0,0,0,0,0,0,0,0,0,0,0,0,20,0,0,0,0,0,0,0,0,0,0,0,0,0
233,0,0,0,0,0,13,0,0,0,0,0,0,0,0,0,0,0,28,0,0,0,84525,20,203,35,2,0,0,0,102,0,0,0,0,0,0,0,2,0,0,0,0,0,0,0,0,0,0,0,0,0,0,0,86,0,0,0,0,0,0,0,0,0,0,0,0
234,0,0,12,0,0,0,0,0,0,0,0,0,0,0,0,0,0,0,230,0,0,0,0,0,0,0,1,0,0,0,0,0,0,0,12,0,0,0,0,0,0,0,0,0,0,0,0,0,0,2,85065,9,86,0,17,0,0,0,259,0,1,0,24,0,0,0
235,0,14,134,19,83470,0,0,0,9,0,0,0,273,0,0,0,16,0,0,0,15,0,0,0,0,0,0,0,1,0,0,0,0,0,0,0,195,0,0,0,0,0,0,0,0,0,0,0,0,0,0,0,12,0,0,0,0,0,0,0,0,0,0,0,0,0
236,0,0,0,0,32,51,340,17,73308,0,0,0,2,0,0,0,72,0,0,0,0,0,0,0,8,0,0,0,0,0,0,0,0,0,0,0,0,0,0,0,143,0,0,0,0,0,0,0,0,0,0,0,0,0,0,0,26,0,0,0,0,0,0,0,0,0
237,0,0,0,0,0,12,0,0,0,0,0,0,0,0,0,0,0,16,0,0,0,82972,27,189,35,2,0,0,0,93,0,0,0,0,0,0,0,6,0,0,0,0,0,0,0,0,0,0,0,0,0,0,0,104,0,0,0,0,0,0,0,0,0,0,0,0
238,0,0,0,0,0,0,0,0,0,0,0,0,0,108,0,0,0,0,0,0,0,0,0,0,0,0,0,0,0,1,0,0,0,17,0,0,0,162,0,0,0,13,0,0,0,80084,8,135,6,0,0,0,0,0,0,0,0,0,0,0,0,6,0,0,0,0
239,0,0,0,0,0,0,0,0,0,0,0,0,0,0,0,0,37,0,0,0,0,0,0,0,1,0,0,0,0,0,0,0,198,0,0,0,0,0,0,0,1,0,0,0,0,0,0,0,25,0,0,0,27,1,1,0,833,0,0,0,25,33,287,18,78252,0
240,0,0,0,0,0,0,92,0,0,0,0,0,0,0,0,0,0,0,0,0,0,0,7,0,0,0,0,0,0,0,0,0,0,0,5,0,0,6,81544,2,76,0,6,0,0,0,99,0,0,0,0,0,0,0,5,0,0,0,0,0,0,0,0,0,0,0
241,0,17,0,0,0,144,2,0,0,23,0,0,0,82069,9,140,4,0,0,0,0,0,0,0,0,0,0,0,0,19,0,0,0,0,0,0,0,0,0,0,0,0,0,0,0,213,0,1,0,0,0,0,0,0,0,0,0,0,0,0,0,42,0,0,0,0
242,0,79,0,82620,9,0,0,99,0,0,0,300,0,0,0,27,0,0,0,21,0,0,0,0,0,0,0,0,0,0,0,0,0,0,0,186,0,0,0,0,0,0,0,0,0,0,0,0,0,0,0,24,0,0,0,0,0,0,0,0,0,0,0,0,0,0
243,0,85738,28,249,41,18,0,0,0,241,0,0,0,11,0,0,0,21,0,0,0,0,0,0,0,0,0,0,0,0,0,0,0,492,0,0,0,0,0,0,0,3,0,0,0,0,0,0,0,18,0,0,0,0,0,0,0,0,0,0,0,0,0,0,0,0
244,0,84010,25,519,32,50,0,0,0,490,0,3,0,12,0,0,0,27,0,0,0,0,0,0,0,0,0,0,0,0,0,0,0,318,0,3,1,0,0,0,0,4,0,0,0,0,0,0,0,27,0,0,0,0,0,0,0,0,0,0,0,0,0,0,0,0
245,0,0,258,0,0,0,0,0,0,0,2,0,0,0,0,0,0,0,1,0,0,0,0,0,0,0,0,0,0,0,0,0,0,2,82799,2,62,0,12,0,0,0,404,0,2,0,23,0,0,0,13,0,0,0,0,0,0,0,0,0,0,0,0,0,0,0
246,0,0,0,0,83,0,0,0,7,44,203,19,80162,0,0,0,6,0,0,0,0,0,0,0,0,0,0,0,27,0,0,0,0,0,0,0,0,0,0,0,0,0,2,0,356,0,0,0,0,0,0,0,0,0,0,0,0,0,0,0,63,0,0,0,0,0
247,0,0,0,0,4,20,173,14,82966,0,0,0,7,0,0,0,60,0,0,0,0,0,0,0,11,0,0,0,0,0,0,0,0,0,0,0,0,0,3,0,210,0,0,0,0,0,0,0,0,0,0,0,0,0,0,0,62,0,0,0,0,0,0,0,0,0
248,0,86575,35,272,14,31,0,0,0,193,0,0,0,21,0,0,0,14,0,0,0,0,0,0,0,0,0,0,0,0,0,0,0,203,1,1,0,0,0,0,0,0,0,1,0,0,0,0,0,19,0,0,0,0,0,0,0,0,0,0,0,0,0,0,0,0
249,0,0,0,0,0,0,0,0,0,0,0,63,0,0,0,0,0,0,0,0,0,0,0,0,0,0,0,192,0,0,0,0,0,0,0,0,0,0,0,0,0,0,0,17,0,0,0,0,0,0,0,96,0,0,0,2,0,90,0,80573,16,0,0,14,0,0
250,0,69,0,0,0,0,0,0,0,82292,27,230,18,15,0,0,0,0,0,0,0,0,0,0,0,17,0,0,0,0,0,0,0,0,0,0,0,0,0,0,0,313,0,0,0,0,0,0,0,0,0,0,0,0,0,0,0,33,0,0,0,0,0,0,0,0
251,0,82106,9,384,29,11,0,0,0,284,0,5,0,18,0,0,0,27,0,0,0,0,0,0,0,0,0,0,0,0,0,0,0,168,0,0,0,0,0,0,0,1,0,0,0,0,0,0,0,20,0,0,0,0,0,0,0,0,0,0,0,0,0,0,0,0
252,0,0,0,0,0,0,0,0,0,0,0,0,0,15,0,0,0,0,0,0,0,1,0,0,0,0,0,0,0,203,0,0,0,0,0,0,0,0,0,0,0,0,0,0,0,20,0,1,0,42,0,0,0,136,0,0,0,13,0,0,0,81244,18,251,22,0
253,0,0,0,0,0,1,0,0,0,0,0,0,0,69,0,0,1,0,0,0,0,0,0,0,0,0,0,0,0,11,0,0,0,15,0,0,0,166,0,0,0,6,0,0,0,82218,11,164,44,0,0,0,0,0,0,0,0,0,0,0,0,6,0,0,0,0
254,0,0,0,0,71,0,0,0,0,0,0,0,1,0,0,0,0,0,0,0,0,0,0,0,0,0,0,0,0,0,0,0,0,11,264,14,81415,0,0,0,7,0,1,0,264,0,1,0,34,0,0,0,5,0,0,0,0,0,0,0,0,0,0,0,0,0
255,0,0,0,0,0,0,0,0,0,0,0,0,0,0,35,0,0,0,0,0,0,0,4,0,0,0,0,0,0,0,256,0,0,0,0,0,0,0,0,0,0,0,0,0,0,0,13,0,0,0,47,0,0,0,281,0,0,0,25,0,0,8,79979,0,46,0
256,0,75,0,0,0,0,0,0,0,85218,27,346,82,12,0,0,0,0,0,0,0,0,0,0,0,17,0,0,0,0,0,0,0,0,0,0,0,0,0,0,0,279,0,4,0,0,0,0,0,0,0,0,0,0,0,0,0,18,0,0,0,0,0,0,0,0
257,0,92,0,1,0,0,0,0,0,1,0,0,0,0,0,0,0,1,0,0,0,0,0,0,0,0,0,0,0,0,0,0,0,83144,4,361,17,7,0,0,0,382,0,3,0,21,0,0,0,3,0,0,0,0,0,0,0,0,0,0,0,0,0,0,0,0
258,0,0,0,0,0,0,0,0,0,0,0,0,0,0,0,0,6,0,0,0,41,0,0,0,256,0,0,0,7,19,185,13,82554,0,0,0,0,0,0,0,0,0,0,0,0,0,0,0,0,0,0,0,0,0,0,0,0,0,0,0,0,0,0,0,73,0
259,0,4,87380,0,191,0,17,0,0,0,311,0,0,0,15,0,0,0,11,0,0,0,0,0,0,0,0,0,0,0,0,0,0,0,166,0,0,0,0,0,0,0,0,0,0,0,0,0,0,0,21,0,0,0,0,0,0,0,0,0,0,0,0,0,0,0
260,0,81,2,85858,16,0,0,26,0,0,0,287,0,0,0,9,0,0,0,15,0,0,0,0,0,0,0,0,0,0,0,0,0,0,0,262,0,0,0,0,0,0,0,0,0,0,0,0,0,0,0,34,0,0,0,0,0,0,0,0,0,0,0,0,0,0
261,0,99,0,0,0,1,0,0,0,81734,14,390,31,20,0,0,0,0,0,0,0,0,0,0,0,4,0,0,0,0,0,0,0,2,0,0,0,0,0,0,0,423,0,1,0,0,0,0,0,0,0,0,0,0,0,0,0,24,0,0,0,0,0,0,0,0
262,0,0,0,0,1,24,322,12,77454,0,0,0,0,0,0,0,90,0,0,0,0,0,0,0,14,0,0,0,0,0,0,0,0,0,0,0,0,0,0,0,232,0,0,0,0,0,0,0,0,0,0,0,0,0,0,0,18,0,0,0,0,0,0,0,0,0
263,0,18,0,0,0,0,0,0,0,0,0,0,0,0,0,0,0,83106,18,528,23,18,0,0,0,190,0,1,0,24,0,0,0,0,0,0,0,0,0,0,0,0,0,0,0,0,0,0,0,86,0,0,0,0,0,0,0,0,0,0,0,0,0,0,0,0
264,0,0,48,0,0,0,0,0,0,0,0,0,0,0,0,0,0,0,3,0,0,0,0,0,0,0,0,0,0,0,0,0,0,4,76533,2,89,0,13,0,0,0,431,0,1,0,22,0,0,0,6,0,0,0,0,0,0,0,0,0,0,0,0,0,0,0
265,0,0,0,0,0,0,0,0,0,0,0,0,0,0,18,0,0,0,0,0,0,0,0,0,0,0,0,0,0,0,327,0,0,0,0,0,0,0,0,0,0,0,0,0,0,0,24,0,0,0,32,0,1,0,272,0,0,0,18,0,0,12,71293,0,71,0
266,0,0,0,0,0,0,0,0,0,0,0,25,0,0,0,2,0,0,0,0,0,0,0,0,0,1,0,190,0,0,0,0,0,0,0,0,0,0,0,0,0,0,0,13,0,0,0,0,0,352,0,103,0,0,0,2,0,168,10,77985,16,0,0,21,0,0
267,0,160,0,1,0,0,0,0,0,0,0,0,0,0,0,0,0,2,0,0,0,0,0,0,0,0,0,0,0,0,0,0,0,81089,24,315,27,12,0,0,0,330,0,3,0,30,0,0,0,12,0,0,0,0,0,0,0,0,0,0,0,0,0,0,0,0
268,0,0,0,0,0,0,0,0,0,0,0,0,0,0,2,0,67,0,0,0,0,0,0,0,0,0,0,0,0,0,0,0,0,0,0,0,9,0,0,0,326,0,0,0,15,10,289,15,77977,0,0,0,0,0,0,0,0,0,0,0,0,0,0,0,3,0
269,0,7,0,0,0,0,0,0,0,0,0,0,0,0,0,0,0,81633,10,264,5,92,0,0,0,241,0,1,0,10,0,0,0,5,0,0,0,0,0,0,0,0,0,0,0,0,0,0,0,99,0,0,0,0,0,0,0,0,0,0,0,0,0,0,0,0
270,0,0,0,0,0,0,0,0,0,0,0,0,0,11,0,0,0,0,0,0,0,0,0,0,0,0,0,0,0,172,0,0,0,0,0,0,0,0,0,0,0,0,0,0,0,8,0,0,0,8,0,4,0,153,0,0,0,16,0,0,0,83005,18,170,20,0
271,0,2,0,0,0,0,0,0,0,526,0,0,0,0,0,0,0,0,0,0,0,0,0,0,0,1,0,0,0,0,0,0,0,78,0,0,0,4,0,0,0,81847,9,335,41,17,0,0,0,0,0,0,0,0,0,0,0,13,0,0,0,0,0,0,0,0
272,0,21,0,0,0,142,0,0,0,4,0,0,0,79674,6,196,20,0,0,0,0,0,0,0,0,0,0,0,0,12,0,0,0,0,0,0,0,0,0,0,0,0,0,0,0,344,0,0,0,0,0,0,0,0,0,0,0,0,0,0,0,33,0,0,0,0
273,0,0,0,0,0,9,0,0,0,0,0,0,0,0,0,0,0,14,0,0,0,79458,447,285,70,2,0,0,0,378,0,4,0,0,0,0,0,11,0,0,0,0,0,0,0,0,0,0,0,0,0,0,0,88,0,0,0,0,0,0,0,0,0,0,0,0
274,0,0,0,0,5,0,0,0,0,0,0,0,0,0,0,0,0,19,284,12,79975,0,0,0,11,1,0,0,224,0,0,0,11,0,0,0,2,0,0,0,0,0,0,0,0,0,0,0,0,0,0,0,87,0,0,0,0,0,0,0,2,0,0,0,0,0
275,0,0,0,0,0,0,14,0,0,0,0,0,0,0,0,0,0,0,16,0,0,18,78765,0,158,0,4,0,0,0,77,0,0,0,0,0,0,0,7,0,0,0,0,0,0,0,0,0,0,0,0,0,0,0,94,0,0,0,0,0,0,0,0,0,0,0
276,0,0,0,0,0,152,0,0,0,0,0,0,0,0,0,0,0,0,0,0,0,53,0,0,0,0,0,0,0,0,0,0,0,7,0,0,0,79531,17,202,27,3,0,0,0,96,0,0,0,0,0,0,0,24,0,0,0,0,0,0,0,0,0,0,0,0
277,0,0,0,1,0,0,0,0,0,0,0,91,0,0,0,0,0,0,0,0,0,0,0,0,0,0,0,10,0,0,0,0,0,0,0,485,0,0,0,5,0,131,1,80156,5,0,0,14,0,0,0,0,0,0,0,0,0,0,0,17,0,0,0,0,0,0
278,0,0,0,0,0,0,0,0,0,0,0,0,0,8,0,0,0,0,0,0,0,0,0,0,0,0,0,0,0,291,0,2,0,0,0,0,0,2,0,0,0,0,0,0,0,7,0,0,0,22,0,0,0,101,0,2,0,10,0,0,0,78940,12,153,59,0
279,0,82321,18,424,16,22,0,0,0,185,0,0,0,9,0,0,0,22,0,0,0,0,0,0,0,0,0,0,0,0,0,0,0,182,0,3,0,0,0,0,0,1,0,0,0,0,0,0,0,31,0,0,0,0,0,0,0,1,0,0,0,0,0,0,0,0
280,0,36,3,81455,5,0,0,28,0,5,0,502,0,0,0,18,0,0,0,10,0,0,0,0,0,0,0,0,0,0,0,0,0,0,0,210,0,0,0,0,0,0,0,0,0,0,0,0,0,0,0,4,0,0,0,0,0,0,0,0,0,0,0,0,0,0
281,0,80698,22,210,19,15,0,0,0,379,0,0,0,9,0,0,0,9,0,0,0,0,0,0,0,0,0,0,0,0,0,0,0,2963,0,10,2,0,0,0,0,4,0,0,0,0,0,0,0,23,0,0,0,0,0,0,0,0,0,0,0,0,0,0,0,0
282,0,81949,11,173,7,15,0,0,0,274,0,0,0,13,0,0,0,15,0,0,0,0,0,0,0,0,0,0,0,0,0,0,0,178,0,0,0,0,0,0,0,0,0,0,0,0,0,0,0,9,0,0,0,0,0,0,0,0,0,0,0,0,0,0,0,0
283,0,0,0,0,0,11,0,0,0,0,0,0,0,0,0,0,0,0,0,0,0,153,0,0,0,0,0,0,0,2,0,0,0,0,0,1,0,12,0,0,0,0,0,0,0,3,0,0,0,21,0,0,0,80680,25,217,14,0,0,0,0,68,0,0,0,0
284,0,0,0,0,0,0,0,0,0,0,0,0,0,119,0,0,0,0,0,0,0,0,0,0,0,0,0,0,0,3,0,0,0,27,0,0,0,141,0,0,1,18,0,0,0,82046,18,292,12,0,0,0,0,0,0,0,0,0,0,0,0,11,0,0,0,0
285,0,3,0,0,0,83855,17,292,28,1,0,0,0,146,0,0,0,0,0,0,0,20,0,0,0,0,0,0,0,0,0,0,0,0,0,0,0,324,0,2,0,0,0,0,0,0,0,0,0,0,0,0,0,66,0,0,0,0,0,0,0,0,0,0,0,0
286,0,0,0,0,0,1,0,0,0,0,0,0,0,87,0,0,0,0,0,0,0,0,0,0,0,0,0,0,0,0,0,0,0,24,0,0,0,458,0,0,0,10,0,0,0,84852,9,201,15,0,0,0,0,0,0,0,0,0,0,0,0,7,0,0,0,0
287,0,0,0,0,0,0,0,2,0,0,0,0,0,0,0,8,0,0,0,50,0,35,0,22226,6,0,0,32,0,609,3,65566,7,0,0,0,0,0,0,3,0,0,0,0,0,0,0,8,0,0,0,0,0,0,0,15,0,0,0,0,0,0,0,127,0,0
288,0,0,0,0,123,0,0,0,0,0,0,0,0,0,0,0,0,0,0,0,3,0,0,0,0,0,0,0,0,0,0,0,0,10,203,12,90906,0,0,0,10,0,0,0,293,0,0,0,19,0,0,0,12,0,0,0,0,0,0,0,0,0,0,0,0,0
288INS0,0,0,0,0,0,0,0,0,0,0,0,0,0,0,0,0,0,0,0,0,0,0,0,0,0,0,0,0,0,0,0,0,0,0,0,0,0,0,0,0,0,0,0,0,0,0,0,0,0,0,2,0,0,0,0,0,0,0,0,0,0,0,0,0,0,0
289,0,0,0,0,0,0,0,0,0,0,0,0,0,103,0,0,0,0,0,0,0,0,0,0,0,0,0,0,0,9,0,0,0,21,0,0,0,221,0,2,0,8,0,0,0,84288,6,353,17,0,0,0,0,0,0,0,0,0,0,0,0,3,0,0,0,0
290,0,0,0,0,0,0,0,0,0,0,2,0,193,0,0,0,0,0,0,0,0,0,0,0,0,0,0,0,5,0,0,0,0,0,0,0,95,0,0,0,0,15,219,35,78858,0,0,0,1,0,0,0,0,0,0,0,0,0,0,0,15,0,0,0,0,0
291,0,0,0,0,94,0,0,0,0,0,0,0,2,0,0,0,0,0,0,0,0,0,0,0,0,0,0,0,0,0,0,0,0,23,187,13,83430,0,0,0,18,1,0,0,310,0,0,0,46,0,0,0,7,0,0,0,0,0,0,0,0,0,0,0,0,0
292,0,0,0,0,0,129,0,0,0,0,0,0,0,0,0,0,0,0,0,0,0,7,0,0,0,0,0,0,0,0,0,0,0,6,0,0,0,85849,7,1424,26,7,0,0,0,131,0,0,0,0,0,0,0,2,0,0,0,0,0,0,0,0,0,0,0,0
293,0,0,0,0,15,0,0,0,0,0,0,0,0,0,0,0,0,0,0,0,157,0,0,0,0,0,0,0,0,0,0,0,0,0,0,0,17,0,0,0,0,0,0,0,0,0,0,0,0,17,257,19,86390,0,0,0,16,0,0,0,157,0,0,0,3,0
294,0,0,0,0,0,0,0,0,0,0,0,0,0,0,0,0,19,0,0,0,0,0,0,0,2,0,0,0,0,0,1,0,237,0,0,0,0,0,0,0,0,0,0,0,0,0,0,0,39,0,0,0,28,0,0,0,236,0,0,0,21,14,221,16,85351,0
295,0,0,0,0,0,44,0,0,0,0,0,0,0,0,0,0,0,0,0,0,0,319,0,0,0,0,0,0,0,0,0,0,0,0,0,0,0,16,0,0,0,0,0,0,0,0,0,0,0,13,0,0,0,86188,20,238,10,0,0,0,0,54,0,0,0,0
296,0,0,0,0,0,0,0,0,0,0,0,0,0,0,1,0,79,0,0,0,0,0,0,0,0,0,0,0,0,0,0,0,0,0,0,0,9,0,4,0,362,0,0,0,10,18,413,10,82820,0,0,0,0,0,0,0,0,0,0,0,0,0,0,0,8,0
297,0,0,0,0,0,0,11,0,0,0,0,0,0,0,2,0,0,0,15,0,0,19,83063,0,103,0,3,0,0,0,92,0,0,0,0,0,0,0,3,0,0,0,0,0,0,0,0,0,0,0,0,0,0,0,137,0,0,0,0,0,0,0,0,0,0,0
298,0,0,0,0,0,0,0,0,0,0,0,0,0,20,0,0,0,11,0,0,0,187,0,0,0,8,0,0,0,85982,4,257,40,0,0,0,0,0,0,0,0,0,0,0,0,0,0,0,0,0,0,0,0,0,0,0,0,0,0,0,0,132,0,0,0,0
299,0,0,0,0,110,0,0,0,0,0,0,0,0,0,0,0,0,0,0,0,2,0,0,0,0,0,0,0,0,0,0,0,0,6,131,12,88822,0,0,0,15,0,0,0,254,0,0,0,23,0,0,0,48,0,0,0,0,0,0,0,0,0,0,0,0,0
300,0,59,0,88011,3,0,0,20,0,2,0,235,0,0,0,25,0,0,0,8,0,0,0,0,0,0,0,0,0,0,0,0,0,26,0,186,0,0,0,0,0,0,0,0,0,0,0,0,0,0,0,10,0,0,0,0,0,0,0,0,0,0,0,0,0,0
301,0,0,64,0,0,0,0,0,0,0,0,0,0,0,0,0,0,0,2,0,0,0,0,0,0,0,0,0,0,0,0,0,0,7,84361,3,77,0,23,0,0,0,256,0,0,0,19,0,0,0,9,0,0,0,0,0,0,0,0,0,0,0,0,0,0,0
302,0,0,0,0,0,0,0,0,0,0,0,0,0,0,17,0,0,0,0,0,0,0,0,0,0,0,0,0,0,0,396,0,0,0,0,0,0,0,0,0,0,0,0,0,0,0,24,0,0,0,68,0,0,0,247,0,0,0,15,0,0,15,83353,0,128,0
303,0,0,0,89,0,0,0,2,0,82,2,88042,9,0,0,13,0,0,0,0,0,0,0,0,0,0,0,14,0,0,0,0,0,0,0,1,0,0,0,0,0,0,0,274,0,0,0,0,0,0,0,0,0,0,0,0,0,0,0,18,0,0,0,0,0,0
304,0,98,5,88632,4,0,0,26,0,1,0,393,0,0,0,25,0,0,0,16,0,0,0,0,0,0,0,0,0,0,0,0,0,0,0,315,0,0,0,0,0,0,0,1,0,0,0,0,0,0,0,16,0,0,0,0,0,0,0,0,0,0,0,0,0,0
305,0,0,0,0,27,0,0,0,0,0,0,0,0,0,0,0,0,0,2,0,165,0,0,0,0,0,0,0,2,0,0,0,0,0,0,0,24,0,0,0,0,0,0,0,0,0,0,0,0,25,171,12,87191,0,0,0,10,0,0,0,169,0,0,0,14,0
306,0,0,0,0,5,4,223,13,89595,0,0,0,9,0,0,0,120,0,0,0,0,0,0,0,15,0,0,0,0,0,0,0,0,0,0,0,0,0,0,0,171,0,0,0,0,0,0,0,0,0,0,0,0,0,0,0,35,0,0,0,0,0,0,0,0,0
307,0,0,0,0,0,92,0,0,0,0,0,0,0,0,0,0,0,0,0,0,0,6,0,0,0,0,0,0,0,0,0,0,0,11,0,0,0,90446,11,199,42,14,0,0,0,90,0,0,0,0,0,0,0,16,0,0,0,0,0,0,0,0,0,0,0,0
308,0,0,0,0,0,0,0,0,0,0,0,0,0,0,18,0,0,0,0,0,0,0,0,0,0,0,0,0,0,0,458,0,0,0,0,0,0,0,0,0,0,0,0,0,0,0,20,0,0,0,55,0,0,0,257,0,0,0,25,0,0,9,87506,2,119,0
309,0,0,6,0,0,16,88419,1,138,0,2,0,0,0,68,0,0,0,0,0,0,0,15,0,0,0,0,0,0,0,0,0,0,0,0,0,0,0,246,0,0,0,0,0,0,0,0,0,0,0,0,0,0,0,12,0,0,0,0,0,0,0,0,0,0,0
310,0,9,0,0,0,203,1,0,0,13,0,0,0,88826,4,179,32,0,0,0,0,0,0,0,0,0,0,0,0,22,0,0,0,0,0,0,0,0,0,0,0,0,0,0,0,223,0,0,0,0,0,0,0,0,0,0,0,0,0,0,0,31,0,0,0,0
311,0,0,0,0,0,0,0,0,9,0,0,0,0,0,0,0,0,0,0,0,6,40,239,16,90171,0,0,0,4,0,0,0,83,0,0,0,0,0,0,0,9,0,0,0,0,0,0,0,0,0,0,0,0,0,0,0,83,0,0,0,0,0,0,0,0,0
312,0,0,0,0,66,0,0,0,1,17,135,9,90124,0,0,0,8,0,0,0,0,0,0,0,0,0,0,0,18,0,0,0,0,0,0,0,0,0,0,0,0,0,0,0,271,0,0,0,0,0,0,0,0,0,0,0,0,0,0,0,13,0,0,0,0,0
313,0,9,0,0,0,255,0,0,0,17,0,0,0,92376,14,165,19,0,0,0,0,0,0,0,0,0,0,0,0,13,0,0,0,0,0,0,0,0,0,0,0,0,0,0,0,201,0,0,0,0,0,0,0,0,0,0,0,0,0,0,0,15,0,0,0,0
314,0,2,91756,2,64,0,19,0,0,0,302,0,0,0,17,0,0,0,325,0,0,0,0,0,0,0,0,0,0,0,0,0,0,0,310,0,0,0,0,0,0,0,0,0,0,0,0,0,0,0,31,0,0,0,0,0,0,0,0,0,0,0,0,0,0,0
315,0,17,193,37,88004,0,0,0,15,0,0,0,284,0,0,0,6,0,0,0,16,0,0,0,0,0,0,0,0,0,0,0,0,0,0,0,164,0,0,0,0,0,0,0,1,0,0,0,0,0,0,0,10,0,0,0,0,0,0,0,0,0,0,0,0,0
316,0,0,0,123,0,0,0,0,0,0,0,0,0,0,0,0,0,0,0,1,0,0,0,0,0,0,0,0,0,0,0,0,0,128,0,87576,10,0,0,13,0,0,0,254,0,0,0,38,0,0,0,18,0,0,0,0,0,0,0,0,0,0,0,0,0,0
317,0,1,0,0,0,82382,18,307,37,0,0,0,0,63,0,2,0,0,0,0,0,19,0,0,0,0,0,0,0,0,0,0,0,0,0,0,0,410,0,0,0,0,0,0,0,1,0,0,0,0,0,0,0,35,0,0,0,0,0,0,0,0,0,0,0,0
318,0,0,0,0,0,7,0,0,0,0,0,0,0,0,0,0,0,22,0,6,0,84076,113,217,278,9,0,0,0,91,0,0,0,0,0,0,0,4,0,0,0,0,0,0,0,0,0,0,0,0,0,0,0,93,0,0,0,0,0,0,0,0,0,0,0,0
319,0,0,0,0,0,0,0,0,0,1,0,61,0,0,0,0,0,0,0,0,0,0,0,0,0,0,0,1,0,0,0,0,0,0,0,64,0,0,0,5,0,96,8,85246,7,0,0,20,0,0,0,0,0,0,0,0,0,0,0,14,0,0,0,0,0,0
320,0,0,1,0,19,0,2,0,215,0,0,0,10,11,207,9,84088,0,0,0,0,0,0,0,0,0,0,0,0,0,0,0,35,0,0,0,0,0,0,0,2,0,0,0,0,0,0,0,273,0,0,0,0,0,0,0,0,0,0,0,0,0,0,0,14,0
321,0,0,0,73,0,0,0,0,0,151,7,85092,12,0,0,6,0,0,0,0,0,0,0,0,0,0,0,11,0,0,0,0,0,0,0,0,0,0,0,0,0,0,0,432,0,0,0,0,0,0,0,0,0,0,0,0,0,0,0,16,0,0,0,0,0,0
322,0,0,0,0,14,0,0,0,0,0,0,0,0,0,0,0,0,0,0,0,167,0,0,0,0,0,0,0,0,0,0,0,0,0,0,0,10,0,0,0,0,0,0,0,0,0,0,0,0,27,220,23,78777,0,0,0,19,0,0,0,170,0,0,0,12,0
323,0,0,0,18,0,0,0,0,0,0,0,0,0,0,0,0,0,81,3,86523,6,0,0,26,0,0,0,242,0,0,0,29,0,0,0,2,0,0,0,0,0,0,0,0,0,0,0,0,0,0,0,114,0,0,0,0,0,0,0,0,0,0,0,0,0,0
324,0,0,15,0,0,0,0,0,0,0,0,0,0,0,0,0,0,0,183,0,0,0,0,0,0,0,0,0,0,0,0,0,0,0,14,0,0,0,0,0,0,0,0,0,0,0,0,0,0,2,86923,5,92,0,11,0,0,0,133,0,0,0,5,0,0,0
325,0,15,253,15,85429,0,0,0,9,0,0,0,279,0,0,0,30,0,0,0,34,0,0,0,0,0,0,0,0,0,0,0,0,0,0,0,177,0,0,0,0,0,0,0,0,0,0,0,0,0,0,0,18,0,0,0,0,0,0,0,0,0,0,0,0,0
326,0,0,0,0,0,0,0,1,0,0,0,0,0,0,0,116,0,0,0,0,0,0,0,0,0,0,0,0,0,0,0,3,0,0,0,31,0,0,0,201,0,0,0,21,0,135,15,81397,4,0,0,0,0,0,0,0,0,0,0,0,0,0,0,4,0,0
327,0,0,0,0,0,0,0,0,0,0,0,0,0,0,0,0,16,0,0,0,36,0,1,0,334,0,0,0,15,56,292,25,79262,0,0,0,0,0,0,0,0,0,0,0,0,0,0,0,13,0,0,0,0,0,0,0,0,0,0,0,0,0,0,0,90,0
328,0,0,0,0,0,18,0,0,0,0,0,0,0,0,0,0,0,5,0,0,0,81476,16,215,43,5,0,0,0,115,0,0,0,0,0,0,0,4,0,0,0,0,0,0,0,0,0,0,0,0,0,0,0,136,0,1,0,0,0,0,0,0,0,0,0,0
329,0,0,0,3,0,0,0,0,0,0,0,0,0,0,0,0,0,619,5,80667,12,0,0,16,0,8,0,2797,0,0,0,38,0,0,0,2,0,0,0,0,0,0,0,0,0,0,0,0,0,1,0,98,0,0,0,0,0,0,0,1,0,0,0,0,0,0
330,0,0,0,0,0,0,0,0,0,116,0,0,0,0,0,0,0,0,0,0,0,0,0,0,0,2,0,0,0,0,0,0,0,100,0,0,0,5,0,0,0,80265,15,286,28,13,0,0,0,0,0,0,0,0,0,0,0,22,0,0,0,0,0,0,0,0
331,0,0,0,0,0,0,0,0,0,0,0,26,0,0,0,0,0,0,0,0,0,0,0,0,0,0,0,157,0,0,0,0,0,0,0,0,0,0,0,0,0,0,0,11,0,0,0,0,0,0,0,123,0,0,0,1,0,90,4,81996,9,0,0,14,0,0
332,0,77793,23,435,22,28,0,0,0,325,0,0,0,10,0,0,0,12,0,0,0,0,0,0,0,0,0,0,0,0,0,0,0,3212,0,23,0,3,0,0,0,11,0,0,0,0,0,0,0,51,0,1,0,0,0,0,0,0,0,0,0,0,0,0,0,0
333,0,0,0,0,0,0,0,0,0,105,0,0,0,0,0,0,0,0,0,0,0,0,0,0,0,1,0,0,0,0,0,0,0,90,0,0,0,2,0,0,0,81629,11,373,14,18,0,0,0,0,0,0,0,0,0,0,0,10,0,0,0,0,0,0,0,0
334,0,0,0,0,0,50,0,0,0,0,0,0,0,0,0,0,0,0,0,0,0,276,0,0,0,0,0,0,0,1,0,0,0,0,0,0,0,13,0,0,0,0,0,0,0,0,0,0,0,8,0,0,0,78283,25,247,31,2,0,0,0,111,0,0,0,0
335,0,0,0,0,0,5,0,0,0,0,0,0,0,0,0,0,0,10,0,1,0,81954,13,216,51,1,0,0,0,294,0,2,0,0,0,0,0,5,0,0,0,0,0,0,0,0,0,0,0,0,0,0,0,103,0,0,0,0,0,0,0,0,0,0,0,0
336,0,0,0,0,0,81,0,0,1,0,0,0,0,0,0,0,0,0,0,0,0,10,0,0,0,0,0,0,0,0,0,0,0,7,0,0,0,82823,13,183,36,15,0,0,0,93,0,0,0,0,0,0,0,13,1,0,0,0,0,0,0,0,0,0,0,0
337,0,11,0,0,0,83,0,0,0,15,0,0,0,82798,14,158,6,0,0,0,0,0,0,0,0,0,0,0,0,14,0,0,0,0,0,0,0,0,0,0,0,0,0,0,0,292,0,1,0,0,0,0,0,0,0,0,0,0,0,0,0,25,0,0,0,0
338,0,0,0,0,0,0,0,0,0,0,0,0,0,0,0,0,21,0,0,0,0,0,0,0,4,0,0,0,0,0,2,0,314,0,0,0,0,0,0,0,0,0,0,0,0,0,0,0,16,0,0,0,9,0,3,0,243,0,0,0,20,38,607,15,77441,0
339,0,8,0,0,0,0,0,0,0,0,0,0,0,0,0,0,0,86090,8,204,25,17,0,0,0,193,0,0,0,24,0,0,0,1,0,0,0,0,0,0,0,0,0,0,0,0,0,0,0,88,0,0,0,0,0,0,0,0,0,0,0,0,0,0,0,0
340,0,0,0,0,6,20,170,18,84177,0,0,0,30,0,0,0,67,0,0,0,1,0,0,0,25,0,0,0,0,0,0,0,0,0,0,0,0,1,0,0,298,0,0,0,0,0,0,0,0,0,0,0,0,0,0,0,17,0,0,0,0,0,0,0,0,0
341,0,0,178,0,0,0,10,0,0,4,85634,1,95,0,9,0,0,0,0,0,0,0,0,0,0,0,8,0,0,0,0,0,0,0,1,0,0,0,0,0,0,0,185,0,0,0,0,0,0,0,0,0,0,0,0,0,0,0,18,0,0,0,0,0,0,0
342,0,0,0,28,0,0,0,395,0,0,0,20,0,89,1,85709,18,0,0,0,0,0,0,0,0,0,0,0,0,0,0,7,0,0,0,0,0,0,0,0,0,0,0,2,0,0,0,258,0,0,0,0,0,0,0,0,0,0,0,0,0,0,0,15,0,0
343,0,1,0,0,0,86764,21,249,24,3,0,0,0,58,0,0,0,0,0,0,0,10,0,0,0,0,0,0,0,0,0,0,0,0,0,0,0,289,0,0,0,0,0,0,0,0,0,0,0,0,0,0,0,32,0,0,0,0,0,0,0,0,0,0,0,0
344,0,84980,16,252,13,20,0,0,0,271,0,0,0,31,0,0,0,19,0,0,0,0,0,0,0,0,0,0,0,0,0,0,0,162,0,1,0,0,0,0,0,1,0,0,0,0,0,0,0,19,0,0,0,0,0,0,0,0,0,0,0,0,0,0,0,0
345,0,0,13,0,0,0,229,0,2,0,16,0,0,6,82583,1,117,0,0,0,0,0,0,0,0,0,0,0,0,0,12,0,0,0,0,0,0,0,4,0,0,0,0,0,0,0,209,0,0,0,0,0,0,0,0,0,0,0,0,0,0,0,11,0,0,0
346,0,0,0,0,0,0,0,0,0,0,0,0,0,23,0,0,0,0,0,0,0,1,0,0,0,0,0,0,0,277,0,0,0,0,0,0,0,0,0,0,0,0,0,0,0,23,0,0,0,9,0,0,0,127,0,0,0,13,0,0,0,86204,20,367,22,0
347,0,0,0,68,0,0,0,0,0,0,0,0,0,0,0,0,0,0,0,0,0,0,0,0,0,0,0,0,0,0,0,0,0,40,1,84693,7,0,0,9,0,0,0,334,0,0,0,14,0,0,0,5,0,0,0,0,0,0,0,0,0,0,0,0,0,0
348,0,0,0,0,0,0,0,0,10,0,0,0,0,0,0,0,0,0,0,0,2,20,328,123,82327,0,0,0,3,0,0,0,55,0,0,0,0,0,0,0,8,0,0,0,0,0,0,0,0,0,0,0,0,0,0,0,88,0,0,0,0,0,0,0,0,0
349,0,0,0,0,4,0,0,0,0,0,0,0,0,0,0,0,0,0,4,0,232,0,0,0,0,0,0,0,0,0,0,0,0,0,0,0,16,0,0,0,0,0,0,0,0,0,0,0,0,20,149,14,86898,0,0,0,49,0,0,0,154,0,4,0,52,0
350,0,87,0,0,0,2,0,0,0,85062,18,188,22,11,0,0,0,0,0,0,0,0,0,0,0,17,0,0,0,1,0,0,0,0,0,0,0,0,0,0,0,164,0,0,0,0,0,0,0,0,0,0,0,0,0,0,0,25,0,0,0,0,0,0,0,0
351,0,80672,61,324,26,57,0,0,0,306,0,2,0,14,0,0,0,23,0,0,0,0,0,0,0,0,0,0,0,0,0,0,0,366,0,1,0,0,0,0,0,0,0,0,0,0,0,0,0,9,0,0,0,0,0,0,0,0,0,0,0,0,0,0,0,0
352,0,3,0,0,0,0,0,0,0,0,0,0,0,0,0,0,0,85239,11,233,17,12,0,0,0,233,0,2,0,16,0,0,0,0,0,0,0,0,0,0,0,0,0,0,0,0,0,0,0,62,0,0,0,0,0,0,0,0,0,0,0,0,0,0,0,0
353,0,14,169,11,79060,0,0,0,17,0,0,0,241,0,0,0,5,0,0,0,21,0,0,0,0,0,0,0,0,0,0,0,0,0,0,0,228,0,0,0,0,0,0,0,1,0,0,0,0,0,0,0,24,0,0,0,0,0,0,0,0,0,0,0,0,0
354,0,0,0,0,0,17,0,0,0,0,0,0,0,0,0,0,0,27,1,0,0,83423,28,216,26,4,0,0,0,77,0,0,0,0,0,0,0,6,0,0,0,0,0,0,0,0,0,0,0,0,0,0,0,1484,1,9,0,0,0,0,0,2,0,0,0,0
355,0,45,0,2,0,0,0,0,0,0,0,0,0,0,0,0,0,0,0,0,0,0,0,0,0,0,0,0,0,0,0,0,0,83474,53,338,14,13,0,0,0,230,0,1,0,30,0,2,0,7,0,0,0,0,0,0,0,0,0,0,0,0,0,0,0,0
356,0,4,0,0,0,84,0,0,0,28,0,0,0,82576,7,118,4,0,0,0,0,0,0,0,0,0,0,0,0,20,0,0,0,0,0,0,0,1,0,0,0,0,0,0,0,246,0,0,0,0,0,0,0,0,0,0,0,0,0,0,0,7,0,0,0,0
357,0,0,0,0,13,0,0,0,167,0,0,0,19,23,142,14,79146,0,0,0,0,0,0,0,0,0,0,0,0,0,0,0,32,0,1,0,1,0,0,0,0,0,0,0,0,0,25,0,256,0,0,0,0,0,0,0,0,0,0,0,0,0,0,0,14,0
358,0,0,19,0,0,0,193,0,0,0,16,0,0,4,77585,0,63,0,0,0,0,0,0,0,0,0,0,0,0,0,8,0,0,0,0,0,0,0,0,0,0,0,0,0,0,0,131,0,0,0,0,0,0,0,0,0,0,0,0,0,0,0,5,0,0,0
359,0,0,0,0,28,0,0,0,0,0,0,0,0,0,0,0,0,0,0,0,238,0,0,0,0,0,0,0,0,0,0,0,0,0,0,0,23,0,0,0,0,0,0,0,0,0,0,0,0,27,181,24,77922,0,0,0,11,0,2,0,129,0,0,0,5,0
360,0,11,0,0,0,0,0,0,0,0,0,0,0,0,0,0,0,85232,15,250,15,26,0,0,0,204,0,0,0,35,0,0,0,3,0,0,0,0,0,0,0,0,0,0,0,0,0,0,0,73,0,0,0,0,0,0,0,0,0,0,0,0,0,0,0,0
361,0,0,4,0,0,0,0,0,0,0,0,0,0,0,0,0,0,0,99,0,0,0,0,0,0,0,0,0,0,0,0,0,0,0,11,0,0,0,0,0,0,0,0,0,0,0,0,0,0,10,84712,2,698,0,16,0,0,0,151,0,2,0,21,0,0,0
362,0,0,0,21,0,0,0,174,0,0,0,9,0,547,2,83846,14,0,0,0,0,0,0,0,0,0,0,0,0,0,0,26,0,0,0,0,0,0,0,0,0,0,0,0,0,2,0,269,0,0,0,0,0,0,0,0,0,0,0,0,0,0,0,22,0,0
363,0,0,0,0,184,0,0,0,0,0,0,0,1,0,0,0,0,0,0,0,1,0,0,0,0,0,0,0,0,0,0,0,0,20,168,22,81534,0,1,0,11,0,2,10,268,0,0,0,29,0,0,0,12,0,0,0,0,0,0,0,0,0,0,0,0,0
364,0,0,0,0,96,0,0,0,0,0,0,0,0,0,0,0,0,0,0,0,0,0,0,0,0,0,0,0,0,0,0,0,0,12,163,11,81208,0,0,0,15,0,0,0,200,0,0,0,12,0,0,0,10,0,0,0,1,0,0,0,0,0,0,0,0,0
365,0,0,0,0,0,0,0,0,0,0,0,0,0,0,0,38,0,0,0,0,0,0,0,0,0,0,0,0,0,0,0,1447,0,0,0,0,0,0,0,0,0,0,0,0,0,0,0,12,0,0,0,25,0,0,0,179,0,0,0,10,0,50,4,81703,6,0
366,0,0,0,0,18,0,0,0,0,0,0,0,0,0,0,0,0,0,1,0,158,0,0,0,0,0,0,0,1,0,0,0,0,0,0,0,4,0,0,0,0,0,0,0,0,0,0,0,0,31,214,12,81441,1,0,0,14,0,0,0,194,0,0,0,9,0
367,0,0,0,0,0,0,0,0,0,0,0,0,0,90,0,0,3,0,0,0,0,0,0,0,0,0,0,0,0,8,0,0,0,21,0,0,1,217,0,0,0,9,0,0,0,80820,6,231,147,2,0,0,0,0,0,0,0,0,0,0,0,7,0,0,0,0
368,0,0,0,0,0,0,0,0,0,68,0,0,0,0,0,0,0,0,0,0,0,0,0,0,0,3,0,0,0,0,0,0,0,82,0,1,0,5,0,0,0,80520,51,261,22,7,0,0,0,0,0,0,0,0,0,0,0,16,0,0,0,0,0,0,0,0
369,0,0,0,0,0,0,0,0,33,0,0,0,0,0,0,0,0,0,0,0,0,2,0,0,172,0,0,0,0,0,0,0,0,0,0,0,0,0,0,0,13,0,0,0,0,0,0,0,0,0,0,0,16,33,168,21,76129,0,0,0,0,0,0,0,77,0
370,0,0,71,0,0,0,0,0,0,0,0,0,0,0,0,0,0,0,2,0,0,0,0,0,0,0,0,0,0,0,0,0,0,2,77421,2,81,0,7,0,0,0,223,0,0,0,56,0,0,0,13,0,0,0,0,0,0,0,0,0,0,0,0,0,0,0
371,0,0,0,0,0,0,0,0,0,0,0,0,0,42,0,0,0,0,0,0,0,0,0,0,0,0,0,0,0,173,0,0,0,0,0,0,0,0,0,0,0,0,0,0,0,13,0,0,0,0,0,0,0,133,0,0,0,11,0,0,0,79156,8,134,22,0
372,0,155,0,0,0,0,0,0,0,4,0,0,0,0,0,0,0,0,0,0,0,0,0,0,0,0,0,0,0,0,0,0,0,79130,19,309,21,7,0,0,0,262,0,3,0,52,0,2,0,9,0,0,0,0,0,0,0,0,0,0,0,0,0,0,0,0
373,0,16,0,0,0,104,0,1,0,21,0,0,0,77982,20,158,11,0,0,0,0,0,0,0,0,0,0,0,0,15,0,0,0,0,0,0,0,0,0,0,0,0,0,0,0,323,0,2,0,0,0,0,0,0,0,0,0,0,0,0,0,13,0,0,0,0
374,0,0,0,0,0,0,0,0,0,2,0,482,0,0,0,0,0,0,0,0,0,0,0,0,0,0,0,1,0,0,0,0,0,0,0,72,0,0,0,1,0,97,26,74719,15,0,0,7,0,0,0,0,0,0,0,0,0,0,0,18,0,0,0,0,0,0
375,0,0,0,11,0,0,0,0,0,0,0,0,0,0,0,0,0,77,38,75853,15,0,0,15,0,0,0,248,0,0,0,26,0,0,0,8,0,0,0,0,0,0,0,0,0,0,0,0,0,0,0,83,0,0,0,0,0,0,0,0,0,0,0,0,0,0
376,0,0,0,0,4,0,0,0,0,0,0,0,0,0,0,0,0,8,145,33,78303,0,0,0,14,0,1,0,184,0,0,0,14,0,0,0,165,0,0,0,1,0,0,0,0,0,0,0,0,0,0,0,66,0,0,0,0,0,0,0,0,0,0,0,0,0
377,0,47,0,0,0,3,0,0,0,77813,5,263,17,10,0,0,0,0,0,0,0,0,0,0,0,14,0,0,0,0,0,0,0,0,0,0,0,0,0,0,0,160,0,0,0,0,0,0,0,0,0,0,0,0,0,0,0,23,0,0,0,0,0,0,0,0
378,0,0,0,0,0,89,0,0,0,0,0,0,0,0,0,0,0,0,0,0,0,2,0,0,0,0,0,0,0,0,0,0,0,6,0,0,0,76493,30,404,16,8,0,0,0,170,0,0,0,0,0,0,0,11,0,0,0,0,0,0,0,0,0,0,0,0
379,0,77502,13,249,76,11,0,0,0,187,0,0,0,22,0,0,0,32,0,0,0,0,0,0,0,0,0,0,0,0,0,0,0,218,0,0,0,0,0,0,0,0,0,0,0,0,0,0,0,104,0,0,0,0,0,0,0,0,0,0,0,0,0,0,0,0
380,0,3,0,0,0,171,0,0,0,13,0,0,0,77345,36,128,9,0,0,0,0,0,0,0,0,0,0,0,0,17,0,0,0,0,0,0,0,2,0,0,0,0,0,0,0,190,0,0,0,0,0,0,0,0,0,0,0,0,0,0,0,7,0,0,0,0
381,0,0,0,101,0,0,0,0,0,0,0,0,0,0,0,0,0,0,0,0,0,0,0,0,0,0,0,0,0,0,0,0,0,447,0,77515,23,0,0,5,0,1,0,273,0,0,0,21,0,0,0,14,0,0,0,0,0,0,0,0,0,0,0,0,0,0
382,0,71,0,0,0,0,0,0,0,0,0,0,0,0,0,0,0,0,0,0,0,0,0,0,0,0,0,0,0,0,0,0,0,75169,7,337,17,15,0,0,0,309,0,2,1,33,0,0,0,5,0,0,0,0,0,0,0,0,0,0,0,0,0,0,0,0
383,0,0,0,0,0,0,0,0,0,0,0,0,0,0,0,9,0,0,0,19,0,0,0,178,0,0,0,18,0,432,2,74120,3,0,0,0,0,0,0,0,0,0,0,0,0,0,0,2,0,0,0,0,0,0,0,0,0,0,0,0,0,0,0,122,0,0
384,0,134,0,0,0,3,0,0,0,75906,16,776,102,7,0,0,0,0,0,0,0,0,0,0,0,22,0,0,0,0,0,0,0,0,0,0,0,0,0,0,0,299,0,4,0,0,0,0,0,0,0,0,0,0,0,0,0,44,0,1,0,0,0,0,0,0
385,0,5,0,0,0,72850,14,212,25,5,0,0,0,102,0,0,0,19,0,0,0,15,0,0,0,0,0,0,0,0,0,0,0,4,0,0,0,304,0,0,0,0,0,0,0,0,0,0,0,0,0,0,0,15,0,0,0,0,0,0,0,0,0,0,0,0
386,0,0,0,0,2,0,0,0,0,0,0,0,0,0,0,0,0,25,198,28,74022,0,0,0,15,0,2,0,233,0,0,0,19,0,0,0,1,0,0,0,0,0,0,0,0,0,0,0,0,0,0,0,78,0,0,0,0,0,0,0,0,0,0,0,0,0
387,0,0,0,0,0,0,0,0,0,0,0,0,0,0,0,13,0,0,0,30,0,0,0,150,0,0,0,18,0,93,0,76837,3,0,0,0,0,0,0,0,0,0,0,0,0,0,0,5,0,0,0,0,0,0,0,0,0,0,0,0,0,0,0,86,0,0
388,0,0,0,0,0,0,0,0,0,0,0,0,0,7,0,0,0,0,0,0,0,0,0,0,0,0,0,0,0,194,0,5,0,0,0,0,0,0,0,0,0,0,0,0,0,6,0,1,0,11,0,0,0,94,0,0,0,8,0,1,0,77677,16,402,19,0
389,0,34,2,77079,9,0,0,8,0,0,0,322,0,0,0,6,0,0,0,10,0,0,0,0,0,0,0,0,0,0,0,0,0,1,0,203,0,0,0,0,0,0,0,2,0,0,0,0,0,0,0,25,0,0,0,0,0,0,0,0,0,0,0,0,0,0
390,0,0,0,0,0,0,0,0,0,0,0,21,0,0,0,0,0,0,0,0,0,0,0,0,0,0,0,124,0,0,0,0,0,0,0,0,0,0,0,0,0,0,0,21,0,0,0,0,0,296,0,71,0,0,0,2,0,61,7,68730,20,0,0,6,0,0
391,0,0,0,0,0,0,0,0,0,374,0,0,0,0,0,0,0,0,0,0,0,0,0,0,0,11,0,0,0,0,0,0,0,108,0,3,0,5,0,0,0,71864,16,229,38,15,0,0,0,0,0,0,0,0,0,0,0,21,0,0,0,0,0,0,0,0
392,0,0,0,0,0,0,0,0,0,0,0,0,0,0,0,0,11,0,0,0,0,0,0,0,0,0,0,0,0,0,2,0,234,0,0,0,0,0,0,0,0,0,0,0,0,0,0,0,23,0,0,0,17,0,0,0,194,0,0,0,11,32,200,11,72155,0
393,0,0,4,0,0,10,69144,2,76,0,4,0,0,0,87,0,0,0,0,0,0,0,13,0,0,0,0,0,0,0,0,0,0,0,0,0,0,0,164,0,0,0,0,0,0,0,0,0,0,0,1,0,0,0,16,0,0,0,0,0,0,0,0,0,0,0
394,0,1,0,0,0,68292,19,195,32,0,0,0,0,58,0,0,0,0,0,0,0,17,0,0,0,0,0,0,0,0,0,0,0,0,0,0,0,172,0,0,0,0,0,0,0,0,0,0,0,0,0,0,0,38,0,0,0,0,0,0,0,0,0,0,0,0
395,0,0,0,0,0,4,0,0,0,0,0,0,0,0,0,0,0,12,0,0,0,69098,41,149,51,4,0,0,0,72,0,0,0,0,0,0,0,0,0,0,0,0,0,0,0,0,0,0,0,0,0,0,0,103,0,0,0,0,0,0,0,0,0,0,0,0
396,0,0,0,0,88,0,0,0,0,0,0,0,0,0,0,0,0,0,0,0,2,0,0,0,0,0,0,0,0,0,0,0,0,13,140,12,72030,0,0,0,22,0,0,0,257,0,0,0,20,0,0,0,16,0,0,0,0,0,0,0,0,0,0,0,0,0
397,0,74137,18,463,17,46,0,0,0,186,0,1,0,17,0,0,0,231,0,0,0,0,0,0,0,0,0,0,0,0,0,0,0,105,0,0,0,0,0,0,0,0,0,0,0,0,0,0,0,18,0,0,0,0,0,0,0,0,0,0,0,0,0,0,0,0
398,0,69341,97,334,12,17,0,0,0,178,0,1,1,17,0,0,0,17,0,0,0,0,0,0,0,0,0,0,0,0,0,0,0,231,0,0,0,0,0,0,0,0,0,0,0,0,0,0,0,17,0,0,0,0,0,0,0,0,0,0,0,0,0,0,0,0
399,0,0,0,0,3,0,0,0,0,0,0,0,0,0,0,0,0,64,172,10,70065,0,0,0,17,0,5,0,175,0,0,0,16,0,0,0,2,0,0,0,0,0,0,0,0,0,0,0,0,0,0,0,51,0,0,0,0,0,0,0,0,0,0,0,0,0
400,0,0,0,13,0,0,0,0,0,0,0,0,0,0,0,0,0,55,0,71457,4,0,0,28,0,0,0,222,0,0,0,24,0,0,0,1,0,0,0,0,0,0,0,0,0,0,0,0,0,0,0,94,0,0,0,0,0,0,0,1,0,0,0,0,0,0
401,0,70375,16,333,38,10,0,0,0,305,0,0,0,9,0,0,0,15,0,0,0,0,0,0,0,0,0,0,0,0,0,0,0,259,0,1,0,0,0,0,0,0,0,0,0,0,0,0,0,17,0,0,0,0,0,0,0,0,0,0,0,0,0,0,0,0
402,0,83,0,0,0,0,0,0,0,0,0,0,0,0,0,0,0,3,0,0,0,0,0,0,0,0,0,0,0,0,0,0,0,62889,12,244,12,5,0,0,0,157,0,0,0,25,0,0,0,2,0,0,0,0,0,0,0,0,0,0,0,0,0,0,0,0
403,0,0,0,0,0,0,0,0,4,0,0,0,0,0,0,0,0,0,0,0,8,41,196,11,60603,0,0,0,1,0,0,0,88,0,0,0,0,0,0,0,8,0,0,0,0,0,0,0,0,0,0,0,0,0,0,0,70,0,0,0,0,0,0,0,0,0
404,0,0,0,0,0,8,0,0,0,0,0,0,0,0,0,0,0,11,0,0,0,68740,9,169,25,0,0,0,0,73,0,1,0,0,0,0,0,0,0,0,0,0,0,0,0,0,0,0,0,0,0,0,0,59,0,0,0,0,0,0,0,0,0,0,0,0
405,0,0,0,0,0,0,0,0,0,0,0,0,0,0,0,0,6,0,0,0,0,0,0,0,0,0,0,0,0,0,0,0,207,0,0,0,0,0,0,0,0,0,0,0,0,0,0,0,16,0,0,0,4,0,2,0,185,0,0,0,16,23,506,12,62126,0
406,0,0,0,0,0,0,0,0,0,0,0,0,0,0,0,0,7,0,0,0,14,0,2,0,225,0,0,0,17,14,127,11,66653,0,0,0,0,0,0,0,0,0,0,0,0,0,0,0,0,0,0,0,0,0,0,0,0,0,0,0,0,0,0,0,29,0
407,0,0,0,0,0,0,0,0,0,0,0,4,0,0,0,0,0,0,0,2,0,0,0,0,0,0,0,78,0,0,0,0,0,0,0,0,0,0,0,0,0,0,0,14,0,0,0,0,0,0,0,780,0,0,0,1,0,38,3,65453,4,0,0,23,0,0
408,0,0,0,12,0,0,0,86,0,0,0,7,0,419,4,64159,22,0,0,0,0,0,0,0,0,0,0,0,0,0,0,7,0,0,0,0,0,0,0,2,0,0,0,0,0,0,0,242,0,0,0,0,0,0,0,0,0,0,0,0,0,0,0,22,0,0
409,0,0,0,0,0,0,0,0,0,0,0,0,69,0,0,0,0,0,0,0,0,0,0,0,0,0,0,0,1,0,0,0,0,0,0,0,39,0,0,0,2,21,147,35,62911,0,0,0,9,0,0,0,0,0,0,0,0,0,0,0,10,0,0,0,0,0
410,0,0,0,0,17,0,0,0,0,0,0,0,0,0,0,0,0,0,0,0,111,0,0,0,0,0,0,0,1,0,0,0,0,0,0,0,19,0,0,0,0,0,0,0,0,0,0,0,0,15,190,27,65053,0,0,0,12,0,0,0,263,0,0,0,10,0
411,0,63,0,0,0,0,0,0,0,0,0,0,0,0,0,0,0,1,0,0,0,0,0,0,0,0,0,0,0,0,0,0,0,63605,4,221,27,3,0,0,0,306,0,1,0,35,0,0,0,2,0,0,0,0,0,0,0,0,0,0,0,0,0,0,0,0
412,0,0,0,0,0,0,0,0,0,0,0,0,0,0,0,0,0,0,26,0,0,0,176,0,0,0,13,0,0,10,58598,2,88,0,0,0,0,0,0,0,0,0,0,0,0,0,2,0,0,0,0,0,0,0,0,0,0,0,0,0,0,0,62,0,0,0
413,0,0,0,0,2,0,0,0,0,0,0,0,0,0,0,0,0,129,179,18,58198,0,0,0,2,0,0,0,134,0,0,0,9,0,0,0,1,0,0,0,0,0,0,0,0,0,0,0,0,0,0,0,78,0,0,0,0,0,0,0,0,0,0,0,0,0
414,0,0,0,0,0,0,0,0,4,0,0,0,0,0,0,0,0,0,0,0,9,11,157,19,60310,0,0,0,2,0,0,0,52,0,0,0,0,0,0,0,2,0,0,0,0,0,0,0,0,0,0,0,0,0,0,0,56,0,0,0,0,0,0,0,0,0
415,0,0,0,0,63,0,0,0,0,0,0,0,0,0,0,0,0,0,0,0,2,0,0,0,0,0,0,0,0,0,0,0,0,8,63,2,61288,0,0,0,3,0,0,0,182,0,0,0,13,0,0,0,8,0,0,0,0,0,0,0,0,0,0,0,0,0
416,0,61149,12,188,8,19,0,0,0,154,0,0,0,16,0,1,0,18,0,0,0,0,0,0,0,0,0,0,0,0,0,0,0,609,1,3,0,0,0,0,0,2,0,0,0,0,0,0,0,4,0,0,0,0,0,0,0,0,0,0,0,0,0,0,0,0
417,0,0,0,0,0,0,0,0,0,0,0,12,0,0,0,0,0,0,0,2,0,0,0,0,0,0,0,116,0,0,0,0,0,0,0,0,0,0,0,0,0,0,0,16,0,0,0,0,0,0,0,348,0,0,0,3,0,66,10,57875,7,0,0,6,0,0
418,0,4,0,0,0,57960,15,212,21,4,0,0,0,75,0,1,0,0,0,0,0,6,0,0,0,0,0,0,0,0,0,0,0,0,0,0,0,233,0,2,0,0,0,0,0,0,0,0,0,0,0,0,0,19,0,0,0,0,0,0,0,0,0,0,0,0
419,0,0,0,0,0,0,0,0,0,0,0,0,0,74,0,0,0,0,0,0,0,0,0,0,0,0,0,0,0,0,0,0,0,14,0,0,0,68,0,1,0,9,0,0,0,55825,10,339,11,0,0,0,0,0,0,0,0,0,0,0,0,7,0,0,0,0
420,0,0,0,2,0,0,0,0,0,0,0,0,0,0,0,0,0,60,6,57176,10,0,0,6,0,0,0,264,0,0,0,26,0,0,0,0,0,0,0,0,0,0,0,0,0,0,0,0,0,0,0,56,0,0,0,0,0,0,0,0,0,0,0,0,0,0
421,0,0,0,0,1,0,0,0,8,0,0,0,0,0,0,0,0,0,0,0,7,11,96,6,53954,0,0,0,0,0,0,0,58,0,0,0,0,0,0,0,5,0,0,0,0,0,0,0,0,0,0,0,0,0,0,0,41,0,0,0,0,0,0,0,0,0
422,0,6,0,0,0,65,0,0,0,5,0,0,0,53878,7,95,11,0,0,0,0,0,0,0,0,0,0,0,0,8,0,0,0,0,0,0,0,0,0,0,0,0,0,0,0,87,0,0,0,0,0,0,0,0,0,0,0,0,0,0,0,11,0,0,0,0
423,0,43,0,0,0,0,0,0,0,0,0,0,0,0,0,0,0,0,0,16,0,0,0,0,0,0,0,0,0,0,0,0,0,48798,2,177,3,4,0,0,0,292,0,1,0,14,0,6,0,5,0,0,0,0,0,0,0,0,0,0,0,0,0,0,0,0
424,0,0,0,0,0,0,0,0,0,0,0,1,0,0,0,2,0,0,0,11,0,0,0,94,0,0,0,17,0,50,4,46699,2,0,0,0,0,0,0,0,0,0,0,0,0,0,0,0,0,0,0,0,0,0,0,0,0,0,0,0,0,0,0,39,0,0
425,0,1,0,0,0,13,0,0,0,0,0,0,0,0,0,0,0,5,0,0,0,46479,9,330,35,3,0,0,0,45,0,0,0,0,0,0,0,19,0,0,0,0,0,0,0,0,0,0,0,0,0,0,0,59,0,0,0,0,0,0,0,0,0,0,0,0
426,0,36,0,0,0,0,0,0,0,0,0,0,0,0,0,0,0,0,0,0,0,0,0,0,0,0,0,0,0,0,0,0,0,47580,10,133,5,242,0,2,0,195,0,0,0,28,0,0,0,11,0,0,0,0,0,0,0,0,0,0,0,0,0,0,0,0
427,0,64,1,46195,0,0,0,15,0,0,0,174,0,0,0,13,0,15,0,11,0,0,0,0,0,0,0,0,0,0,0,0,0,1,0,151,0,0,0,0,0,0,0,0,0,0,0,0,0,0,0,2,0,0,0,0,0,0,0,0,0,0,0,0,0,0
428,0,0,61,0,0,0,0,0,0,0,0,0,0,0,0,0,0,0,0,0,0,0,0,0,0,0,0,0,0,0,0,0,0,6,45132,3,61,0,10,0,0,0,230,0,0,0,20,0,0,0,3,0,0,0,0,0,0,0,0,0,0,0,0,0,0,0
429,0,0,34,0,0,0,2,0,0,7,45597,23,49,0,3,0,0,0,0,0,0,0,0,0,0,0,10,0,0,0,0,0,0,0,0,0,0,0,0,0,0,0,202,0,0,0,0,0,0,0,0,0,0,0,0,0,0,0,22,0,0,0,0,0,0,0
430,0,0,0,0,0,0,0,0,0,0,0,435,0,0,0,0,0,0,0,1,0,0,0,0,0,0,0,69,0,0,0,0,0,0,0,0,0,0,0,0,0,0,0,13,0,0,0,0,0,0,0,50,0,0,0,1,0,38,1,44473,10,0,0,4,0,0
431,0,0,0,0,1,28,144,15,43594,0,0,0,1,0,0,0,40,0,0,0,0,0,0,0,11,0,0,0,0,0,0,0,0,0,0,0,0,0,0,0,139,0,0,0,0,0,0,0,0,0,0,0,0,0,0,0,21,0,0,0,0,0,0,0,0,0
432,0,0,0,0,0,0,0,0,0,0,0,0,0,0,47,0,0,0,0,0,0,0,0,0,0,0,0,0,0,0,0,0,0,0,5,0,0,0,135,0,0,1,10,0,0,19,42069,0,51,0,0,0,0,0,0,0,0,0,0,0,0,0,2,0,0,0
433,0,5,142,9,42641,0,0,0,3,0,0,0,105,0,0,0,8,0,0,0,24,0,0,0,0,0,0,0,0,0,0,0,0,0,0,0,400,0,0,0,0,0,0,0,1,0,0,0,0,0,0,0,11,0,0,0,0,0,0,0,0,0,0,0,0,0
434,0,0,51,0,0,0,0,0,0,0,1,0,0,0,0,0,0,0,0,0,0,0,0,0,0,0,0,0,0,0,0,0,0,5,42789,0,137,0,12,0,0,0,163,0,0,0,14,0,0,0,3,0,0,0,0,0,0,0,0,0,0,0,0,0,0,0
435,0,6,0,0,0,52,2,0,0,23,0,1,0,39772,2,101,10,0,0,0,0,0,0,0,0,0,0,0,0,10,0,0,0,0,0,0,0,0,0,0,0,0,0,0,0,200,0,0,0,0,0,0,0,0,0,0,0,0,0,0,0,39,0,0,0,0
436,0,0,0,2,0,0,0,0,0,0,0,0,0,0,0,0,0,77,0,39688,4,0,0,6,0,0,0,184,0,0,0,20,0,0,0,28,0,0,0,0,0,0,0,0,0,0,0,0,0,0,0,50,0,0,0,0,0,0,0,0,0,0,0,0,0,0
437,0,43,0,37158,1,0,0,7,0,0,0,170,0,0,0,5,0,0,0,2,0,0,0,0,0,0,0,0,0,0,0,0,0,0,0,121,0,0,0,0,0,0,0,0,0,0,0,0,0,0,0,13,0,0,0,0,0,0,0,0,0,0,0,0,0,0
438,0,0,0,0,0,0,0,0,0,1,0,0,0,6,0,0,0,3,0,0,0,76,0,0,0,4,0,0,0,35448,12,92,7,0,0,0,0,0,0,0,0,0,0,0,0,4,0,0,0,0,0,0,0,0,0,0,0,0,0,0,0,51,0,0,0,0
439,0,0,0,0,0,0,0,0,0,0,0,0,0,0,0,28,0,0,0,0,0,0,0,0,0,0,0,0,0,0,0,0,0,0,0,18,0,0,0,72,0,0,0,7,0,254,3,33253,10,0,0,0,0,0,0,0,0,0,0,0,0,0,0,3,0,0
440,0,0,0,0,0,0,0,0,0,48,0,0,0,0,0,0,0,0,0,0,0,0,0,0,0,0,0,0,0,0,0,0,0,29,0,0,0,0,0,0,0,34493,2,98,20,6,0,0,0,0,0,0,0,0,0,0,0,5,0,0,0,0,0,0,0,0
441,0,34307,5,58,8,5,0,0,0,134,0,0,0,3,0,0,0,15,0,0,0,0,0,0,0,0,0,0,0,0,0,0,0,99,0,1,0,0,0,0,0,1,0,0,0,0,0,0,0,10,0,0,0,0,0,0,0,0,0,0,0,0,0,0,0,0
442,0,0,0,0,0,0,0,0,0,0,0,0,0,3,0,0,0,0,0,0,0,0,0,0,0,0,0,0,0,61,0,4,0,0,0,0,0,0,0,0,0,2,0,0,0,10,0,0,0,5,0,0,0,52,0,0,0,6,0,0,0,33633,8,55,7,0
443,0,3,54,15,32621,0,0,0,1,0,0,0,76,0,0,0,2,0,0,0,2,0,0,0,0,0,0,0,0,0,0,0,0,0,0,0,55,0,0,0,0,0,0,0,0,0,0,0,0,0,0,0,10,0,0,0,0,0,0,0,0,0,0,0,0,0
444,0,0,0,0,0,0,0,0,0,0,0,6,0,0,0,0,0,0,0,0,0,0,0,0,0,0,0,35,0,0,0,0,0,0,0,0,0,0,0,0,0,0,0,4,0,0,0,0,0,0,0,234,0,0,0,2,0,28,0,30916,5,0,0,16,0,0
445,0,0,0,0,0,754,0,2,0,0,0,0,0,2,0,0,0,0,0,0,0,0,0,0,0,0,0,0,0,0,0,0,0,3,0,0,0,29039,4,754,4,5,0,0,0,39,0,1,0,0,0,0,0,0,0,0,0,0,0,0,0,0,0,0,0,0
446,0,0,0,0,16,0,0,0,1,13,106,5,29104,0,0,0,0,0,0,0,0,0,0,0,0,0,0,0,5,0,0,0,0,0,0,0,0,0,0,0,0,0,0,0,99,0,0,0,0,0,0,0,0,0,0,0,0,0,0,0,24,0,0,0,0,0
447,0,0,0,5,0,0,0,0,0,0,0,0,0,0,0,0,0,17,0,29738,6,0,0,24,0,0,0,129,0,0,0,27,0,0,0,1,0,0,0,0,0,0,0,0,0,0,0,0,0,0,0,21,0,0,0,0,0,0,0,0,0,0,0,0,0,0
448,0,0,0,0,6,0,0,0,49,0,0,0,74,16,115,1,28455,0,0,0,0,0,0,0,0,0,0,0,0,0,0,0,8,0,0,0,0,0,0,0,0,0,0,0,0,0,0,0,92,0,0,0,0,0,0,0,0,0,0,0,0,0,0,0,14,0
449,0,0,6,0,0,0,0,0,0,0,0,0,0,0,0,0,0,0,52,0,1,0,0,0,0,0,0,0,0,0,0,0,0,0,3,0,0,0,0,0,0,0,0,0,0,0,0,0,0,6,26944,2,41,0,0,0,0,0,44,0,0,0,0,0,0,0
450,0,0,0,0,0,7,0,0,0,0,0,0,0,0,0,0,0,7,0,0,0,25730,8,141,23,2,0,0,0,32,0,2,0,0,0,0,0,0,0,0,2,0,0,0,0,0,0,0,0,0,0,0,0,60,0,0,0,0,0,0,0,0,0,0,0,0
451,0,0,0,0,0,0,0,0,0,0,0,202,0,0,0,0,0,0,0,0,0,0,0,0,0,0,0,0,0,0,0,0,0,0,0,34,0,0,0,0,0,29,2,25785,7,0,0,2,0,0,0,0,0,0,0,0,0,0,0,9,0,0,0,0,0,0
452,0,0,0,0,6,0,0,0,66,0,0,0,5,19,34,7,25348,0,0,0,0,0,0,0,0,0,0,0,0,0,0,0,4,0,0,0,0,0,0,0,1,0,0,0,0,0,0,0,103,0,0,0,0,0,0,0,0,0,0,0,0,0,0,0,6,0
453,0,25273,3,155,1,7,0,0,0,91,0,0,0,9,0,0,0,5,0,0,0,0,0,0,0,0,0,0,0,0,0,0,0,64,0,0,0,0,0,0,0,0,0,0,0,0,0,0,0,8,0,0,0,0,0,0,0,0,0,0,0,0,0,0,0,0
454,0,0,0,0,0,0,0,0,0,0,0,0,0,16,0,0,0,0,0,0,0,0,0,0,0,0,0,0,0,0,0,0,0,2,0,0,0,24,0,0,0,2,0,0,0,20823,3,66,5,0,0,0,0,0,0,0,0,0,0,0,0,3,0,0,0,0
455,0,1,0,41,0,0,0,0,0,47,4,20824,1,0,0,0,0,0,0,0,0,0,0,0,0,0,0,6,0,0,0,0,0,0,0,0,0,0,0,0,0,0,0,66,0,0,0,0,0,0,0,0,0,0,0,0,0,0,0,11,0,0,0,0,0,0
456,0,1,0,0,0,0,0,0,0,0,0,0,0,0,0,0,0,19745,5,54,5,0,0,0,0,75,0,0,0,7,0,0,0,1,0,0,0,0,0,0,0,0,0,0,0,0,0,0,0,16,0,1,0,0,0,0,0,0,0,0,0,0,0,0,0,0
457,0,0,0,0,0,0,0,0,0,0,0,0,0,5,0,0,0,0,0,0,0,0,0,0,0,0,0,0,0,42,0,0,9,0,0,0,0,0,0,0,0,0,0,0,0,6,0,0,0,2,0,0,0,34,0,0,0,2,0,0,0,19436,2,44,3,0
458,0,0,0,0,0,0,0,0,0,0,0,0,3,0,0,0,0,0,0,0,0,0,0,0,0,0,0,0,61,0,0,0,0,0,0,0,0,0,0,0,0,0,0,0,8,0,0,0,0,0,0,0,25,0,0,0,0,7,32,7,18532,0,0,0,1,0
459,0,16593,3,47,5,5,0,0,0,114,0,1,0,16,0,0,0,30,0,0,0,0,0,0,0,1,0,0,0,0,0,0,0,68,0,0,0,0,0,0,0,0,0,0,0,0,0,0,0,6,0,0,0,0,0,0,0,0,0,0,0,0,0,0,0,0
460,0,0,0,0,0,0,0,0,0,0,0,0,0,0,1,0,0,0,29,0,0,0,33,0,0,0,0,0,0,5,15229,2,10,0,0,0,0,0,0,0,0,0,0,0,0,0,0,0,0,0,0,0,0,0,0,0,0,0,0,0,0,0,11,0,0,0
461,0,0,0,0,0,0,0,0,0,0,0,0,0,0,0,0,0,0,0,0,11,0,0,0,46,0,0,0,4,2,16,6,14599,0,0,0,0,0,0,0,0,0,0,0,0,0,0,0,2,0,0,0,0,0,0,0,0,0,0,0,0,0,0,0,18,0
462,0,8,0,0,0,0,0,0,0,14132,1,100,5,2,0,0,0,0,0,0,0,0,0,0,0,1,0,0,0,0,0,0,0,0,0,0,0,0,0,0,0,10,0,0,0,0,0,0,0,0,0,0,0,0,0,0,0,3,0,0,0,0,0,0,0,0
463,0,1,0,0,0,0,0,0,0,65,0,0,0,0,0,0,0,0,0,0,0,0,0,0,0,0,0,0,0,0,0,0,0,8,0,0,0,0,0,0,0,11419,2,62,5,3,0,0,0,0,0,0,0,0,0,0,0,2,0,0,0,0,0,0,0,0
464,0,0,0,0,0,4,11221,3,25,0,2,0,0,0,18,0,0,0,0,0,0,0,2,0,0,0,0,0,0,0,0,0,0,0,0,0,0,0,79,0,0,0,0,0,0,0,0,0,0,0,0,0,0,0,0,0,0,0,0,0,0,0,0,0,0,0
465,0,11210,1,37,1,1,0,0,0,27,0,1,0,3,0,0,0,2,0,0,0,0,0,0,0,0,0,0,0,0,0,0,0,24,0,0,0,0,0,0,0,0,0,0,0,0,0,0,0,2,0,0,0,0,0,0,0,0,0,0,0,0,0,0,0,0
466,0,0,0,0,0,0,0,5,0,0,0,0,0,0,0,0,0,0,0,0,0,0,0,1,0,0,0,0,0,0,0,0,0,0,0,1,0,16,2,10434,1,0,0,2,0,0,0,4,0,0,0,0,0,0,0,0,0,0,0,0,0,0,0,0,0,0
467,0,0,0,0,0,0,0,0,0,0,0,0,0,1,0,0,0,1,0,0,0,22,0,0,0,2,0,0,0,10073,1,31,3,0,0,0,0,0,0,0,0,0,0,0,0,4,0,0,0,0,0,0,0,0,0,0,0,0,0,0,0,19,0,2,0,0
468,0,4,0,0,0,9840,1,117,12,0,0,0,0,10,0,0,0,0,0,0,0,2,0,0,0,0,0,0,0,0,0,0,0,0,0,0,0,73,0,0,0,0,0,0,0,0,0,0,0,0,0,0,0,4,0,0,0,0,0,0,0,0,0,0,0,0
469,0,9,0,0,0,0,0,0,0,0,0,0,0,0,0,0,0,0,0,0,0,0,0,0,0,0,0,0,0,0,0,0,0,8799,4,85,4,4,0,0,0,66,0,1,0,15,0,0,0,0,0,0,0,0,0,0,0,0,0,0,0,0,0,0,0,0
470,0,0,0,0,0,0,0,0,0,0,0,0,0,6,0,0,0,0,0,0,0,0,0,0,0,0,0,0,0,0,0,0,0,0,0,0,0,14,0,0,0,1,0,0,0,7243,30,39,4,0,0,0,0,0,0,0,0,0,0,0,0,2,0,0,0,0
471,0,0,0,0,0,0,0,0,0,0,0,0,0,6892,0,0,0,0,0,0,0,0,0,0,0,0,0,0,0,2,0,0,0,0,0,0,0,0,0,0,0,0,0,0,0,28,0,0,0,0,0,0,0,0,0,0,0,0,0,0,0,8,0,0,0,0
