pos,AAA,AAC,AAG,AAT,ACA,ACC,ACG,ACT,AGA,AGC,AGG,AGT,ATA,ATC,ATG,ATT,CAA,CAC,CAG,CAT,CCA,CCC,CCG,CCT,CGA,CGC,CGG,CGT,CTA,CTC,CTG,CTT,GAA,GAC,GAG,GAT,GCA,GCC,GCG,GCT,GGA,GGC,GGG,GGT,GTA,GTC,GTG,GTT,TAA,TAC,TAG,TAT,TCA,TCC,TCG,TCT,TGA,TGC,TGG,TGT,TTA,TTC,TTG,TTT,---,other
0,0,0,0,0,0,0,0,8,0,0,0,0,0,0,0,0,0,0,0,9,15,110,11,32985,0,0,0,1,0,0,0,40,0,1,0,0,0,0,0,1,0,0,0,0,0,0,0,0,0,0,0,0,0,0,0,31,0,0,0,0,0,0,0,0,0,0
1,0,0,9,0,0,0,0,0,0,0,0,0,0,0,0,0,50,7,33681,5,0,0,10,0,0,0,95,0,0,0,12,0,0,0,0,0,0,0,0,0,0,0,0,1,0,0,0,0,0,0,34,0,0,0,0,0,0,0,0,0,0,0,0,0,0,0
2,0,79,0,1,0,127,1,5,2,9,0,0,6,32143,1,1159,0,0,0,0,1,0,0,0,0,0,0,0,0,4,0,0,0,0,0,0,0,0,0,0,0,1,0,0,0,98,0,2,0,0,0,0,0,0,0,0,0,0,0,0,0,15,0,0,0,0
3,0,0,0,0,6,156,2,33557,1,0,0,1,0,0,0,17,0,2,1,1,0,0,0,8,0,0,0,0,0,0,0,0,0,0,0,0,0,0,0,75,0,0,0,0,0,0,0,0,0,0,0,0,0,0,0,10,0,0,0,0,0,0,0,0,0,0
4,0,0,0,0,0,0,0,0,0,0,0,0,0,0,0,4,0,4,0,8,0,2,0,132,0,0,0,6,8,473,5,33754,0,0,0,0,0,0,0,0,0,0,0,0,0,0,0,0,0,0,0,0,0,0,0,0,0,0,0,0,0,1,0,17,0,0
5,0,0,0,0,0,0,0,0,0,0,11,0,0,0,0,0,0,0,1,0,0,0,0,0,0,0,84,0,1,0,0,0,0,0,0,0,0,0,0,0,0,0,33,0,0,0,1,0,0,0,46,0,0,0,0,0,38,11,34305,7,0,0,18,0,0,0
6,4,0,0,1,0,0,0,0,0,0,0,0,0,0,0,0,34774,6,123,12,2,0,0,0,93,1,1,0,14,0,0,0,5,0,0,0,0,0,0,0,0,0,0,0,0,0,0,0,49,0,0,0,1,0,0,0,0,0,0,0,0,0,0,0,0,0
7,0,0,0,0,0,0,0,0,1,0,0,0,0,0,0,0,67,0,0,0,5,0,0,0,34933,4,116,16,11,0,0,0,0,0,0,0,0,0,0,0,4,0,0,0,0,0,0,0,0,0,0,0,0,0,0,0,52,1,2,0,0,0,0,0,0,0
8,0,0,0,0,0,2,0,0,0,1,0,0,0,0,0,0,0,11,0,0,19,34201,0,22,0,0,0,0,0,48,0,0,0,0,0,0,0,3,0,0,0,0,0,0,0,1,0,0,0,0,0,0,0,21,0,0,0,0,0,0,0,0,0,0,0,0
9,0,0,0,0,0,0,0,0,0,0,0,0,0,6,0,0,0,6,1,0,0,239,0,0,1,5,0,0,4,35271,4,58,0,0,0,0,0,0,0,0,0,0,0,0,0,1,0,0,0,0,0,0,0,0,0,0,0,0,0,0,0,29,0,0,0,0
10,0,0,0,0,0,1,0,0,0,0,0,0,1,63,0,1,0,0,0,0,0,0,0,0,0,0,0,1,0,1,0,0,0,14,0,0,0,136,0,0,0,5,0,1,2,35797,1,32,0,0,0,0,0,1,0,0,0,0,0,0,0,5,0,0,0,0
11,2,0,0,0,36151,4,380,4,1,0,0,0,46,0,0,0,0,0,1,0,8,0,0,0,0,0,0,0,0,0,0,0,0,0,0,0,129,0,1,0,0,0,0,0,0,0,0,0,0,0,0,0,12,0,0,0,0,0,0,0,0,0,0,0,0,0
12,2,0,0,0,41,0,0,0,3,0,0,0,36761,4,47,7,0,0,0,0,0,0,0,0,0,0,0,0,7,0,0,0,0,0,0,0,0,0,0,0,0,0,0,0,80,0,0,0,0,0,0,0,0,0,0,0,0,0,0,0,2,0,0,0,0,0
13,36720,11,83,3,7,0,0,0,90,0,0,0,5,0,0,0,5,0,0,0,0,0,0,0,0,0,0,0,0,0,0,0,45,0,1,0,0,0,0,0,0,0,0,0,0,0,0,0,19,0,0,0,0,0,0,0,1,0,0,1,0,0,0,0,0,0
14,2,0,0,0,59,0,0,0,9,0,0,0,36091,3,49,8,0,0,0,0,0,0,0,0,0,0,0,0,7,0,0,0,0,0,0,0,0,0,0,0,0,0,0,0,63,0,0,0,0,0,0,0,0,0,0,0,0,0,0,0,2,0,0,0,0,0
15,0,0,0,0,0,0,0,0,1,0,68,0,0,0,0,0,0,0,0,0,0,0,0,0,0,0,1,0,0,0,0,0,0,0,37,0,0,0,1,0,27,2,35619,7,0,0,5,0,0,0,0,0,0,0,0,0,0,0,6,0,0,0,0,0,0,0
16,0,0,0,0,0,0,0,0,0,0,47,0,0,0,0,0,0,0,0,0,0,0,0,0,0,0,2,0,0,0,0,0,0,1,35,0,0,0,0,0,57,13,34772,3,0,0,4,0,0,0,0,0,0,0,0,0,0,0,12,0,0,0,0,0,0,0
17,5,0,0,0,0,0,0,0,0,0,0,0,0,0,0,0,36831,7,112,8,2,1,0,0,125,0,0,0,8,0,0,0,3,0,0,0,0,0,0,0,0,0,0,0,0,0,0,0,51,0,0,0,0,0,0,0,0,0,0,0,0,0,0,0,0,0
18,0,0,0,0,0,0,0,0,1,0,0,0,4,0,0,0,4,0,0,0,71,0,0,0,7,0,0,0,37459,13,260,7,0,0,0,0,0,0,0,0,0,0,0,0,3,0,0,0,0,0,0,0,1,0,0,0,0,0,0,0,36,0,0,0,0,0
19,190,1,36551,2,0,0,11,0,1,0,92,0,0,0,2,0,0,0,9,0,0,0,0,0,0,0,0,0,0,0,1,0,0,0,106,0,0,0,0,0,0,0,0,0,0,0,0,0,0,0,12,0,0,0,0,0,0,0,0,0,0,0,0,0,0,0
20,73,0,0,0,0,0,0,0,0,0,0,0,0,0,0,0,4,0,0,0,0,0,0,0,0,0,0,0,0,0,0,0,35627,3,165,5,10,1,0,0,140,0,0,0,10,0,0,0,6,0,0,0,0,0,0,0,0,0,0,0,0,0,0,0,0,0
21,0,0,0,0,0,0,0,51,0,0,0,0,0,0,0,0,0,0,0,0,0,0,0,1,0,0,0,0,0,0,0,0,1,0,0,5,5,126,15,34869,0,0,0,3,0,0,0,28,0,0,0,0,0,0,0,4,0,0,0,0,0,0,0,0,0,0
22,0,0,0,0,0,0,0,0,0,0,0,0,7,0,0,0,10,0,0,0,65,1,0,0,4,0,0,0,35853,5,93,2,0,0,0,0,0,0,0,0,0,0,0,0,1,0,0,0,0,0,0,0,0,0,0,0,0,0,0,0,24,0,0,0,0,0
23,0,0,0,0,0,0,0,0,1,0,0,0,5,0,0,0,0,0,0,0,0,0,0,0,0,0,0,0,82,0,1,0,0,0,0,0,0,0,0,0,0,0,0,0,7,0,0,0,1,0,0,0,52,0,0,1,5,0,0,0,36995,8,62,8,0,0
24,0,0,0,19,0,0,0,0,0,0,0,0,0,0,0,0,0,0,0,3,0,0,0,0,0,0,0,0,0,0,0,0,3,64,8,36860,0,0,0,16,0,0,0,218,0,0,0,11,0,0,0,5,0,0,0,0,0,0,0,0,0,0,0,0,0,0
25,1,0,0,0,36406,5,130,5,0,0,0,0,42,0,0,0,0,0,0,0,2,1,0,0,0,0,0,0,0,0,0,0,0,0,0,0,159,0,3,0,0,0,0,0,0,0,0,0,0,0,0,0,10,0,0,0,0,0,0,0,0,0,0,0,0,0
26,0,0,0,0,0,0,0,0,0,0,32,0,0,0,0,0,0,0,0,0,0,0,1,0,0,0,1,0,0,0,0,0,0,0,48,0,0,0,2,0,42,1,35271,8,0,0,13,0,0,0,0,0,0,0,0,0,0,0,5,0,0,0,0,0,0,0
27,0,0,0,0,47,0,0,0,0,0,0,0,0,0,0,0,0,0,0,0,6,0,0,0,0,0,0,0,0,0,0,0,5,0,0,0,36091,7,77,19,11,0,0,0,29,0,0,0,0,0,0,0,8,0,0,0,0,0,0,0,0,0,0,0,0,0
28,0,0,0,29,0,0,0,0,0,0,0,0,0,0,0,0,0,0,0,3,0,0,1,0,0,0,0,0,0,0,0,0,3,101,12,37060,0,0,0,9,0,1,0,110,0,0,0,16,0,0,0,1,0,0,0,0,0,0,0,0,0,0,0,0,0,0
29,0,0,0,46,0,0,0,0,0,0,0,0,0,0,0,0,0,0,0,3,0,0,0,0,0,0,0,0,0,0,0,0,3,74,7,37492,0,0,0,25,0,0,0,107,0,0,0,13,0,0,0,9,0,0,0,0,0,0,0,0,0,0,0,0,0,0
30,8,0,0,1,38364,11,113,20,5,0,0,0,28,0,0,0,0,0,0,0,5,0,0,0,0,0,0,0,0,0,0,0,0,0,0,0,121,0,0,0,0,0,0,0,0,0,0,0,0,0,0,0,12,0,1,0,0,0,0,0,0,0,0,0,0,0
31,0,0,0,0,1,0,0,0,0,0,0,0,87,0,0,0,0,0,0,0,0,0,0,0,0,0,0,0,1,0,0,0,5,0,0,0,64,0,0,2,9,0,0,0,37912,16,44,5,0,0,0,0,0,0,0,0,0,0,0,0,4,1,0,0,0,0
32,0,0,0,0,0,0,0,0,0,0,0,0,12,0,1,0,0,0,0,0,1,0,0,0,0,0,0,0,58,1,1,0,0,0,0,0,0,0,1,0,0,0,0,0,13,0,0,0,2,0,0,0,70,0,0,1,80,0,0,0,39198,16,179,4,0,0
33,24,0,0,0,0,0,0,0,0,0,0,0,0,0,0,0,0,0,0,0,0,0,0,0,0,0,0,0,0,0,0,0,39319,4,145,9,7,0,0,0,103,1,0,0,9,0,0,0,4,0,0,0,0,0,0,0,0,0,0,0,1,0,0,0,0,0
34,0,38,0,0,0,0,0,0,0,0,0,0,0,0,0,0,0,1,0,0,0,0,0,0,0,0,0,0,0,0,0,0,1,39192,1,32,0,6,0,0,0,142,0,1,0,16,0,0,0,9,0,0,0,0,0,0,0,0,0,0,0,0,0,0,0,0
35,7,0,0,0,50,0,0,0,13,0,0,0,40175,7,64,10,0,0,0,0,0,0,0,0,0,0,0,0,10,1,0,0,1,0,0,0,0,0,0,0,0,0,0,0,113,0,0,0,0,0,0,0,0,0,0,0,0,0,0,0,13,0,0,0,0,0
36,0,0,0,41,0,0,0,0,0,0,0,0,0,0,0,0,0,0,0,0,0,0,0,0,0,0,0,0,0,0,0,0,16,73,5,39543,0,0,0,13,0,3,0,107,0,0,0,6,0,0,0,8,0,0,0,1,0,0,0,0,0,0,0,0,0,0
37,0,0,1,0,0,0,0,0,0,0,0,0,0,0,9,0,0,0,1,0,0,0,1,0,0,0,0,0,0,0,144,0,0,0,0,0,0,0,0,0,0,0,0,0,0,0,4,0,0,0,13,0,0,0,130,0,0,0,6,0,118,7,41655,6,0,0
38,0,0,0,0,20,0,0,0,1,0,0,0,0,0,0,0,7,0,1,0,41639,8,137,29,0,0,0,0,59,0,0,0,0,0,0,0,10,0,0,0,0,0,0,0,0,0,0,0,0,0,0,1,56,0,1,0,0,0,0,0,0,0,0,0,0,0
39,0,0,1,0,0,0,0,0,96,0,1,0,0,0,0,0,0,0,0,0,0,0,0,0,3,0,0,0,0,0,0,0,31,0,0,0,2,0,0,0,42365,31,104,11,6,0,0,0,0,0,0,0,0,0,0,0,9,0,0,0,1,0,0,0,0,0
40,56,0,0,0,1,0,0,0,43029,13,130,8,7,0,0,0,0,0,0,0,0,0,0,0,5,0,0,0,0,0,0,0,0,0,0,0,0,0,0,0,182,0,0,0,0,0,0,0,0,0,0,0,0,0,0,0,11,0,0,0,0,0,0,0,0,0
41,0,0,0,0,0,0,0,0,0,0,12,0,0,0,0,0,0,0,0,0,0,0,0,0,0,0,81,0,0,0,0,0,0,0,0,0,0,0,0,0,0,0,7,0,0,0,0,0,0,0,225,0,0,0,0,0,34,1,42874,4,0,0,14,0,0,0
42,42504,12,135,16,12,0,0,0,277,0,0,0,8,0,0,0,8,0,1,0,0,0,0,0,0,0,0,0,0,0,0,0,145,0,0,0,0,0,0,0,1,0,0,0,0,0,0,0,22,0,0,0,0,0,0,0,0,0,0,0,0,0,0,0,0,0
43,1,0,0,0,4,0,0,0,0,0,0,0,0,0,0,0,16,0,0,0,43262,9,118,9,1,0,0,0,35,0,1,0,0,0,0,0,8,0,0,0,0,0,0,0,0,0,0,0,0,0,0,0,31,0,0,0,0,0,0,0,0,0,0,0,0,0
44,43307,5,111,3,8,0,0,0,91,0,0,0,7,0,0,0,12,0,0,0,0,0,0,0,0,0,0,0,0,0,0,0,77,0,0,0,0,0,0,0,0,0,0,0,0,0,0,0,6,0,0,0,0,0,0,0,0,0,0,0,0,0,0,0,0,0
45,0,0,3,0,0,0,47,0,0,0,8,0,35,0,43379,7,0,0,0,0,0,0,0,0,0,0,0,0,0,0,7,0,0,0,0,0,0,0,0,0,0,0,0,0,0,0,83,0,0,0,0,0,0,0,0,0,0,0,0,0,0,0,2,0,0,0
46,9,0,0,0,1064,1,2,0,3,0,0,0,41998,13,94,8,0,0,0,0,0,0,0,0,0,0,0,0,16,1,0,0,0,0,0,0,1,0,0,0,0,0,0,0,99,0,1,0,0,0,0,0,0,0,0,0,0,0,0,0,14,0,0,0,0,0
47,0,0,0,0,0,0,0,0,156,0,95,0,0,0,0,0,0,0,0,0,0,0,0,0,0,0,1,0,0,0,0,0,0,0,24,0,0,0,7,0,61,0,42111,6,0,0,9,0,0,0,0,0,0,0,0,0,0,0,9,0,0,0,0,0,0,0
48,0,0,0,0,0,0,0,0,36,0,0,0,0,0,0,0,0,0,0,0,0,0,0,0,3,0,0,0,0,0,0,0,122,0,0,0,1,0,0,0,41775,6,185,22,8,0,0,0,0,0,0,0,0,0,0,0,15,0,0,0,0,0,0,0,0,0
49,0,0,0,18,0,0,1,114,0,1,0,26,9,96,10,42272,0,0,0,0,0,0,0,0,0,0,0,0,0,0,0,7,0,0,0,0,0,0,0,0,0,0,0,0,0,0,0,154,0,0,0,0,0,0,0,0,0,0,0,0,0,0,0,64,0,0
50,0,0,0,0,0,0,0,0,30,0,0,0,0,0,0,0,0,0,0,0,0,0,0,0,3,0,0,0,0,0,0,0,74,0,0,0,5,0,0,0,41607,14,146,20,5,0,0,0,1,0,0,0,0,0,0,0,19,0,0,0,0,0,0,0,0,0
51,0,0,0,0,0,0,0,0,0,0,0,32,0,0,0,0,0,0,0,0,0,0,0,0,0,0,0,1,0,0,0,0,0,0,0,69,0,0,0,4,8,152,9,41026,0,0,0,3,0,0,0,0,0,0,0,0,0,0,0,11,0,0,0,0,0,0
52,0,0,1,0,0,0,0,0,0,0,0,0,0,0,0,8,0,0,0,0,0,0,0,0,0,0,0,0,0,0,0,97,0,0,0,0,0,0,0,0,0,0,1,0,0,0,1,3,0,0,0,11,0,0,0,108,0,0,0,11,13,50,10,42533,0,0
53,0,0,0,12,1,0,0,125,0,0,1,10,7,79,10,43654,0,0,0,0,0,0,0,0,0,0,0,0,0,0,0,10,0,0,0,0,0,0,0,1,0,0,0,0,0,0,0,30,0,0,0,0,0,0,0,0,0,0,0,0,0,0,0,7,0,0
54,43528,6,220,3,14,0,0,0,103,0,1,0,10,0,0,1,8,0,0,0,0,0,0,0,0,0,0,0,0,0,0,0,73,0,0,0,0,0,0,0,0,0,0,0,0,0,0,0,8,0,0,0,0,0,0,0,0,0,0,0,0,0,0,0,0,0
55,0,0,0,0,0,0,0,0,0,0,0,0,33,0,0,0,0,0,0,0,0,0,0,0,0,0,0,0,1,0,0,0,15,0,0,0,60,0,0,0,3,0,0,1,42818,8,57,5,0,0,0,0,0,0,0,1,0,0,0,0,3,0,0,1,0,0
56,42768,13,159,25,12,0,0,0,165,0,0,0,6,0,0,0,11,0,0,0,0,0,0,0,0,0,0,0,0,0,0,0,114,0,0,0,0,0,0,0,0,0,0,0,0,0,0,0,10,0,0,0,0,0,0,0,0,0,0,0,0,0,0,0,0,0
57,0,0,0,0,0,0,0,0,0,0,1,0,0,0,0,0,45,1,43219,3,1,0,8,0,0,0,119,0,0,0,11,0,0,0,0,0,0,0,0,0,0,0,0,0,0,0,0,0,0,0,43,0,0,0,1,0,0,0,0,0,0,0,0,0,0,0
58,0,0,0,21,0,0,0,0,0,0,0,0,0,0,0,0,0,2,0,73,0,0,0,0,0,0,0,0,0,0,0,0,0,0,0,11,0,0,0,0,0,0,0,0,0,0,0,0,24,98,50,42422,0,0,1,0,0,0,0,84,0,0,1,11,0,0
59,0,0,0,41,0,0,0,0,0,0,0,0,0,0,0,0,0,0,0,5,0,0,0,0,0,0,0,0,0,0,0,0,23,100,7,42214,1,0,0,10,0,1,0,124,0,0,0,16,0,0,0,8,0,0,0,1,0,0,0,0,0,0,0,0,0,0
60,0,0,11,0,0,0,0,0,0,0,0,0,0,0,0,0,41,1,42678,6,0,0,6,0,0,0,87,0,0,0,12,0,0,0,1,0,0,0,1,0,0,0,0,0,0,0,0,0,0,0,46,0,0,0,0,0,0,0,0,0,0,0,0,0,0,0
61,0,0,0,0,0,0,0,0,0,0,0,0,59,0,0,0,0,0,0,0,0,0,0,0,0,0,0,0,2,0,0,0,115,0,0,0,91,0,1,0,10,0,0,0,41066,3,108,17,0,0,0,0,1,0,0,0,0,0,0,0,5,0,0,0,0,0
62,0,0,0,0,0,5,0,0,0,0,0,0,0,0,0,0,0,11,0,0,14,42245,3,34,0,2,0,0,0,77,0,0,0,0,0,1,0,6,0,0,0,0,0,0,0,0,0,0,0,0,0,0,0,45,0,0,0,0,0,0,0,0,0,0,0,0
63,0,0,0,0,92,0,0,0,11,0,0,0,44206,8,72,7,0,0,0,0,0,0,0,0,0,0,0,1,10,0,0,0,0,0,0,0,0,0,0,0,1,0,0,0,94,0,1,0,0,0,0,0,1,0,0,0,1,0,0,0,30,0,0,0,0,0
64,22,0,0,0,0,0,0,0,0,0,0,0,0,0,0,0,1,0,0,1,0,0,0,0,0,0,0,0,1,0,0,0,44655,7,130,12,9,0,1,0,118,0,0,0,11,0,0,0,11,0,0,1,0,0,0,0,0,0,0,0,0,0,0,0,0,0
65,0,12,1,0,0,101,0,0,0,7,0,0,11,43810,0,25,0,0,0,0,0,0,0,0,0,0,0,0,0,6,0,0,0,0,0,0,0,1,0,0,0,0,0,0,0,119,1,0,0,0,0,0,0,0,0,0,0,0,0,0,0,4,0,0,0,0
66,0,0,0,0,0,0,0,0,1,1,0,18,0,0,0,0,0,0,0,0,0,0,0,0,1,0,0,208,0,0,0,0,0,0,0,0,0,0,0,0,0,0,0,12,0,0,0,0,0,0,0,50,0,0,0,1,19,164,14,43949,0,0,0,5,0,0
67,0,0,0,0,0,0,0,0,64,0,0,0,0,0,0,0,0,0,1,0,1,0,0,0,3,0,1,0,0,0,0,0,52,0,0,0,3,0,0,0,42847,7,157,16,18,0,0,0,0,0,0,0,0,0,0,0,21,0,0,0,2,0,0,0,0,0
68,0,0,0,1,0,0,0,0,1,0,0,0,0,0,0,0,3,53,7,44095,0,0,0,25,0,0,0,111,0,0,0,12,0,0,1,1,0,0,0,0,0,0,0,0,0,0,0,0,0,0,0,48,0,0,0,0,0,0,0,0,0,0,0,0,0,0
69,44459,5,156,11,8,0,0,0,272,0,2,0,19,0,0,0,4,0,1,0,0,0,0,0,0,0,0,1,0,0,0,0,63,0,1,0,0,0,0,0,0,0,0,0,0,0,0,0,9,0,0,0,0,0,0,0,0,0,0,0,0,0,0,0,0,0
70,0,0,0,0,0,1,0,31,0,0,0,0,0,0,0,0,0,0,1,0,0,0,0,1,0,0,0,0,0,0,0,0,0,0,0,6,5,69,2,43238,0,0,0,3,0,0,0,54,0,0,0,0,0,0,0,6,0,0,0,0,0,0,0,0,0,0
71,8,0,1,0,69,0,0,0,19,0,0,0,42686,7,87,53,0,0,0,0,0,0,0,0,0,0,0,0,17,0,0,0,0,0,0,0,0,0,0,0,0,0,0,0,111,0,0,0,0,0,0,0,0,0,0,0,0,0,0,0,9,0,0,0,0,0
72,0,0,0,0,0,0,0,0,2,0,1,293,0,0,0,0,0,0,0,0,0,0,0,0,0,0,0,3,0,0,0,0,0,0,0,43,0,0,0,10,4,92,9,40405,0,0,0,3,0,0,0,0,0,0,0,0,0,0,0,4,0,0,0,0,0,0
73,7,0,0,0,41524,15,128,11,4,0,0,0,37,0,2,0,0,0,0,0,9,0,0,0,0,0,0,0,0,0,0,0,0,0,0,0,82,0,0,0,0,0,0,0,0,0,0,0,0,0,0,0,10,0,0,0,0,0,0,0,0,0,0,0,0,0
74,0,0,0,0,0,0,0,0,0,0,0,0,25,0,0,0,0,0,0,0,0,0,0,0,0,0,0,0,1,0,0,0,6,1,0,0,130,0,0,0,7,0,0,0,42032,19,76,9,0,0,0,0,0,0,0,0,0,0,0,0,5,0,0,0,0,0
75,0,0,0,0,0,0,0,0,1,0,0,0,25,0,0,0,0,1,0,0,0,0,0,0,0,0,0,0,77,0,0,0,0,0,0,0,0,0,0,0,0,0,0,0,74,0,0,0,8,0,1,0,188,0,0,1,7,0,0,0,42352,16,69,13,0,0
76,0,0,0,0,0,0,0,0,0,0,0,0,34,2,0,0,0,0,0,1,0,0,0,0,0,0,0,0,5,0,0,0,12,0,0,0,104,0,0,0,4,0,0,0,43359,11,77,7,0,0,0,0,0,0,0,0,0,1,0,0,1,0,0,0,0,0
77,0,0,0,0,1,0,0,0,289,0,1,0,0,0,0,0,0,0,0,0,0,0,0,0,2,0,0,0,0,0,0,0,40,0,0,0,1,0,0,0,41555,3,186,28,5,0,0,0,0,0,0,0,0,0,0,0,5,0,0,0,0,0,0,0,0,0
78,0,0,0,0,0,0,0,2,0,0,0,0,0,0,0,0,0,0,0,7,12,115,4,43839,0,1,0,0,1,1,0,51,0,0,0,0,0,0,0,17,0,0,0,0,0,0,0,0,0,0,0,0,0,0,0,37,0,0,0,0,0,0,0,0,0,0
79,3,0,0,0,44455,37,139,15,1,0,0,0,46,0,0,0,0,0,0,0,7,0,0,0,0,0,0,0,0,1,1,0,0,0,0,0,93,0,0,0,0,0,0,0,0,0,0,0,0,0,0,0,4,0,0,0,0,0,0,0,0,0,0,0,0,0
80,1,0,0,0,9,0,0,0,0,0,0,0,0,0,0,0,7,0,0,0,46574,7,119,58,6,0,0,0,48,0,0,0,0,0,0,0,1,0,0,0,1,0,0,0,0,0,0,0,0,0,0,0,66,0,0,0,0,0,0,0,0,0,0,0,0,0
81,0,0,0,0,0,0,0,0,0,0,0,0,0,37,0,0,0,0,0,0,0,0,0,0,2,0,0,0,0,0,0,0,0,27,0,0,0,174,0,0,0,13,0,0,13,46144,2,49,0,0,0,0,0,0,0,0,0,0,0,0,0,4,0,0,0,0
82,16,46831,0,45,0,16,0,0,0,238,0,0,0,11,0,1,0,6,0,0,0,0,0,0,0,0,0,0,0,0,0,0,0,162,0,0,0,0,0,0,0,0,0,0,0,0,0,0,0,30,0,1,0,0,0,0,0,0,0,0,0,0,0,0,0,0
83,3,0,0,1,59,0,0,0,15,0,0,0,48989,6,68,10,0,0,0,0,0,0,0,0,0,0,0,0,10,0,0,0,0,0,1,0,0,0,0,0,0,0,0,0,132,0,0,0,0,0,0,0,0,0,0,0,0,0,0,0,92,0,0,0,0,0
84,0,0,0,9,0,1,0,125,0,0,0,12,18,116,5,49538,0,0,0,0,0,0,0,0,0,0,0,0,0,0,0,7,0,0,0,1,0,0,0,1,0,0,0,0,1,0,0,177,0,0,0,0,0,0,0,0,0,0,0,0,0,0,0,8,0,0
85,0,0,0,0,0,0,0,0,304,0,0,0,0,0,0,0,0,0,0,0,0,0,0,0,0,0,0,0,1,0,0,2,34,0,1,0,4,0,0,0,48551,6,145,10,10,0,0,0,0,0,0,0,0,0,0,0,15,0,0,0,0,0,0,0,0,0
86,31,0,0,0,0,0,0,0,49309,8,129,10,12,0,0,0,0,0,0,0,1,0,0,0,26,0,1,0,0,0,0,0,0,0,0,0,0,0,0,0,195,0,0,0,0,0,0,0,0,0,0,0,0,0,0,0,28,0,1,0,0,0,0,0,0,0
87,11,127,7,49231,0,0,0,11,0,1,0,228,0,1,0,9,0,0,0,7,0,1,0,1,0,0,0,0,0,0,0,0,0,0,0,163,0,0,0,0,0,0,0,0,0,0,0,0,0,0,0,6,0,0,0,0,0,0,0,0,0,0,0,0,0,0
88,0,0,0,0,0,0,0,0,0,0,1,0,0,0,13,0,0,0,11,0,0,0,114,0,0,0,10,0,48,2,50596,5,0,0,0,0,0,0,0,0,0,0,0,0,0,0,0,0,0,0,0,0,0,0,1,0,0,0,0,0,0,0,38,0,0,0
89,0,0,0,0,0,0,0,0,0,0,0,0,0,0,17,0,0,0,0,0,0,0,0,0,0,0,0,0,0,0,189,1,0,0,0,0,0,0,0,0,0,0,0,1,1,0,11,0,0,0,25,0,0,0,142,0,0,0,15,0,63,6,49977,9,0,0
90,0,0,0,11,29,184,50,49160,0,0,0,0,0,0,0,45,0,0,0,0,0,0,0,19,0,0,0,0,0,0,0,0,0,0,0,0,0,0,0,208,0,0,0,0,0,0,0,1,0,0,0,0,0,0,0,41,0,1,0,0,0,0,0,0,0,0
91,0,0,13,0,0,0,0,0,0,0,0,0,0,0,0,0,47,5,50214,6,0,1,16,0,0,0,169,1,0,0,31,0,0,0,1,0,0,0,0,0,0,0,0,0,0,0,0,0,0,0,32,0,0,0,0,0,0,0,0,0,0,0,0,0,0,0
92,0,0,0,0,0,0,0,0,0,0,0,0,0,0,0,10,0,0,0,21,0,1,0,163,0,0,0,8,15,150,16,50159,0,0,0,0,0,0,0,0,0,0,0,0,0,0,0,5,0,0,0,0,0,0,0,0,0,0,0,0,0,0,0,56,0,0
93,0,0,0,0,0,0,0,0,0,0,0,403,0,0,0,0,0,0,0,0,0,0,0,0,0,0,0,3,0,0,0,0,0,0,0,45,0,0,0,6,27,178,12,49251,0,0,0,2,0,0,0,0,0,0,0,0,0,0,0,11,0,0,0,0,0,0
94,0,0,0,0,0,0,0,0,0,58,0,0,0,0,0,0,0,0,0,0,0,0,0,0,0,166,0,0,0,0,0,0,0,1,0,0,0,0,0,0,0,10,0,0,0,0,0,0,0,65,0,0,0,20,0,0,6,49381,9,69,0,4,0,0,0,0
95,1,0,0,3,6,175,13,50444,0,0,0,2,0,0,0,49,0,0,0,0,0,0,0,8,0,0,0,0,0,0,0,0,0,0,0,0,0,1,0,129,0,1,0,0,0,0,0,0,0,0,0,0,0,0,0,32,0,0,0,0,0,0,0,0,0,0
96,1,0,0,0,0,0,0,0,0,0,0,0,10,0,0,0,0,0,0,0,1,0,0,0,0,0,0,0,130,0,0,0,0,0,0,0,0,0,0,0,0,0,0,0,11,0,0,0,10,0,0,0,85,0,0,0,10,0,0,0,52003,10,73,9,0,0
97,8,98,4,51227,0,0,0,23,0,0,0,80,0,0,0,8,0,0,0,26,0,0,0,0,0,0,0,0,0,0,0,0,0,0,0,90,0,0,0,0,0,0,0,0,0,0,0,0,0,0,0,8,0,0,0,0,0,0,0,0,0,0,0,0,0,0
98,0,0,0,0,0,0,0,1,0,0,0,0,0,0,0,6,0,0,0,0,0,0,0,0,0,0,0,0,0,1,0,120,0,0,0,0,0,0,0,0,0,0,1,0,0,0,0,8,0,0,0,14,0,0,1,179,0,0,1,16,16,681,9,50770,0,0
99,0,0,0,2,0,0,0,8,0,0,0,0,0,0,0,0,0,0,0,14,34,92,5,50824,0,0,0,1,1,1,0,130,0,0,0,0,0,0,0,0,0,0,0,0,0,1,0,0,0,0,0,0,0,0,0,58,0,0,0,0,0,0,0,0,0,0
100,0,0,0,14,0,0,0,132,0,0,0,14,6,124,14,51386,0,0,0,0,0,0,0,0,0,0,0,0,0,0,0,18,0,0,0,0,0,0,0,0,0,0,0,0,0,0,0,89,0,0,0,0,0,0,0,0,0,0,0,0,1,0,0,9,0,0
101,0,1,0,45,0,0,0,3,33,220,1,50559,0,1,0,4,0,0,0,0,0,0,0,0,0,0,0,12,0,0,0,0,0,0,0,0,0,0,0,0,0,0,0,84,0,0,0,0,0,0,0,0,0,0,0,0,0,0,0,24,0,0,0,0,0,0
102,0,0,0,0,0,0,0,14,0,0,0,0,0,0,0,0,0,0,0,22,25,125,9,50743,0,0,0,3,1,0,0,52,0,0,0,0,0,0,0,7,0,0,0,0,0,0,0,0,0,0,0,0,0,0,1,54,0,0,0,1,0,0,0,0,0,0
103,0,0,0,15,0,0,0,125,0,0,0,38,25,127,10,51800,0,0,0,0,0,0,0,0,0,0,0,0,0,0,0,6,0,0,0,0,0,0,0,0,0,0,0,0,1,0,0,92,0,0,0,0,0,0,0,0,0,0,0,0,0,0,0,26,0,0
104,41,0,1,0,0,0,0,0,0,0,1,0,0,0,0,0,1,0,0,0,0,0,0,0,0,0,0,0,0,0,0,0,50621,13,643,11,9,0,0,0,272,0,2,0,70,1,1,0,10,0,0,0,0,1,0,0,0,0,0,0,0,0,0,0,0,0
105,0,0,1,6,11,142,11,50469,0,0,0,0,0,0,1,55,0,0,0,0,0,0,0,11,0,0,0,0,0,0,0,2,0,0,0,0,0,1,0,217,0,0,0,0,0,0,0,0,0,0,0,0,0,0,0,15,0,0,0,0,0,0,0,0,0,0
106,0,0,0,0,0,0,0,0,0,0,0,0,71,0,0,0,0,0,0,0,0,0,0,0,0,0,0,0,1,0,0,0,19,0,0,0,132,0,1,0,18,0,0,0,50230,15,113,38,0,0,0,0,0,0,0,0,0,0,0,0,7,0,0,0,0,0
107,1,0,0,0,7,0,0,0,0,0,0,0,0,0,0,0,8,1,0,0,50679,12,130,44,2,0,0,0,65,1,0,0,0,0,0,1,10,0,0,0,0,0,0,0,0,0,0,0,0,0,0,0,62,0,0,2,0,0,0,0,0,0,0,0,0,0
108,0,0,0,0,0,0,0,0,0,0,0,0,39,2,0,0,0,0,0,0,0,0,0,0,0,0,0,0,2,0,0,0,7,0,0,0,78,0,0,0,3,0,0,0,51585,6,58,5,0,0,0,2,0,0,0,0,0,0,0,0,5,0,1,0,0,0
109,52320,28,114,10,18,0,0,0,128,0,0,0,29,0,0,0,18,0,0,0,0,1,0,0,0,0,0,0,0,0,0,0,117,0,0,0,0,0,0,0,2,0,0,0,0,0,0,0,17,0,1,2,0,0,0,0,2,0,0,0,0,0,0,0,0,0
110,0,0,1,0,0,0,0,0,0,0,0,0,5,0,0,0,0,0,0,2,0,0,0,0,0,2,0,0,105,0,0,0,0,0,0,0,0,0,0,0,0,0,0,0,8,0,0,0,2,0,0,0,62,0,0,0,4,0,0,0,52889,9,45,9,0,0
111,52,2,51686,4,0,0,8,0,1,0,234,0,0,0,57,0,0,0,14,0,0,1,0,0,0,0,0,0,0,1,0,0,0,0,125,0,0,0,0,0,0,0,0,0,0,0,0,0,0,0,6,1,0,0,0,0,0,2,0,0,0,0,0,0,0,0
112,1,0,0,0,13,0,0,0,0,0,0,0,0,0,0,0,17,0,0,0,50399,13,177,45,4,0,0,0,54,0,0,0,0,0,0,0,10,0,0,0,0,0,0,0,0,0,0,0,0,0,0,0,63,0,0,0,0,0,0,0,1,0,0,0,0,0
113,0,0,0,0,0,0,0,0,46,0,0,0,0,0,0,0,0,0,0,0,0,0,0,0,3,0,0,0,0,0,0,0,40,0,0,0,1,1,0,0,50672,12,448,16,7,0,0,0,0,0,0,0,0,0,0,0,4,0,0,1,0,0,0,0,0,0
114,0,0,6,0,0,0,103,0,0,0,7,0,55,2,50301,9,0,2,0,0,0,0,0,0,0,0,0,0,0,1,8,1,0,0,0,0,0,0,1,0,0,0,0,0,0,0,233,0,0,0,0,0,0,0,0,0,0,0,0,0,0,0,4,0,0,0
115,0,1,0,67,0,0,0,0,2,0,0,0,0,0,0,0,0,0,0,16,0,0,0,1,0,0,0,0,0,0,0,0,39,118,18,49381,0,0,0,14,0,0,0,179,0,0,0,9,0,0,0,9,0,0,0,1,0,0,0,0,1,0,0,0,0,0
116,0,0,0,0,0,1,0,0,0,64,0,0,0,0,0,0,0,0,0,0,0,0,0,0,0,1,2,0,0,0,0,0,0,61,0,0,0,11,0,0,6,45928,9,55,0,9,0,0,0,1,0,0,0,0,0,0,0,6,0,0,0,0,0,0,0,0
117,1,0,0,0,17,0,0,0,0,0,0,0,0,0,0,0,17,0,1,0,48061,17,87,40,4,0,0,0,57,0,0,0,0,0,0,0,3,0,0,0,0,0,0,0,0,0,0,0,0,0,0,0,52,0,0,1,0,0,0,2,0,0,0,0,0,0
118,49313,8,192,10,12,0,0,0,118,0,0,0,6,0,0,0,13,0,0,0,0,0,0,0,0,0,0,0,0,0,0,0,127,0,1,0,0,0,0,0,0,0,0,0,0,0,0,0,9,0,0,1,0,0,0,1,0,0,0,0,0,0,0,0,0,0
119,0,0,0,0,1,0,0,0,0,0,0,0,0,0,0,25,0,0,0,1,0,0,0,0,0,0,0,0,0,0,0,0,0,1,0,4,0,0,0,167,0,0,0,5,8,83,8,49752,0,0,0,0,0,0,0,3,0,0,0,0,0,0,0,3,0,0
120,50819,22,179,6,25,0,0,0,139,0,0,0,24,0,0,0,12,0,0,0,0,1,0,0,0,0,1,0,0,2,0,0,119,0,0,0,0,0,0,1,0,0,0,0,0,0,0,0,10,0,0,0,0,0,0,0,0,0,0,0,0,0,0,0,0,0
121,4,0,0,0,0,0,0,0,0,0,0,0,0,0,0,0,50452,8,151,10,13,0,0,0,75,0,1,0,12,0,1,0,2,0,0,0,0,1,0,0,0,0,0,0,2,0,0,0,43,1,0,0,0,0,0,0,0,0,1,0,0,0,0,0,0,0
122,0,0,0,0,1,0,1,0,0,0,16,0,0,0,0,0,0,0,0,0,0,0,0,0,0,0,92,0,0,0,0,0,0,1,0,0,0,0,0,0,0,0,31,0,0,0,0,0,0,0,56,0,0,0,0,0,54,24,49000,8,0,0,8,1,0,0
123,1,0,0,0,13,0,0,0,0,0,0,0,0,0,0,0,13,0,0,0,49072,12,92,16,1,0,0,1,99,0,2,0,1,0,0,0,18,0,0,0,0,0,0,0,0,0,0,0,0,0,0,0,93,0,0,1,0,0,0,0,0,0,0,0,0,0
124,0,0,0,0,0,0,0,0,0,0,0,0,0,0,14,0,0,0,0,0,0,0,2,0,0,0,0,0,0,0,152,1,0,1,0,0,0,0,0,0,0,0,0,0,0,0,14,0,0,0,33,1,0,0,161,1,0,0,15,0,63,3,50815,12,0,0
125,10,0,1,0,51722,15,209,31,1,0,0,0,49,0,0,0,0,0,0,2,15,1,0,0,0,0,0,0,0,0,1,0,0,1,0,0,188,0,1,2,0,0,0,0,0,0,0,0,0,0,0,0,62,0,1,0,0,0,0,0,0,0,0,0,0,0
126,50,0,0,1,0,0,0,0,0,0,0,0,0,0,0,0,2,0,0,0,0,0,0,0,0,0,0,0,0,0,0,1,51859,18,229,17,11,1,0,0,229,0,0,1,17,0,0,0,8,0,0,0,0,0,0,0,0,0,0,0,0,0,0,0,0,0
127,15,0,0,0,0,0,0,0,0,0,0,0,0,0,0,0,1,0,0,0,0,0,0,0,0,0,0,0,0,0,0,0,52154,14,166,7,8,0,0,0,154,0,0,0,41,0,0,0,11,0,1,0,0,1,0,0,0,0,0,0,0,0,0,0,0,0
128,53167,12,136,3,18,0,1,0,115,0,0,0,11,0,0,0,12,0,0,0,0,1,0,0,0,0,0,0,0,0,0,0,205,0,0,1,0,0,0,0,2,0,0,0,0,0,0,0,6,0,0,0,0,0,0,0,0,0,0,0,0,0,0,0,0,0
129,4,0,0,2,83,0,0,0,9,0,0,0,53414,10,80,15,0,0,0,0,1,0,0,0,0,0,0,0,10,2,0,0,0,0,0,0,0,0,0,0,0,0,0,0,174,0,1,0,1,0,0,0,0,0,0,0,0,0,0,0,6,0,0,0,0,0
130,53437,8,172,27,7,0,0,0,137,0,0,0,6,0,0,0,13,0,0,0,0,0,0,0,0,0,0,0,0,0,0,0,134,2,11,0,0,0,0,0,0,0,0,1,0,0,0,0,14,0,0,0,0,0,0,0,0,0,0,0,0,0,0,0,0,0
131,0,0,0,0,47,0,0,1,1,0,0,0,0,0,0,0,0,0,0,0,2,0,0,0,0,0,0,0,0,0,0,0,3,0,0,0,52374,9,205,4,0,0,0,3,39,0,0,0,0,0,0,0,7,0,0,0,0,0,0,0,0,0,0,0,0,0
132,0,0,0,0,0,0,0,0,0,0,0,0,13,0,0,0,0,0,1,0,0,0,0,0,0,1,0,0,117,0,1,0,0,0,0,0,0,0,0,0,0,0,0,0,34,1,0,0,20,0,0,0,172,0,0,0,11,0,0,0,52774,4,114,11,0,0
133,12,0,0,0,1,0,0,0,0,0,0,0,34,0,0,0,0,0,0,0,0,0,0,0,0,0,0,0,8,0,0,0,14,1,1,1,91,0,0,0,10,0,0,0,52536,12,126,18,0,0,0,0,0,0,0,0,0,0,0,0,3,0,0,0,0,0
134,55,0,0,0,0,0,0,0,1,0,0,0,0,1,0,0,2,0,0,0,0,0,0,0,0,0,0,0,0,0,0,0,53038,11,150,12,21,0,0,0,115,0,0,0,29,0,0,0,6,0,0,2,0,0,0,0,0,0,0,0,0,0,0,0,0,0
135,2,0,1,10,0,0,0,120,0,0,1,12,15,151,14,51340,0,0,0,0,0,0,0,0,0,0,0,0,0,0,0,7,0,0,0,0,0,1,0,1,0,0,0,0,0,1,0,102,0,0,0,0,0,0,0,0,0,0,0,0,0,0,0,11,0,0
136,0,0,0,0,0,0,0,0,3,0,0,19,0,0,0,0,0,0,0,0,0,0,0,0,0,0,0,118,0,0,0,0,0,0,0,0,0,0,0,0,0,0,0,14,0,0,0,0,0,1,0,46,0,0,0,5,27,122,7,51696,0,0,0,5,0,0
137,6,0,0,0,52726,18,212,19,3,0,0,0,47,0,0,0,0,0,0,0,7,0,0,0,0,0,0,0,0,0,0,0,0,0,0,12,129,0,0,0,0,0,0,0,0,0,0,0,0,0,0,0,6,0,0,0,0,0,0,0,0,0,0,0,0,0
138,53,0,0,0,0,0,0,0,0,0,0,0,0,0,0,0,1,0,0,0,0,0,0,0,0,0,0,0,0,0,0,0,52058,8,188,27,12,0,0,0,139,0,0,0,48,0,0,0,10,0,0,0,0,0,0,0,0,0,0,1,0,0,0,0,0,0
139,0,0,11,0,0,0,124,0,0,0,4,0,381,1,52295,16,0,0,0,0,0,0,0,0,0,0,0,0,0,1,7,0,0,0,0,0,0,0,1,0,0,0,0,0,0,0,227,0,0,0,0,0,0,0,0,0,0,0,0,0,0,0,9,0,0,0
140,47,0,0,0,0,0,0,0,0,0,0,0,0,0,0,0,2,0,0,0,0,0,0,0,0,0,0,0,0,0,0,0,52661,11,259,13,63,0,0,0,172,0,2,0,46,0,1,0,11,0,0,0,0,0,0,0,0,0,0,0,1,0,0,0,0,0
141,112,1,52632,19,0,0,15,0,1,1,256,0,0,0,20,0,0,0,13,0,0,0,0,0,0,0,0,0,0,0,0,0,0,0,196,0,0,0,0,0,0,0,1,0,0,0,0,0,0,1,32,0,0,0,0,0,0,0,0,0,0,0,0,0,0,0
142,120,0,1,0,1,0,0,0,1,0,0,0,0,0,0,0,2,0,0,0,0,0,0,0,0,0,0,0,0,0,0,0,52257,11,202,28,8,0,0,0,210,0,0,0,27,0,0,0,14,0,0,0,0,0,0,0,0,0,0,0,0,0,0,0,0,0
143,1,0,0,0,0,0,0,0,48,0,0,0,1,0,0,0,0,0,0,0,0,0,0,0,0,0,0,0,0,0,0,0,61,0,0,0,2,0,0,0,50717,12,160,16,13,0,0,0,0,0,0,0,0,0,0,1,27,0,0,0,0,0,0,0,0,0
144,54098,10,180,7,14,0,0,0,140,0,0,0,10,0,0,0,7,0,0,0,0,0,0,0,0,0,0,0,0,0,0,1,260,1,0,0,0,0,0,0,1,0,0,0,0,0,0,0,12,0,0,0,0,0,0,0,0,0,0,0,0,0,0,0,0,0
145,0,0,0,12,0,3,0,227,0,0,1,7,9,151,9,53185,0,0,0,0,0,0,0,0,0,0,0,0,0,0,0,9,0,0,0,0,0,0,0,2,0,0,0,0,0,2,0,121,0,0,0,0,0,0,0,0,0,0,0,0,0,0,0,4,0,0
146,0,0,0,0,28,0,11,0,0,0,0,0,0,0,0,0,0,0,0,0,181,0,1,0,0,0,0,0,0,0,0,0,0,1,0,0,15,1,0,0,0,0,0,0,0,0,0,0,8,0,0,0,52975,9,162,6,0,0,0,0,51,0,0,0,0,0
147,54169,34,168,2,36,0,0,0,116,0,0,0,9,0,0,0,9,0,0,0,0,0,0,0,0,0,0,0,0,0,0,0,160,0,0,0,0,0,0,0,0,0,0,0,0,0,0,0,9,0,0,0,0,0,0,0,0,0,0,0,0,0,0,0,0,0
148,0,10,0,0,0,94,0,0,1,10,0,0,9,51509,3,67,0,0,0,0,0,0,0,0,0,0,0,0,0,2,0,0,0,0,0,0,0,0,0,0,0,0,0,0,0,186,0,0,0,0,0,0,0,0,0,0,0,0,0,0,0,3,0,0,0,0
149,0,0,0,0,0,0,0,0,0,0,147,0,0,0,0,0,0,0,0,0,0,0,0,0,0,0,1,0,0,0,0,0,1,0,82,0,0,0,5,0,92,29,49542,3,1,0,16,0,0,0,0,0,0,0,0,0,0,0,15,0,0,0,0,0,0,0
150,0,0,0,1,0,0,0,10,0,0,0,0,0,0,0,0,0,0,0,11,20,174,9,51040,0,0,0,1,0,0,0,87,0,0,0,0,0,0,0,6,0,0,0,0,0,0,0,0,0,0,0,0,0,0,0,54,0,0,0,0,0,0,0,0,0,0
151,59,0,0,0,0,0,0,0,1,0,0,0,0,0,0,0,2,0,0,0,0,0,0,0,0,0,0,0,0,0,0,0,52665,12,146,9,9,0,0,0,168,0,3,0,29,0,0,0,15,0,0,0,0,0,0,0,0,0,0,0,0,0,0,0,0,0
152,12,164,7,51399,0,0,0,15,0,0,0,135,0,0,0,8,0,0,1,16,0,0,0,0,0,0,0,0,0,0,0,0,0,0,0,218,0,0,0,0,0,0,0,0,0,0,0,0,0,0,0,13,0,0,0,0,0,0,0,0,0,0,0,0,0,0
153,1,0,0,0,6,0,0,0,0,0,0,0,0,0,0,0,17,0,0,0,51263,18,121,28,1,0,0,0,55,0,0,0,0,0,0,0,2,0,0,0,0,0,0,0,0,0,0,0,0,0,0,0,47,0,0,0,0,0,0,0,0,0,0,0,0,0
154,0,10,0,0,0,0,0,0,0,0,0,0,0,0,0,0,0,128,0,0,0,0,0,0,0,0,0,0,0,0,0,0,0,11,1,0,0,0,0,0,0,0,0,0,0,0,0,0,0,50980,5,43,0,10,0,0,0,158,0,0,0,16,0,0,0,0
155,5,79,12,49865,1,0,0,12,0,0,0,156,0,0,0,8,0,0,0,8,0,0,0,0,0,0,0,1,0,0,1,0,0,0,0,101,0,0,0,0,0,0,0,1,0,0,0,0,0,0,0,15,0,0,0,0,0,0,0,0,0,0,0,0,0,0
156,0,0,1,18,41,184,12,47009,0,0,0,1,0,0,0,45,0,0,0,0,0,0,0,4,0,0,0,0,0,0,0,0,0,0,0,0,0,0,0,88,0,0,0,0,0,0,0,0,0,0,0,0,0,0,0,16,0,0,0,1,0,0,0,0,0,0
157,0,0,0,0,6,1,0,1,0,0,0,0,0,0,0,0,12,0,0,0,49539,12,95,18,0,0,0,0,45,1,0,1,0,0,0,0,5,0,0,0,0,0,0,0,0,0,1,0,0,0,0,1,63,0,0,0,0,0,0,0,1,0,0,0,0,0
158,0,0,0,0,0,0,0,0,2,0,0,0,59,0,0,1,0,0,0,0,0,0,0,0,0,0,0,0,0,0,0,0,17,0,0,0,97,0,0,0,8,0,0,0,49645,6,78,4,0,0,0,0,0,0,0,0,0,0,0,0,8,0,0,0,0,0
159,0,0,0,0,0,0,0,0,0,0,0,0,0,0,0,23,0,0,0,0,0,0,0,0,0,0,0,0,0,0,0,117,0,0,0,0,0,0,0,0,0,0,1,0,0,0,1,11,0,1,0,13,1,0,0,501,0,0,0,15,22,177,10,49158,0,0
160,0,0,0,0,1,52,0,0,0,0,0,0,0,0,0,0,0,0,0,0,0,5,0,0,0,0,0,0,0,1,0,0,1,6,1,0,5,49741,2,49,0,4,0,0,0,70,1,0,0,0,0,0,0,5,0,0,0,0,0,0,0,0,0,0,0,0
161,13,0,0,0,95,1,0,0,21,0,0,0,51587,6,96,6,0,0,0,0,0,0,0,0,0,0,0,0,16,0,0,0,0,0,0,0,0,0,0,0,0,0,0,0,140,0,1,0,0,0,0,0,0,0,0,1,0,0,0,0,28,0,0,0,0,0
162,48,0,52022,4,0,0,61,0,0,0,177,0,0,0,20,0,0,0,20,1,0,0,1,0,0,0,0,0,0,0,1,0,0,0,113,0,0,0,0,0,0,0,0,0,0,0,0,0,0,0,18,0,0,0,0,0,0,0,0,0,0,0,0,0,0,0
163,52969,16,127,24,10,0,0,0,124,1,0,0,5,0,0,0,14,0,0,0,0,0,1,0,0,0,0,0,0,0,0,0,262,0,0,0,0,0,0,0,2,0,0,0,0,0,0,0,10,0,0,0,0,0,0,0,0,0,0,0,0,0,0,0,0,0
164,50659,16,280,18,24,0,0,0,237,0,2,0,6,0,0,0,15,0,0,0,1,0,0,0,2,0,0,0,0,0,0,0,153,0,0,0,0,0,0,0,1,0,0,0,0,0,0,0,15,0,0,0,0,0,0,2,0,0,0,0,0,0,0,0,0,0
165,1,144,0,0,0,0,0,0,0,1,0,0,0,0,0,0,0,1,0,0,0,0,0,0,1,0,0,0,0,0,0,0,3,50437,1,36,0,7,0,1,0,239,0,1,0,14,0,0,0,10,0,0,0,0,0,0,0,0,0,0,0,0,0,0,0,0
166,0,0,0,47,0,0,0,4,27,130,22,49909,0,0,0,8,0,1,0,0,0,0,0,0,0,0,0,16,0,0,2,0,0,1,0,0,0,0,0,2,0,1,0,215,0,0,0,0,0,0,0,0,0,0,0,0,0,0,0,35,0,0,0,0,0,0
167,0,0,2,6,15,103,15,51302,0,0,0,3,0,0,0,30,0,0,0,0,0,0,1,9,0,0,0,0,0,0,0,0,0,0,1,0,0,4,0,136,0,0,0,0,0,0,0,0,0,0,0,0,0,0,0,41,0,0,0,0,0,0,0,0,0,0
168,52271,22,152,9,27,1,0,0,113,0,0,0,13,0,0,0,8,0,0,0,0,0,0,0,0,0,1,0,0,0,0,1,119,2,1,0,0,0,0,0,0,0,0,0,0,0,0,0,14,0,0,0,0,0,0,0,0,0,0,0,0,0,0,0,0,0
169,0,0,0,0,1,0,0,0,0,0,44,0,0,0,0,0,0,0,0,0,0,0,0,0,0,0,107,0,1,0,0,1,0,0,0,0,0,0,0,0,0,0,11,0,0,0,0,0,0,0,53,0,0,0,2,4,64,2,51035,14,0,0,12,0,0,0
170,40,0,0,0,0,0,0,0,51370,16,139,13,16,0,0,0,0,1,0,0,0,0,0,0,9,0,0,0,0,0,0,0,0,0,0,0,0,0,0,0,193,0,0,0,0,2,0,0,0,0,0,0,0,0,0,1,23,0,0,0,1,0,0,0,0,0
171,51636,13,219,19,6,0,0,0,155,0,2,0,10,0,0,0,14,1,0,0,0,0,1,0,0,0,0,1,0,0,1,0,104,1,0,0,0,0,0,0,1,0,0,0,0,0,0,0,12,0,0,0,0,0,0,3,0,0,0,0,0,0,0,0,0,0
172,0,0,0,0,0,0,0,0,0,0,0,0,13,0,1,0,0,0,0,0,1,0,0,0,0,0,0,0,122,0,0,1,0,0,0,0,0,0,0,0,1,0,0,1,26,0,0,0,29,0,0,3,89,0,0,1,10,0,0,0,53113,17,153,10,0,0
173,0,0,0,1,2,0,0,0,0,0,0,0,48,0,0,0,0,0,0,0,0,0,1,0,0,1,0,0,7,0,0,0,15,1,0,0,104,0,0,0,10,0,0,0,53294,8,101,28,0,0,0,0,0,0,0,0,0,0,0,0,6,0,0,0,0,0
174,0,0,0,40,0,0,0,0,0,0,0,1,1,0,0,0,0,0,0,1,0,0,0,0,0,0,0,0,0,0,0,0,9,165,11,52891,0,0,0,26,0,1,0,167,0,2,0,23,0,0,0,9,0,0,1,1,0,1,0,0,0,0,0,0,0,0
175,0,0,0,0,0,0,0,0,0,0,0,0,2,24,0,0,0,0,0,0,0,3,0,0,1,0,0,0,0,161,0,0,0,0,0,0,0,0,0,0,0,0,0,0,0,11,0,0,0,30,0,0,0,173,1,1,0,17,0,0,8,52173,0,21,0,0
176,52,0,0,0,0,0,0,0,53061,16,219,49,9,0,0,0,1,0,0,0,0,0,0,0,12,0,0,0,0,0,0,0,0,0,0,0,1,0,0,1,171,0,3,0,0,0,0,0,0,0,0,0,0,1,0,0,11,0,0,0,0,0,0,0,0,0
177,55,0,1,0,0,0,0,0,1,0,0,0,0,0,0,0,1,0,0,0,0,0,0,0,0,0,0,0,0,0,0,0,52446,5,238,13,4,0,1,0,228,0,1,0,21,0,0,0,7,0,0,0,0,1,0,0,1,0,0,0,0,0,0,0,0,0
178,1,0,0,0,0,0,0,0,0,0,0,0,0,0,0,4,0,0,0,21,0,0,0,164,0,0,0,10,9,105,8,52350,0,0,0,0,0,0,0,0,0,0,0,0,0,0,0,1,0,0,0,0,0,0,1,0,0,0,0,0,0,0,0,45,0,0
179,3,53558,0,112,0,11,0,0,0,171,0,0,0,12,1,0,0,8,0,0,0,0,0,0,0,0,0,0,0,0,0,0,0,90,0,0,0,0,0,0,0,0,0,0,0,0,0,0,0,13,0,0,0,0,0,0,0,0,0,0,0,0,0,0,0,0
180,47,1,52792,10,0,0,15,0,0,0,178,0,0,0,7,0,0,0,8,0,0,0,0,0,0,0,1,0,0,0,0,0,0,0,134,0,0,0,0,0,0,0,0,0,0,0,0,0,0,0,32,0,0,0,0,0,0,0,0,1,0,0,0,0,0,0
181,59,0,0,0,1,0,0,0,52020,8,253,17,16,0,0,0,0,0,0,0,0,0,0,0,2,0,0,0,0,0,0,0,2,0,0,0,0,0,0,0,262,0,0,0,0,0,0,0,0,0,0,0,0,0,0,0,16,0,0,0,0,0,0,0,0,0
182,0,1,0,4,14,178,23,50402,1,0,0,0,0,0,0,55,0,0,0,0,0,0,0,8,0,0,0,0,0,0,0,0,0,0,0,0,0,0,0,149,0,0,0,0,0,0,0,0,0,0,0,0,0,0,0,11,0,0,0,0,0,0,0,0,0,0
183,8,0,0,0,0,0,0,0,0,0,0,0,0,0,0,0,51997,9,319,15,7,0,0,0,115,0,1,0,18,0,0,0,1,1,0,0,0,0,0,0,0,0,0,0,0,0,0,0,46,0,0,0,0,0,0,0,0,0,0,0,0,0,0,0,0,0
184,0,25,0,0,0,0,0,0,0,1,0,0,0,0,0,0,0,2,0,0,0,0,0,0,0,0,0,0,0,0,0,0,4,51022,2,42,0,8,0,0,0,274,0,0,0,11,0,0,0,6,0,0,0,0,0,0,0,0,0,0,0,0,0,0,0,0
185,0,0,0,0,0,0,0,0,0,0,0,0,0,10,0,0,0,0,0,0,0,0,0,0,0,0,0,0,0,218,0,0,0,0,0,0,0,0,0,0,0,0,0,0,0,18,0,0,0,21,0,0,0,185,0,0,0,11,0,0,17,49110,0,47,0,0
186,0,0,0,0,0,0,0,0,0,0,16,0,0,0,1,0,0,0,0,0,0,0,0,0,0,0,108,0,0,0,0,0,0,0,0,0,0,0,0,0,0,0,9,0,0,0,0,0,194,0,57,0,0,0,2,0,91,8,50761,15,0,0,13,0,0,0
187,102,0,0,0,0,0,0,0,0,0,0,0,0,0,0,0,1,0,0,0,0,0,0,0,0,0,0,0,0,0,0,0,51809,14,197,16,8,0,0,0,205,0,2,0,18,0,0,0,7,0,0,1,0,0,0,0,0,0,0,0,0,0,0,0,0,0
188,0,0,0,0,0,0,0,0,0,0,0,1,0,1,1,42,0,0,0,0,0,0,0,0,0,0,0,0,0,0,0,2,0,0,0,18,0,0,0,202,1,0,0,13,11,180,14,51173,0,0,0,0,0,0,0,0,0,0,0,0,0,0,0,3,0,0
189,4,0,0,1,0,0,0,0,0,0,0,0,0,0,0,0,51925,9,164,6,51,0,0,0,131,0,1,0,7,0,0,0,2,0,0,0,0,0,0,0,0,0,0,0,0,0,0,0,60,0,0,0,0,0,0,0,0,0,0,0,0,0,0,0,0,0
190,0,0,0,0,1,0,0,0,1,0,0,0,7,0,0,0,0,0,0,0,0,0,0,0,0,0,0,0,93,0,0,0,0,0,1,0,0,0,0,0,0,0,0,0,5,0,0,0,10,0,2,0,90,0,0,0,10,0,0,0,52362,12,94,11,0,0
191,1,0,0,0,1,0,0,0,316,0,0,0,0,0,0,0,0,0,1,0,0,0,0,0,1,0,0,0,0,0,0,0,52,0,1,0,2,0,0,0,52053,6,201,28,15,0,0,0,0,0,0,0,0,0,0,0,9,0,0,0,0,0,0,0,0,0
192,13,0,0,0,86,0,0,0,3,0,0,0,51699,5,111,16,0,0,0,0,0,0,0,0,0,0,0,0,8,0,0,0,0,0,0,0,0,0,0,0,0,0,0,0,201,0,0,0,0,0,0,0,0,0,0,0,0,0,0,0,21,0,0,0,0,0
193,0,0,0,0,7,0,0,0,0,0,0,0,0,0,0,0,7,0,0,1,50911,274,163,49,1,0,0,0,212,0,1,0,0,0,0,0,5,0,0,0,0,0,0,0,0,0,0,0,0,0,0,0,48,0,0,0,0,0,0,0,0,0,0,0,0,0
194,0,0,0,3,0,0,0,0,0,0,0,0,0,0,0,0,13,185,9,51490,0,0,0,12,1,0,0,136,0,0,0,8,0,0,0,8,0,0,0,0,0,0,0,0,0,0,0,0,0,0,0,51,0,0,1,0,0,0,0,2,0,0,0,0,0,0
195,0,0,0,0,0,11,0,0,0,0,0,0,0,0,0,0,0,12,0,0,10,50721,0,95,0,4,0,0,0,44,0,0,0,0,0,0,0,5,0,0,0,0,0,0,0,0,0,0,0,0,0,0,0,53,0,0,0,0,0,0,0,0,0,0,0,0
196,0,0,0,0,77,0,0,0,0,0,0,0,0,0,0,0,0,0,0,0,28,0,0,0,0,0,0,0,0,0,0,0,3,0,0,0,51345,14,127,21,2,0,0,0,63,0,0,0,0,0,0,0,13,0,0,0,0,0,0,0,0,0,0,0,0,0
197,0,0,0,0,0,0,0,0,0,0,55,0,0,0,0,0,0,0,0,0,0,0,0,0,0,0,7,0,0,0,0,0,0,0,334,0,0,0,3,0,86,2,52042,4,0,0,16,0,0,0,0,0,0,0,0,0,0,0,10,0,0,0,0,0,0,0
198,0,0,0,0,0,0,0,0,0,0,0,0,7,0,0,0,0,0,0,0,0,0,0,0,0,0,0,0,185,0,1,0,0,0,0,0,2,0,0,0,0,0,0,0,5,0,0,0,16,0,0,0,67,0,2,1,5,0,0,0,52255,12,89,43,0,0
199,53711,13,260,10,17,0,0,0,108,0,1,0,8,0,0,0,13,0,0,0,0,0,0,0,0,0,0,0,0,0,0,0,105,0,1,0,0,0,0,0,1,2,0,0,0,1,1,0,17,0,0,0,0,0,0,0,0,0,0,0,0,0,0,0,0,0
200,25,1,53097,5,0,0,19,0,0,0,321,0,1,0,12,0,0,0,6,0,0,0,0,0,0,0,0,0,0,0,0,0,0,0,135,0,0,0,0,0,0,0,0,0,0,0,0,0,0,0,9,1,0,0,2,1,0,0,0,0,0,0,0,0,0,0
201,52014,13,134,15,10,0,0,0,229,0,0,0,7,0,0,0,5,0,0,0,0,0,0,0,0,0,0,0,0,0,0,0,1861,0,7,1,0,0,0,0,2,0,0,0,0,0,0,0,16,0,0,1,0,0,0,0,0,0,0,0,0,0,0,0,0,0
202,53494,7,106,7,10,0,0,0,168,0,0,0,10,0,1,0,11,0,0,0,0,0,0,0,0,0,0,0,0,0,0,0,105,0,0,0,0,0,0,0,0,0,0,0,0,0,0,0,4,0,0,0,0,0,0,0,0,0,0,0,0,0,0,0,0,0
203,0,0,0,0,16,0,0,0,0,0,0,0,0,0,0,0,0,0,0,1,98,0,0,0,0,0,0,0,1,0,0,0,0,0,0,0,16,0,0,0,0,0,0,0,1,0,0,0,11,0,0,0,51151,15,129,7,0,0,0,2,42,0,0,0,0,0
204,0,0,0,0,0,0,0,0,0,0,0,0,75,0,0,0,0,0,0,0,0,0,0,0,0,0,0,0,2,0,1,0,19,0,0,0,74,0,0,0,14,0,0,0,50236,13,175,8,0,0,0,0,0,0,0,0,0,0,0,0,9,0,0,0,0,0
205,3,0,0,0,49367,9,168,19,3,0,0,0,79,0,0,0,1,0,0,0,7,1,0,1,0,0,0,0,0,0,0,0,0,0,0,0,242,0,1,0,0,0,0,0,0,0,0,0,0,0,0,0,42,0,0,0,0,0,0,0,0,0,0,0,0,0
206,0,0,0,0,1,0,0,0,0,0,0,0,50,0,0,0,0,0,0,0,0,0,0,0,0,0,0,0,0,0,1,0,16,1,0,0,267,0,0,0,6,0,0,0,48415,7,108,9,0,0,0,0,0,1,0,0,0,0,0,0,5,0,0,0,0,0
207,0,0,0,0,0,0,1,0,0,0,2,0,0,0,5,0,0,0,67,1,18,0,12836,3,0,0,17,0,280,2,37679,3,0,0,0,0,0,0,2,0,0,0,0,0,0,0,3,0,0,0,0,0,0,0,9,0,0,0,0,0,0,0,73,0,0,0
208,0,0,0,63,0,0,0,0,0,0,0,0,0,0,0,0,0,0,0,4,0,0,0,1,0,0,0,0,0,0,0,0,4,112,9,51175,0,0,0,9,0,0,0,162,0,0,0,11,0,0,0,9,0,0,0,0,0,0,0,0,0,0,0,0,0,0
209,0,0,0,0,0,0,0,0,0,0,0,0,56,0,0,0,0,0,0,0,0,0,0,0,0,0,0,0,5,0,3,0,13,0,0,0,120,0,1,2,3,0,0,0,50583,7,199,10,0,0,0,0,0,0,0,0,0,0,0,0,3,0,0,0,0,0
210,0,0,0,0,0,0,0,0,0,1,0,108,0,0,0,0,0,0,0,0,0,0,0,0,0,0,0,3,0,0,0,0,0,0,0,53,0,1,0,0,15,131,20,49664,0,1,0,1,0,0,0,0,0,0,0,1,0,0,0,11,0,0,0,0,0,0
211,0,0,0,46,0,0,0,0,0,0,0,1,0,0,0,0,0,0,0,0,0,0,0,0,0,0,0,0,0,1,0,1,16,125,7,51280,0,0,0,15,1,0,0,189,0,0,0,24,0,0,0,11,0,0,0,2,0,0,0,1,0,0,0,0,0,0
212,0,0,0,0,80,0,0,0,1,0,0,0,1,0,0,0,0,0,0,0,6,0,0,0,0,0,0,0,0,1,0,0,6,0,0,0,54170,5,825,18,5,0,0,0,73,1,0,0,0,0,0,2,4,1,0,1,0,0,0,0,0,0,0,0,0,0
213,0,0,0,11,2,0,0,0,0,0,0,0,0,0,0,0,0,1,0,102,0,0,0,0,0,0,0,0,0,0,0,0,0,0,0,9,0,0,0,0,0,0,0,0,0,0,0,0,13,158,11,54932,0,0,0,12,0,0,0,99,1,0,0,0,0,0
214,0,0,0,0,3,0,0,0,0,0,0,0,0,1,0,12,0,0,0,2,0,0,0,0,0,0,0,0,0,1,0,130,0,0,0,0,0,0,0,0,0,0,0,0,0,0,0,20,0,1,0,19,0,0,0,142,0,0,0,12,11,124,9,55346,0,0
215,0,0,0,0,26,0,0,0,0,0,0,0,0,0,0,0,0,0,0,1,189,0,0,0,0,0,0,0,0,0,1,0,0,1,0,0,9,0,0,0,0,0,0,0,0,0,0,0,7,0,0,0,55172,11,145,8,0,0,0,0,30,0,0,0,0,0
216,0,0,0,0,0,0,2,0,0,0,0,0,0,1,0,44,0,0,0,1,0,0,0,0,0,0,0,0,0,1,1,0,0,1,0,17,0,2,0,247,0,0,0,7,13,284,4,53873,0,0,0,0,0,0,0,0,0,0,0,0,0,0,0,8,0,0
217,0,0,0,0,0,9,1,0,0,0,0,0,0,1,0,0,0,17,0,0,18,53462,0,77,0,2,0,0,0,65,2,0,0,0,0,0,0,4,0,1,0,0,0,0,0,0,0,0,0,0,0,0,0,97,0,0,0,0,0,0,0,0,0,0,0,0
218,0,0,0,0,0,0,0,0,0,0,0,0,14,0,0,0,11,0,0,0,125,0,2,0,8,0,0,0,54996,5,163,24,0,2,0,0,0,0,0,0,0,0,0,0,1,0,0,0,0,0,0,0,0,0,0,0,0,0,0,0,75,0,0,0,0,0
219,0,0,0,70,0,0,2,0,0,0,0,0,0,0,0,0,0,0,0,1,0,0,1,0,0,0,1,0,0,0,0,0,6,82,13,55280,0,0,0,12,0,0,0,166,0,0,0,11,0,0,0,31,0,0,0,0,0,0,0,0,0,0,0,0,0,0
220,30,0,55510,11,0,0,18,0,1,0,168,0,0,0,13,0,0,0,2,0,0,0,0,0,0,0,0,0,0,0,0,0,17,0,125,0,0,1,0,0,0,0,0,0,0,0,0,0,0,0,7,0,0,0,0,0,0,0,0,0,1,0,0,0,0,0
221,0,50,0,2,0,0,0,0,1,0,0,0,0,0,0,0,0,2,0,0,0,0,0,0,0,0,0,0,0,0,0,0,6,53521,2,41,0,16,0,0,0,170,0,0,0,16,1,0,0,11,2,0,0,0,0,0,0,0,0,0,0,0,0,0,0,0
222,0,0,0,0,0,0,1,0,0,0,0,0,0,14,0,0,0,0,0,0,0,0,0,0,0,0,0,0,0,270,0,0,1,0,0,0,0,0,0,0,0,0,0,1,0,10,0,0,0,39,0,0,0,147,0,1,0,10,0,0,14,52652,0,70,0,0
223,1,0,48,0,0,0,2,0,54,2,54208,8,0,0,7,1,0,0,0,0,0,0,0,0,0,0,7,0,0,0,0,0,0,0,0,0,0,0,0,0,0,0,147,1,1,0,1,0,0,0,0,0,0,0,0,0,0,0,8,0,1,0,0,0,0,0
224,54,3,53589,5,0,0,12,0,1,0,233,0,0,0,15,0,0,0,10,0,0,0,1,0,0,0,0,0,0,0,0,0,0,1,190,1,0,0,0,0,0,0,1,0,0,1,0,0,0,0,12,0,0,0,0,0,0,0,0,0,0,0,0,0,0,0
225,0,0,0,20,0,0,0,0,0,0,0,0,0,0,1,0,0,1,0,91,0,0,0,0,0,0,0,1,0,1,0,0,0,0,0,17,0,0,0,0,0,0,0,1,0,0,0,0,15,108,7,54391,0,0,0,7,0,0,0,98,0,0,0,8,0,0
226,0,0,0,9,5,119,8,53688,0,0,0,6,0,0,0,68,0,0,0,0,0,1,0,11,0,0,0,0,0,0,0,0,0,0,0,0,0,0,0,100,0,0,0,1,0,0,0,0,0,0,0,0,0,0,1,26,0,0,0,0,0,1,0,0,0,0
227,0,0,0,0,59,0,0,0,0,0,0,0,1,0,0,0,0,0,0,0,4,0,0,0,0,0,0,0,0,0,0,0,6,0,0,1,53244,9,117,22,9,0,0,0,52,1,1,0,0,0,0,0,11,0,1,0,0,0,0,0,0,0,0,0,0,0
228,0,0,0,0,0,0,0,0,0,0,0,0,0,8,0,0,0,0,0,0,0,0,0,0,0,1,0,0,0,244,0,0,0,0,0,0,0,0,0,0,0,1,0,0,0,29,0,0,1,32,0,0,0,156,1,0,0,10,0,0,10,52903,1,71,0,0
229,0,3,0,0,11,52610,0,67,0,2,0,0,0,42,0,0,0,0,1,0,0,15,0,0,0,0,0,1,0,0,0,0,0,0,0,0,1,142,0,0,0,0,0,0,0,0,0,0,0,0,0,0,0,14,0,0,0,0,0,0,0,0,0,0,0,0
230,5,0,0,0,119,0,0,0,88,0,0,0,52952,5,102,20,0,0,0,0,0,0,0,0,0,0,0,0,13,1,0,0,0,0,0,0,0,0,1,0,0,0,0,1,133,2,0,0,0,0,0,0,0,0,0,0,0,0,0,0,20,0,0,0,0,0
231,0,0,0,1,0,1,0,5,1,0,0,0,0,0,0,0,0,0,0,2,21,142,10,54104,0,0,0,3,0,0,0,45,0,0,0,0,0,0,0,3,0,0,0,0,0,0,0,0,0,0,0,1,1,0,0,47,0,0,0,0,0,0,0,0,0,0
232,0,0,0,37,1,0,0,1,11,73,10,53451,0,0,0,5,0,0,0,0,0,0,0,0,0,0,0,9,0,0,0,1,0,0,0,1,0,0,0,0,0,0,0,148,0,0,0,0,0,0,0,2,0,0,0,0,0,0,0,8,1,0,0,0,0,0
233,8,0,0,0,138,0,0,0,15,0,0,0,54865,9,93,13,0,0,0,0,0,0,1,0,0,0,0,0,8,1,0,0,0,0,0,0,0,0,0,0,0,0,0,0,108,1,0,0,0,0,0,0,0,0,0,0,0,0,0,0,7,0,0,0,0,0
234,7,54654,0,37,0,11,0,0,0,182,0,0,0,9,0,0,0,184,0,1,0,2,0,0,0,0,0,0,0,0,0,0,0,178,0,0,0,0,0,0,0,0,0,0,0,0,1,0,1,20,0,1,0,0,0,2,0,0,0,0,0,0,0,0,0,0
235,12,117,22,54310,0,0,0,40,0,0,0,174,0,0,0,2,0,0,0,9,0,0,0,0,0,0,0,0,0,0,1,0,0,0,0,78,0,0,0,0,0,0,0,0,0,0,0,0,0,0,0,8,0,0,0,0,0,0,0,0,0,0,0,0,0,0
236,0,0,77,0,2,0,1,0,1,0,0,0,0,0,0,0,0,0,1,0,0,0,0,0,0,0,0,0,0,0,0,0,70,0,54083,7,0,0,5,0,0,0,154,0,0,0,23,0,0,0,13,0,0,0,1,0,0,0,0,0,0,0,0,0,0,0
237,5,0,0,0,53004,12,192,20,0,0,0,0,40,0,1,0,0,0,1,1,12,0,0,0,0,0,0,0,0,0,1,0,0,0,1,0,265,0,0,0,0,0,0,0,1,0,0,0,0,0,0,0,23,0,1,0,0,0,0,0,0,0,0,0,0,0
238,0,0,0,0,7,0,0,0,0,0,0,0,0,0,0,0,11,0,3,0,53712,71,130,186,5,0,0,0,55,0,1,0,0,0,0,0,4,0,0,0,0,0,0,0,0,0,0,0,0,0,0,0,59,0,0,0,0,0,0,0,0,0,0,0,0,0
239,0,0,0,0,0,0,2,0,1,0,40,0,0,0,0,0,0,0,0,0,0,0,0,0,0,0,1,0,0,0,0,0,0,0,42,0,0,0,4,0,59,3,53288,5,0,0,15,0,0,0,0,0,0,0,0,0,0,0,8,1,0,0,0,0,0,0
240,0,0,0,11,0,1,0,127,0,0,0,8,7,120,7,53023,0,0,0,0,0,0,0,0,0,0,0,0,0,0,1,23,0,0,0,0,0,0,0,1,0,0,0,0,0,0,0,167,0,0,0,0,1,0,0,0,0,0,0,0,0,0,0,9,0,0
241,0,0,40,0,0,0,0,0,93,3,52992,10,0,0,8,0,0,0,0,0,0,0,1,0,0,0,8,0,0,0,0,1,0,0,0,2,0,0,0,0,0,0,244,0,0,0,0,1,0,0,1,0,0,0,0,0,0,0,9,0,0,0,0,0,0,0
242,0,0,0,34,0,0,2,0,0,0,0,0,0,0,0,0,0,0,0,104,0,0,0,0,0,0,0,0,0,0,0,0,0,0,1,6,0,0,0,0,0,0,0,0,0,0,2,0,17,149,25,52051,0,0,0,49,0,0,0,110,0,0,0,9,0,0
243,0,0,10,1,0,0,0,0,0,0,0,0,0,0,0,0,40,3,53881,3,0,0,20,0,0,0,147,0,0,0,24,0,0,0,1,0,0,0,0,0,0,0,0,0,0,0,1,0,0,0,51,2,0,0,0,0,0,0,0,0,0,0,0,0,0,0
244,0,9,1,0,0,0,0,0,0,0,0,0,0,0,0,0,0,116,0,0,0,0,0,0,0,0,0,0,0,0,0,0,0,9,0,0,0,0,0,0,0,0,0,0,0,1,0,0,1,54064,3,52,0,6,0,0,0,83,0,0,0,6,0,0,0,0
245,13,145,8,53077,0,0,1,24,2,0,0,157,0,1,0,20,0,0,0,19,0,0,0,0,0,0,0,0,0,0,0,0,0,0,0,104,0,0,0,0,0,0,0,0,0,0,0,0,0,0,0,9,0,0,0,0,0,0,0,0,0,0,0,0,0,0
246,0,0,0,0,0,0,0,0,0,0,0,0,0,0,71,0,0,0,2,0,0,0,0,0,0,0,0,0,0,0,1,0,0,0,23,0,0,0,126,0,0,0,12,0,72,9,52196,4,0,0,0,0,0,0,0,0,0,0,0,0,0,0,3,0,0,0
247,0,0,0,0,0,0,0,0,0,0,0,0,0,0,0,13,0,0,0,22,0,1,0,212,0,0,0,8,37,173,15,51401,0,0,0,0,0,0,0,0,0,0,0,0,0,0,1,7,1,0,0,0,0,0,0,0,0,0,0,0,0,0,0,61,0,0
248,0,0,0,0,18,0,0,0,0,0,0,0,0,0,0,0,13,0,0,0,52203,9,125,28,3,0,0,0,75,0,0,0,0,0,1,0,2,0,0,0,0,0,0,0,0,0,0,0,0,0,0,0,80,0,1,0,0,0,0,0,0,0,0,0,0,0
249,0,0,3,0,1,0,0,0,0,0,0,0,0,0,0,0,367,2,51046,10,1,0,7,1,5,0,1737,0,0,0,25,0,0,0,1,0,0,0,0,0,0,0,0,0,0,0,0,0,0,0,46,0,0,0,0,0,0,0,1,0,0,0,0,0,0,0
250,0,0,0,0,0,0,0,0,71,0,0,0,0,0,0,0,0,0,0,0,0,0,0,0,2,0,0,0,0,0,0,0,57,0,1,0,3,0,0,0,52335,16,170,18,9,0,0,0,0,0,0,0,0,0,0,0,14,0,0,0,1,0,0,0,0,0
251,0,0,0,0,0,0,0,0,0,0,20,0,0,0,0,0,0,0,0,0,1,0,0,0,0,0,103,0,0,0,0,0,0,0,0,0,0,0,0,0,0,0,9,0,0,0,0,0,0,0,70,0,0,0,1,0,53,2,53074,8,0,0,10,0,0,0
252,50669,14,270,13,25,0,0,0,200,0,0,0,5,0,0,0,7,0,0,0,0,0,0,0,0,0,0,0,0,0,0,0,2028,0,12,0,1,1,0,0,7,0,0,0,0,0,0,0,31,0,0,0,0,0,0,0,0,0,0,0,0,0,0,0,0,0
253,0,0,0,0,1,0,0,0,52,0,0,0,0,0,0,0,0,0,0,0,0,0,0,0,1,0,0,0,0,0,0,0,49,0,0,0,1,1,0,0,52882,24,227,11,14,0,0,0,0,0,0,0,0,0,0,0,7,0,0,0,0,0,0,0,0,0
254,1,0,0,0,30,0,0,0,0,0,0,0,0,0,0,0,0,0,0,0,175,0,0,0,0,0,0,0,1,0,1,0,0,0,0,0,13,0,0,0,0,0,0,0,0,0,0,0,6,0,0,0,52043,16,162,16,1,0,0,0,60,0,0,0,0,0
255,0,0,0,0,0,0,0,0,0,0,0,0,0,0,0,0,6,0,1,0,52569,9,140,30,1,0,0,0,174,0,1,0,0,0,0,0,4,0,0,0,0,0,0,0,0,0,0,0,0,0,0,0,67,0,0,0,0,0,0,0,0,0,0,0,0,0
256,0,0,0,0,49,0,1,1,1,0,0,0,0,0,0,0,0,0,0,0,6,0,0,0,0,0,0,0,0,0,0,0,6,0,0,0,53873,10,118,22,9,0,0,0,54,0,0,0,0,0,0,0,9,0,0,0,0,0,0,0,0,0,0,0,0,0
257,8,0,0,1,58,0,0,0,11,0,0,0,54037,7,86,5,0,0,0,0,0,0,0,0,0,0,0,0,6,0,0,0,1,0,0,0,0,0,0,0,0,0,0,0,186,0,0,0,0,0,0,0,0,0,0,0,0,0,0,0,18,0,0,0,0,0
258,0,0,0,0,0,0,0,0,0,0,0,0,0,0,0,16,0,0,0,0,0,0,0,2,0,0,0,0,0,1,0,187,0,0,0,0,0,0,0,0,0,0,0,0,0,0,0,8,0,0,1,8,0,2,0,169,0,0,0,19,21,368,15,53078,0,0
259,7,0,0,0,0,0,0,0,0,0,0,0,0,0,0,0,54853,5,122,15,19,0,0,0,113,0,0,0,16,0,1,0,1,0,0,0,0,0,0,0,0,0,0,0,0,0,0,0,46,0,0,0,0,0,0,0,0,0,0,0,0,0,0,0,0,0
260,0,0,0,5,10,109,19,53931,0,0,0,19,0,0,0,43,0,0,0,0,0,0,0,15,0,0,0,1,0,0,0,0,0,0,0,0,1,0,0,190,0,0,0,1,0,0,0,0,0,0,0,0,0,0,0,12,0,0,0,0,0,0,0,0,0,0
261,0,86,0,0,0,5,0,0,4,54243,1,60,0,11,0,0,0,0,1,0,0,0,0,0,0,7,0,0,0,0,0,0,0,0,0,0,0,0,0,0,0,119,0,0,0,0,0,0,0,0,0,0,0,0,0,0,0,14,0,0,0,0,0,0,0,0
262,0,0,22,0,0,0,241,0,0,0,44,0,51,1,54301,18,0,0,0,0,0,0,0,0,0,0,0,0,0,0,3,0,0,0,0,0,0,0,0,0,0,0,0,0,0,0,162,0,0,0,0,0,0,0,0,0,0,0,0,0,0,0,10,0,0,0
263,4,0,0,0,53983,10,150,18,2,0,0,0,34,0,0,0,0,0,0,0,7,0,0,0,0,0,0,0,0,0,0,0,0,0,0,0,184,0,0,0,0,0,0,0,0,0,0,0,0,0,0,0,21,0,0,0,0,0,0,1,0,0,0,0,0,0
264,53960,11,146,10,11,0,0,0,154,0,0,0,14,0,0,0,12,0,0,0,0,0,0,0,0,0,0,0,0,0,0,0,114,0,1,0,0,0,0,0,0,0,0,0,0,0,1,0,16,0,0,0,0,0,0,0,0,0,0,0,0,0,0,0,0,0
265,0,12,0,0,0,153,0,1,0,10,0,0,3,52072,0,64,0,0,0,0,0,0,0,0,0,0,0,0,0,9,0,0,0,0,0,0,0,2,0,0,0,0,0,0,0,121,0,0,0,0,0,0,0,0,0,0,0,0,0,0,0,8,0,0,0,0
266,0,0,0,0,0,0,0,0,0,0,0,0,13,0,0,0,0,0,0,0,0,0,0,0,0,0,0,0,166,0,0,0,0,1,0,0,0,1,0,0,0,0,0,0,19,0,0,0,7,0,0,0,77,0,0,0,7,0,0,0,53140,11,217,13,0,0
267,0,0,34,0,0,0,0,0,0,0,0,0,0,0,0,0,0,0,0,0,0,0,0,0,0,0,0,0,0,0,0,0,27,1,52326,3,0,0,5,0,0,0,202,0,0,0,11,0,0,0,1,0,0,0,0,0,0,0,0,0,0,0,0,0,0,0
268,0,0,0,0,1,0,0,6,0,1,0,0,0,0,0,0,0,0,0,2,15,192,73,51803,0,0,0,1,0,0,0,37,0,0,0,0,0,0,0,6,0,0,0,0,0,0,0,0,0,0,0,0,0,0,0,51,0,0,0,0,0,0,0,0,0,0
269,0,0,0,4,0,0,0,0,0,0,0,0,0,0,0,0,0,2,0,131,0,0,0,0,0,0,0,0,0,0,0,0,0,0,0,14,0,0,0,0,0,0,0,0,0,0,0,0,16,95,15,53278,0,0,0,28,0,0,0,90,0,2,0,32,0,0
270,53,0,0,0,1,1,0,0,52504,13,114,14,11,0,0,0,0,0,0,0,0,0,0,0,10,0,0,0,0,0,0,0,0,0,0,0,0,0,0,0,106,0,0,0,0,0,0,0,0,0,0,0,0,0,0,0,21,0,0,0,0,0,0,0,0,0
271,51320,40,194,18,32,1,0,0,184,0,1,0,11,0,0,0,10,0,0,0,0,0,0,0,0,0,0,0,0,0,0,0,220,0,0,0,0,0,0,0,0,0,0,0,0,1,0,0,5,0,0,0,0,0,0,0,0,0,0,0,0,0,0,0,0,0
272,3,0,0,0,1,0,0,0,0,0,0,0,0,0,0,0,52493,8,133,11,8,0,0,0,140,0,1,0,9,0,0,0,1,0,0,0,0,0,0,0,0,0,0,0,0,0,0,0,35,0,0,0,0,0,0,0,0,0,0,0,0,0,0,0,0,0
273,15,105,9,51234,0,0,0,12,0,0,0,158,0,0,0,3,0,0,0,15,0,0,0,0,0,0,0,0,0,0,0,0,0,0,0,163,0,0,0,0,0,0,0,0,0,0,0,0,0,0,0,13,0,0,0,0,0,0,0,0,0,2,0,0,0,0
274,0,0,0,0,15,0,0,0,0,0,0,0,0,0,0,0,16,1,0,0,51725,15,132,16,2,0,0,0,40,0,0,0,0,0,0,0,3,0,0,1,0,0,0,0,0,1,0,0,0,0,0,0,957,0,6,1,0,0,0,0,1,0,0,0,0,0
275,25,0,1,0,0,0,0,0,0,0,0,0,0,0,0,0,0,0,0,0,0,0,0,0,0,0,0,0,0,0,0,0,52247,31,211,7,10,1,1,0,149,2,1,0,21,0,1,0,8,0,0,1,0,1,0,0,0,0,0,0,0,0,0,0,0,0
276,6,0,1,0,52,0,0,0,28,1,0,0,52154,6,68,3,0,0,0,0,0,0,0,0,0,0,0,0,14,1,1,0,0,0,0,0,1,0,1,1,0,0,0,0,199,0,0,0,3,0,0,0,1,0,0,0,0,0,0,0,5,0,0,0,0,0
277,0,0,0,19,0,0,0,94,1,0,0,28,17,87,18,51146,0,0,0,0,0,0,0,0,0,0,0,0,0,0,0,17,0,1,3,0,0,1,0,0,0,0,0,0,0,17,0,145,0,0,0,0,0,0,0,0,0,0,0,0,0,0,0,8,0,0
278,0,19,0,0,1,123,1,0,2,20,0,0,4,50299,0,40,0,0,0,0,0,0,0,0,0,0,0,0,0,6,0,0,0,1,0,0,0,0,0,0,0,0,0,0,0,89,0,0,1,0,1,0,0,0,0,0,0,0,0,0,0,3,0,0,0,0
279,0,0,0,23,0,0,1,0,0,0,0,1,0,0,0,0,0,0,0,139,0,0,0,0,0,0,0,0,0,0,0,0,1,0,1,24,0,0,0,0,0,0,0,0,0,0,0,0,21,101,31,50079,0,0,0,19,0,1,0,72,0,0,0,3,0,0
280,9,0,1,0,0,0,0,0,0,0,0,0,0,0,0,0,51098,12,151,9,17,0,0,0,120,0,0,0,21,0,0,0,4,0,0,0,0,0,0,0,0,0,0,0,0,0,1,0,33,0,0,0,0,0,0,0,0,0,0,0,1,0,0,0,0,0
281,0,2,0,0,0,0,0,0,0,0,0,0,0,0,0,0,0,52,0,0,0,0,0,0,0,0,0,0,0,0,0,0,0,18,0,0,0,0,0,0,0,0,0,0,0,0,0,0,8,51299,2,412,0,10,0,0,0,97,0,1,0,16,0,0,0,0
282,0,0,12,0,0,0,102,0,0,0,5,0,319,1,50059,7,0,0,0,0,0,0,0,0,0,0,0,0,0,0,19,0,0,0,1,0,0,0,0,0,0,0,0,1,1,0,152,0,0,0,0,0,0,0,0,0,0,0,0,0,0,0,14,0,0,0
283,0,0,0,109,2,0,0,0,0,0,0,1,0,0,0,0,0,0,0,0,0,0,0,0,0,0,0,0,0,0,0,0,19,103,13,48839,0,0,0,6,0,2,5,168,1,0,0,18,0,0,0,10,0,0,0,0,0,0,0,0,0,0,0,0,0,0
284,0,0,0,54,0,0,0,0,0,1,0,0,0,0,0,0,0,0,0,0,0,0,0,0,0,0,0,0,0,0,0,0,8,131,3,49157,0,0,0,9,0,0,0,116,0,0,0,10,0,0,0,7,0,0,0,0,0,0,0,0,0,0,0,0,0,0
285,0,0,0,0,0,0,0,0,0,0,0,0,0,0,20,0,0,0,0,0,0,0,0,0,0,0,0,0,0,0,815,0,0,0,0,0,0,0,0,0,0,0,1,0,0,1,7,0,0,0,14,0,0,0,99,0,0,0,6,0,25,3,49529,6,0,0
286,0,0,0,13,0,0,0,0,0,0,0,0,0,0,0,0,0,1,0,100,0,0,0,0,0,0,0,0,0,0,0,0,0,0,0,5,0,0,0,0,0,0,0,0,0,0,0,0,15,127,8,50256,1,0,0,11,0,0,0,104,0,0,0,5,0,0
287,0,0,0,0,0,0,0,0,0,0,0,0,45,0,0,2,0,0,0,0,0,0,0,0,0,0,0,0,4,0,0,0,14,0,0,0,126,0,0,0,7,0,0,0,50292,8,140,79,1,0,0,0,0,0,0,0,1,0,0,0,3,0,0,0,0,0
288,0,0,0,0,0,0,0,0,43,0,0,0,0,0,0,0,0,0,0,0,0,0,0,0,1,0,0,0,0,0,0,0,46,0,1,0,5,0,0,0,49362,125,166,14,10,0,0,0,1,0,0,0,0,0,0,0,9,0,0,0,0,0,0,0,0,0
289,0,0,0,0,0,0,0,22,0,0,0,0,0,0,0,0,0,0,0,0,1,0,0,104,0,0,0,1,0,0,0,0,0,0,1,0,0,0,0,9,0,0,0,0,0,0,0,0,0,0,0,8,19,96,15,48797,0,0,0,0,0,0,0,54,0,0
290,0,48,0,0,1,0,0,0,0,0,0,0,0,0,0,0,0,1,0,0,0,0,0,0,0,0,0,0,0,0,0,0,3,49094,1,44,0,7,0,0,0,145,0,0,0,30,0,0,0,10,0,0,0,1,0,0,0,0,0,0,0,0,0,0,0,0
291,0,0,0,0,1,0,0,0,0,0,0,0,26,0,0,0,0,0,0,0,0,0,0,0,0,0,0,0,99,0,0,0,0,0,0,0,0,0,0,0,0,0,0,0,14,0,0,0,1,0,0,0,75,0,0,0,12,0,0,0,48815,12,74,12,0,0
292,102,0,0,0,0,0,0,0,2,0,0,0,0,0,0,0,0,0,0,0,0,0,0,0,0,0,0,0,0,0,0,0,49167,15,173,14,7,0,0,0,157,0,2,0,35,0,1,0,7,0,0,0,0,0,0,0,0,0,0,0,0,0,0,0,0,0
293,12,0,0,0,62,0,1,0,13,0,0,0,48374,14,93,8,0,0,0,0,0,0,0,0,0,0,0,0,11,0,0,0,0,0,0,0,0,0,0,0,0,0,0,0,195,1,1,0,0,0,0,0,0,0,0,0,0,0,0,0,9,0,0,0,0,0
294,0,0,0,0,0,0,0,0,2,0,288,0,0,0,0,0,0,0,0,0,0,0,0,0,0,0,0,0,0,0,0,0,0,1,46,0,0,0,0,0,60,17,46632,9,0,0,6,0,0,0,0,0,0,0,0,0,0,0,9,1,0,0,0,0,0,0
295,0,0,5,0,0,0,0,0,0,0,1,0,0,0,0,0,50,26,47314,8,0,0,10,0,1,0,145,0,0,0,16,0,0,0,6,0,0,0,0,0,0,0,0,0,0,0,0,0,0,0,54,0,0,0,0,0,0,0,0,0,0,0,0,0,0,0
296,0,0,0,2,0,0,0,0,0,0,0,0,0,0,0,0,6,86,21,48136,0,0,0,13,0,0,0,117,0,0,0,9,0,0,0,104,0,0,0,0,0,0,0,0,0,0,0,0,0,0,0,45,0,0,0,0,0,0,0,0,0,0,0,0,0,0
297,37,0,0,0,3,0,0,0,48293,2,160,14,9,0,0,0,0,0,0,0,0,0,0,0,10,0,0,0,0,0,1,0,0,0,0,0,0,0,0,0,88,0,0,0,0,0,0,0,0,0,0,0,0,0,0,0,17,0,0,0,0,0,0,0,0,0
298,0,0,0,0,55,0,0,0,0,0,0,0,0,0,0,0,0,0,0,0,1,0,0,0,0,0,0,0,0,0,0,0,4,0,0,0,47667,15,234,7,5,0,0,0,96,0,0,0,0,0,0,0,10,0,0,1,0,0,0,0,0,0,0,0,0,0
299,47881,7,143,46,5,0,0,0,114,0,0,0,15,0,0,0,17,0,0,0,0,0,0,0,0,0,0,0,0,0,0,1,147,0,0,0,0,0,2,0,0,0,0,0,0,0,0,0,56,0,0,1,0,0,0,0,0,0,0,0,0,0,0,1,0,0
300,2,0,0,0,110,0,0,0,11,0,0,0,47846,21,70,5,0,0,0,0,0,0,0,0,0,0,0,0,8,0,0,0,0,0,0,0,1,0,0,0,0,0,0,0,129,0,0,0,0,0,0,0,2,0,0,0,0,0,0,0,5,0,0,0,0,0
301,0,0,58,0,0,0,0,0,0,0,0,0,0,0,0,0,0,0,1,0,0,0,0,0,0,0,0,0,0,0,0,0,277,0,47811,16,0,0,6,0,0,0,154,0,0,0,12,0,0,0,12,0,0,0,0,0,0,0,0,0,0,0,0,0,0,0
302,42,0,0,1,0,0,0,0,0,0,0,0,0,0,0,0,0,0,0,0,0,0,0,0,0,0,0,1,0,0,0,0,47158,4,220,10,8,0,0,0,187,0,1,1,27,0,1,0,8,0,0,0,0,0,0,0,0,0,0,0,0,0,0,0,0,0
303,0,0,0,0,0,0,0,0,0,0,0,0,0,0,8,0,0,0,14,0,0,0,111,0,0,0,17,0,255,1,46906,2,0,0,0,0,0,0,0,0,0,0,0,0,0,0,1,0,0,0,0,1,0,0,0,0,0,0,0,1,0,0,68,0,0,0
304,80,0,1,0,2,0,0,0,46287,9,480,62,6,0,0,1,0,0,1,0,0,0,0,0,11,0,0,0,0,0,0,0,0,0,0,0,0,0,0,0,177,0,1,0,0,0,0,0,0,0,0,0,0,0,0,0,24,0,0,0,0,0,0,0,0,0
305,7,0,0,0,46197,7,137,19,3,0,0,0,60,0,0,0,15,0,1,0,10,0,0,0,0,0,0,1,0,0,0,0,2,0,0,0,194,0,0,0,0,0,0,0,0,0,0,0,0,0,0,0,13,0,0,0,0,0,0,0,0,0,0,0,0,0
306,0,0,0,3,0,0,0,0,0,0,0,0,0,0,0,0,16,127,26,45950,0,0,0,13,0,1,0,122,0,0,0,11,0,0,0,0,0,0,0,0,0,0,0,0,0,0,0,0,0,1,0,47,0,0,0,0,0,0,0,0,0,0,0,0,0,0
307,0,0,0,0,0,0,0,0,0,0,0,0,0,0,9,0,0,0,16,0,0,0,99,0,0,0,7,0,56,0,46231,6,0,0,0,0,0,0,0,0,0,0,0,0,0,0,2,0,0,0,0,0,0,0,0,0,0,0,0,0,0,0,52,0,0,0
308,0,0,0,0,0,0,0,0,0,0,0,0,6,0,0,0,0,0,0,0,0,0,0,0,0,0,0,0,122,0,4,0,0,0,0,0,0,0,0,0,0,1,0,0,6,0,0,0,7,0,1,0,56,0,0,0,7,0,1,0,46608,10,225,9,0,0
309,22,1,46357,4,0,0,6,0,0,0,187,0,0,0,4,0,0,0,8,0,0,0,0,0,0,0,0,0,0,0,1,0,0,0,128,0,0,0,0,0,0,0,1,0,0,0,0,0,0,0,14,0,0,0,0,0,0,0,0,0,0,0,0,0,0,0
310,0,0,0,0,0,0,0,0,1,0,16,0,0,0,0,0,0,0,0,0,0,0,0,0,0,0,90,0,0,0,0,0,0,0,0,0,0,0,0,0,0,0,12,0,0,0,0,0,172,0,48,0,0,0,3,0,35,3,44139,16,0,0,3,0,0,0
311,0,0,0,0,0,0,0,0,220,0,0,0,0,0,0,0,0,0,0,0,0,0,0,0,7,0,0,0,0,0,0,0,63,1,0,0,3,0,0,0,44181,11,137,24,9,0,1,0,0,0,0,0,0,0,0,0,11,0,0,0,0,0,0,0,0,0
312,0,0,0,0,0,0,0,0,0,0,0,0,0,0,0,7,0,0,0,0,0,0,0,0,0,0,0,0,0,1,0,137,0,0,0,0,0,0,0,0,0,0,0,0,0,1,0,60,0,0,0,15,0,0,0,127,0,0,0,8,18,128,6,44739,0,0
313,0,3,0,0,7,44068,2,45,0,2,0,0,0,53,0,0,0,0,0,0,0,9,0,0,0,0,0,0,0,0,0,0,0,0,0,0,0,105,0,0,0,0,0,0,0,0,0,0,0,1,0,0,0,10,0,0,0,0,0,0,0,0,0,0,0,0
314,1,0,0,0,43739,12,122,26,0,0,0,0,36,0,0,0,0,0,0,0,11,0,0,0,0,0,0,0,0,0,0,0,0,0,0,0,109,0,0,0,0,0,0,0,1,0,0,0,0,0,0,0,29,0,0,0,0,0,0,0,0,0,0,0,0,0
315,0,0,0,0,3,0,0,0,0,0,0,0,0,0,0,0,7,0,0,0,43851,16,98,42,2,0,0,0,47,0,0,0,0,0,0,0,1,0,0,0,0,0,0,0,0,0,0,0,0,0,0,0,60,0,0,0,0,0,0,0,0,0,0,0,0,0
316,0,0,0,44,0,0,0,0,0,0,0,0,0,0,0,0,0,0,0,0,0,0,0,0,0,1,0,0,0,0,0,0,9,85,4,44212,0,0,0,15,0,0,0,154,0,0,0,13,0,0,0,12,0,0,0,0,0,0,0,0,0,0,0,0,0,0
317,44843,12,243,9,22,0,0,0,103,0,1,0,9,0,0,0,137,0,0,0,0,0,0,0,0,0,0,0,0,0,0,0,63,0,0,0,0,0,0,0,0,0,0,0,0,0,0,0,13,0,0,0,0,0,0,0,0,0,0,0,0,0,0,0,0,0
318,44042,47,205,9,10,0,0,0,106,0,0,0,11,0,0,0,8,0,0,0,0,0,0,0,0,0,0,0,0,0,0,0,132,0,0,0,0,0,0,0,0,0,0,0,0,0,0,0,13,0,0,0,0,0,0,0,0,0,0,0,0,0,0,0,0,0
319,0,0,0,4,0,0,0,0,0,0,0,0,0,0,0,0,48,107,27,43909,0,0,0,45,0,3,0,102,0,0,0,10,0,0,0,2,0,0,0,0,0,0,0,0,0,0,0,0,0,0,0,33,0,0,0,0,0,0,0,1,0,0,0,0,0,0
320,0,0,6,0,0,0,0,0,0,0,0,0,0,0,0,0,28,0,44216,6,0,0,18,0,0,0,134,0,0,1,17,0,0,1,1,0,0,0,0,0,0,0,0,0,0,0,0,0,0,0,51,0,0,0,0,0,0,0,0,0,0,0,0,0,0,0
321,43624,10,192,20,7,0,0,0,170,0,0,0,6,0,0,0,10,0,0,0,0,0,0,0,0,0,0,0,0,0,0,0,149,0,0,0,0,0,0,0,0,0,0,0,0,0,0,0,10,0,0,0,0,0,0,0,0,0,0,0,1,0,0,0,0,0
322,57,0,0,0,0,0,0,0,0,0,0,0,0,0,0,0,2,0,0,0,0,0,0,0,0,0,0,0,0,0,0,0,41603,8,162,9,3,0,0,0,113,0,0,0,14,0,0,0,7,1,0,0,0,0,0,0,0,0,0,0,0,0,0,0,0,0
323,0,0,0,0,1,0,0,2,0,0,0,0,0,0,0,0,0,0,0,5,34,122,14,40377,0,0,0,1,0,0,0,54,0,0,0,0,0,0,0,5,0,0,0,0,0,0,0,0,0,0,0,0,1,0,0,39,0,0,0,0,0,0,0,0,0,0
324,0,0,0,0,3,0,0,0,0,0,0,0,0,0,0,0,9,0,0,0,42969,7,94,15,0,0,0,0,40,0,0,0,0,0,0,0,1,0,0,0,0,0,0,0,0,0,0,0,0,0,0,0,34,0,0,0,0,0,0,0,0,0,0,0,0,0
325,0,0,0,0,0,0,0,0,0,0,0,0,0,0,0,5,0,0,0,0,0,0,0,0,0,0,0,0,0,0,0,139,0,0,0,0,0,0,0,0,0,0,0,0,0,0,0,11,0,0,0,1,0,1,0,107,1,0,0,11,25,339,7,40596,0,0
326,0,0,0,0,0,0,0,0,0,0,0,0,0,0,0,5,0,0,0,8,0,2,0,173,0,1,0,12,10,81,15,42218,0,0,0,0,0,0,0,0,0,0,0,0,0,1,0,0,0,0,0,0,0,0,0,0,0,0,0,0,0,0,0,16,0,0
327,0,0,0,0,0,0,0,0,0,0,2,0,0,0,0,0,0,0,1,0,0,0,0,0,0,0,51,0,0,0,0,0,0,0,0,0,0,0,0,0,0,0,5,0,0,0,0,0,0,0,484,0,0,0,2,0,23,3,40737,4,0,0,11,0,0,0
328,0,0,7,0,0,0,59,0,0,0,4,0,244,1,40611,10,0,0,0,0,0,0,0,0,1,0,0,0,0,0,5,0,0,0,0,0,0,0,1,0,0,0,0,0,0,0,156,0,0,0,0,0,0,0,0,0,0,0,0,0,0,0,15,0,0,0
329,0,0,0,0,0,0,0,0,0,0,0,38,0,0,0,0,0,0,0,0,0,0,0,0,1,0,0,1,0,0,0,0,0,0,0,29,0,0,0,3,14,89,29,40102,0,0,0,14,0,0,0,0,0,0,0,0,0,0,0,4,0,0,0,0,0,0
330,0,0,0,8,0,0,0,0,0,0,0,0,0,0,0,1,0,0,0,73,0,0,0,0,0,0,1,0,0,0,0,0,1,0,0,16,0,0,0,0,0,0,0,0,0,0,0,0,10,121,28,41032,0,0,0,13,0,0,0,159,0,0,0,7,0,0
331,33,0,0,0,0,0,0,0,1,0,0,0,0,0,0,0,1,0,0,0,0,0,0,0,0,0,0,0,0,1,0,0,39938,2,146,15,4,0,0,0,180,0,1,0,18,0,0,0,1,0,0,0,0,0,0,0,0,0,0,0,0,0,0,0,0,0
332,0,0,1,0,1,0,0,0,0,0,0,0,0,2,0,0,0,17,0,0,0,116,0,1,0,8,1,0,5,38077,1,48,0,0,0,0,0,0,0,0,0,0,0,0,0,1,0,0,1,0,0,0,0,0,0,0,0,0,0,0,0,43,0,0,0,0
333,0,0,0,2,0,0,0,0,1,0,0,0,0,0,0,0,80,116,9,37433,0,0,0,6,0,0,0,81,0,0,0,7,0,0,1,3,0,0,0,0,0,0,0,0,0,0,0,0,0,0,0,44,0,0,0,0,0,0,0,0,0,0,0,0,0,0
334,0,0,0,0,0,0,0,4,1,0,0,0,0,0,0,0,0,0,1,5,10,94,11,38655,0,0,0,1,0,0,0,31,0,1,0,0,0,0,0,1,0,0,0,0,0,0,1,0,0,0,0,0,0,0,0,29,0,0,0,0,0,0,0,0,0,0
335,0,0,0,36,0,0,0,0,0,0,0,0,0,0,0,0,0,0,0,1,0,0,0,0,0,0,0,0,0,0,0,0,4,37,4,38728,0,0,0,3,0,0,0,113,0,0,0,8,0,0,0,12,0,0,0,0,0,0,0,0,0,0,0,0,0,0
336,36899,5,95,3,13,0,0,0,80,0,0,0,9,0,0,0,9,0,0,0,0,0,0,0,0,0,0,0,0,0,0,0,334,1,1,0,0,0,0,0,1,0,0,0,0,0,0,0,2,0,0,0,0,0,0,0,0,0,0,0,0,0,0,0,0,0
337,0,0,0,0,0,0,0,0,3,0,9,0,0,0,0,0,0,0,1,1,0,0,0,0,0,0,71,0,0,0,0,0,0,0,0,1,0,0,0,0,0,0,9,0,0,0,0,0,0,0,203,0,0,0,2,0,41,9,35956,13,0,0,9,0,0,0
338,3,0,0,0,34730,9,112,13,3,0,0,0,46,0,0,0,0,0,1,0,3,0,0,0,0,0,0,0,0,0,1,0,0,0,0,0,140,0,1,1,0,0,0,0,0,0,0,0,0,0,0,0,14,0,0,0,0,0,0,0,0,0,0,0,0,0
339,0,0,0,0,0,0,1,0,0,0,0,0,32,0,0,0,0,1,0,0,0,0,0,0,0,0,0,0,0,0,0,0,7,0,0,0,38,0,0,0,3,0,0,0,33026,12,192,5,0,0,0,0,0,0,0,0,0,0,0,0,7,0,0,0,0,0
340,0,0,1,0,0,0,0,0,0,0,0,0,0,0,0,0,32,3,33074,7,0,0,8,0,0,0,145,1,0,0,18,0,0,0,0,0,0,0,0,0,0,0,0,0,1,0,0,0,0,0,29,0,0,0,0,1,0,0,1,0,0,0,0,0,0,0
341,0,0,0,1,0,0,0,4,0,0,0,0,0,0,0,0,0,0,0,5,8,48,10,32316,0,0,0,1,1,0,0,29,0,0,0,0,0,0,0,6,0,0,0,0,0,0,0,0,1,0,0,0,0,0,0,28,0,0,0,0,0,0,0,0,0,0
342,5,0,0,1,47,0,0,0,6,0,0,0,32297,5,66,8,0,0,0,0,0,0,0,0,0,0,0,0,6,0,0,0,0,0,0,0,0,0,0,0,0,0,0,0,68,0,0,0,0,0,0,0,0,0,0,0,0,0,0,0,8,0,0,0,0,0
343,24,0,0,0,0,0,0,0,0,0,0,0,0,0,0,0,0,0,10,1,0,0,0,0,0,0,0,1,0,0,0,0,30508,3,106,2,1,0,0,0,166,0,1,0,7,0,3,0,6,0,0,0,0,0,0,0,0,0,0,0,0,0,0,0,0,0
344,0,0,0,0,0,0,0,0,0,0,1,0,0,0,1,0,0,0,9,0,0,0,67,0,0,0,13,0,31,4,29454,2,0,0,0,0,0,0,0,0,0,0,0,0,0,0,0,0,0,0,0,0,0,0,0,0,0,0,0,1,0,0,24,0,0,0
345,2,0,0,0,7,0,1,0,0,0,0,0,0,0,0,0,3,0,1,0,29406,5,199,19,2,0,0,0,24,1,1,0,0,0,0,0,15,0,0,0,0,0,0,0,0,0,0,0,0,0,0,0,32,0,0,0,0,0,0,0,0,0,0,0,0,0
346,22,0,0,0,0,0,0,0,0,0,0,0,0,0,0,0,0,0,0,0,0,0,0,0,0,0,0,1,0,0,1,0,29576,4,88,4,152,0,1,0,131,0,0,0,20,0,0,0,9,0,0,0,1,0,0,0,0,0,0,0,1,0,0,0,0,0
347,37,0,29182,4,0,0,9,0,0,0,131,0,0,0,11,0,10,0,7,0,0,0,1,0,0,0,0,0,0,0,0,0,0,0,97,0,0,0,0,0,0,0,0,0,0,0,0,0,0,1,4,0,0,0,0,0,0,0,0,0,0,0,0,0,0,0
348,0,34,0,0,1,0,1,0,0,0,0,0,0,0,0,0,0,0,0,0,0,0,0,0,0,0,0,0,0,0,0,0,3,28768,4,38,0,6,0,0,0,142,0,0,0,14,0,0,0,8,0,0,0,0,0,0,0,0,0,0,0,0,0,0,0,0
349,0,19,0,2,0,1,0,0,4,27787,13,25,0,1,0,0,0,0,0,0,0,0,0,0,0,7,0,0,0,0,0,0,0,0,0,0,0,0,0,0,0,124,0,0,0,0,1,0,0,0,0,0,0,0,0,1,0,12,0,0,0,0,0,0,0,0
350,0,0,0,0,0,0,0,0,0,0,221,0,0,0,0,0,0,0,1,0,0,0,0,0,0,0,44,0,0,0,0,0,0,1,0,0,0,0,0,0,0,0,9,0,0,0,0,0,0,0,27,1,0,0,1,0,17,0,24551,10,0,0,3,0,0,0
351,0,0,1,0,19,94,10,23695,0,0,0,0,0,0,0,19,0,0,0,0,0,0,0,8,0,0,0,0,0,0,0,0,0,0,0,0,0,0,0,83,0,0,0,0,0,0,0,0,0,0,0,0,0,0,1,12,0,0,0,0,0,0,0,0,0,0
352,0,0,0,0,0,0,0,0,1,0,0,0,0,25,0,0,0,0,0,0,0,0,1,0,0,0,0,0,0,0,0,0,1,16,0,0,0,80,0,0,1,11,0,0,16,23078,1,27,0,0,0,0,0,0,0,0,0,0,0,0,0,1,0,0,0,0
353,3,76,7,23182,0,0,0,2,0,0,0,45,0,0,0,4,0,0,1,10,0,0,0,0,0,0,0,0,0,0,0,0,0,1,0,157,0,0,0,0,0,0,0,1,0,0,0,0,0,0,1,2,0,0,0,0,0,0,0,0,1,0,0,0,0,0
354,0,21,0,0,0,0,0,0,0,1,0,0,0,1,0,0,0,0,0,0,0,0,0,0,0,0,0,0,0,0,0,0,4,23312,0,59,0,6,0,0,0,86,0,0,0,14,0,0,0,2,0,0,0,0,0,0,0,0,0,0,0,0,0,0,0,0
355,4,0,0,0,35,1,0,0,15,0,1,0,23204,1,53,5,0,0,0,0,0,0,0,0,0,0,0,0,5,0,0,0,0,0,0,0,0,0,0,0,0,0,0,0,100,0,0,0,0,0,0,0,0,0,1,0,0,0,0,0,24,0,0,0,0,0
356,0,0,2,0,0,0,0,0,0,0,0,0,0,0,0,0,40,0,23416,3,0,0,3,0,0,0,91,0,0,0,8,0,0,1,9,0,0,0,0,0,0,0,0,0,0,0,1,0,0,0,18,0,0,0,0,1,0,0,0,0,0,0,0,0,0,0
357,23,0,23033,1,0,0,4,0,0,0,104,0,0,0,4,0,0,0,2,0,0,0,0,0,0,0,0,0,0,0,0,0,0,1,63,0,0,0,0,0,0,0,0,1,0,0,0,0,0,0,7,0,0,0,0,0,0,0,0,0,0,0,0,0,0,0
358,0,0,0,0,0,0,0,0,0,0,0,0,3,0,0,0,3,0,0,0,46,0,0,0,4,0,0,0,22190,7,47,5,0,0,0,0,0,1,0,1,0,0,0,0,2,0,0,0,0,0,0,0,0,0,0,0,0,0,0,0,31,0,0,0,0,0
359,0,0,0,0,0,0,0,0,0,0,0,0,0,0,16,0,0,0,0,0,0,0,0,0,0,0,0,0,0,0,0,0,0,0,10,1,0,1,46,0,0,0,4,0,154,1,21778,9,0,0,0,0,0,0,0,0,0,0,0,0,0,0,1,0,0,0
360,0,0,0,0,0,0,0,0,28,0,0,0,0,0,0,0,0,0,0,0,0,0,0,0,0,0,0,0,0,0,0,0,19,1,0,0,0,0,0,0,21989,1,61,10,5,0,0,0,0,0,0,0,0,0,0,0,7,0,0,0,0,0,0,0,0,0
361,22074,13,43,4,4,0,0,0,88,0,0,0,2,0,0,0,8,0,0,0,0,0,0,0,0,0,0,0,0,0,0,0,59,0,0,0,0,0,0,0,1,0,0,0,0,0,0,0,5,0,0,0,0,0,0,0,0,0,0,0,0,0,0,0,0,0
362,0,0,0,0,0,0,0,0,0,0,0,0,2,0,0,0,0,0,0,0,0,0,0,0,0,0,0,0,37,0,2,0,0,0,0,0,0,0,0,0,1,0,0,1,10,0,0,0,3,0,0,0,36,0,0,0,4,0,0,0,21807,2,30,5,0,0
363,5,42,10,20964,0,0,0,1,0,0,0,42,0,0,0,1,0,0,0,2,0,0,0,0,0,0,0,0,0,0,0,0,0,1,0,38,0,0,0,0,0,0,0,0,0,0,0,0,0,0,0,8,0,0,0,0,0,0,0,0,0,0,0,0,0,0
364,1,0,0,0,0,0,0,0,0,0,4,0,0,0,0,0,0,0,0,0,0,0,0,0,0,0,22,0,0,0,0,0,0,0,0,0,0,0,0,0,0,0,3,1,0,0,0,0,0,0,143,0,0,0,1,0,20,0,20228,2,0,0,12,0,0,0
365,0,0,0,0,492,0,2,0,0,0,0,0,1,0,0,0,0,0,0,0,0,0,0,0,0,0,0,0,0,0,0,0,3,0,0,0,18899,2,463,4,7,0,0,0,22,0,0,0,0,0,0,0,0,0,0,0,0,0,0,0,0,0,0,0,0,0
366,0,0,0,12,0,0,0,2,12,68,7,19645,0,0,0,5,0,0,0,0,0,0,0,0,0,0,0,2,0,0,0,0,0,0,0,0,0,0,0,0,0,0,0,58,0,0,0,0,0,0,0,0,0,0,0,0,0,0,0,16,0,0,0,0,0,0
367,0,0,3,0,0,0,0,0,0,0,0,0,0,0,0,0,12,0,19560,10,0,0,18,0,0,0,79,0,0,0,16,0,0,0,1,0,0,0,0,0,0,0,0,0,0,0,0,0,0,0,16,0,0,0,0,0,0,0,0,0,0,0,0,0,0,0
368,0,0,0,8,0,0,0,29,0,0,0,37,5,67,1,19074,0,0,0,0,0,0,0,0,0,0,0,0,0,0,0,6,0,0,0,0,0,0,0,0,0,0,0,0,0,0,0,52,0,0,0,0,0,0,0,0,0,0,0,0,0,0,0,8,0,0
369,0,3,0,0,0,0,0,0,0,0,0,0,0,0,0,0,0,31,0,0,0,0,0,0,0,0,0,0,0,0,0,0,0,0,0,0,0,0,0,0,0,0,0,0,0,0,0,0,3,16921,1,25,0,0,0,0,0,28,0,0,0,0,0,0,0,0
370,0,0,0,0,4,0,0,0,0,0,0,0,0,0,0,0,2,0,0,0,16362,3,89,25,1,1,0,0,18,0,1,0,0,0,0,0,0,0,0,1,0,0,0,0,0,0,0,0,0,0,0,0,36,0,0,0,0,0,0,0,0,0,0,0,0,0
371,0,0,0,0,0,0,0,0,0,0,115,0,0,0,0,0,0,0,0,0,0,0,0,0,0,0,0,1,0,0,0,0,0,0,19,0,0,0,0,0,24,1,16053,5,0,0,5,0,0,0,0,0,0,0,0,0,0,0,6,0,0,0,0,0,0,0
372,0,0,0,2,0,0,0,66,0,0,0,11,8,19,7,15920,0,0,0,0,0,0,0,0,0,0,0,0,0,0,0,4,0,0,0,0,0,0,0,0,0,0,0,0,0,0,0,57,0,0,0,0,0,0,0,0,0,0,0,0,0,0,0,5,0,0
373,15352,2,80,1,4,0,0,0,50,0,0,0,7,0,0,0,3,0,0,0,0,0,0,0,0,0,0,0,0,0,0,0,32,0,0,0,0,0,0,0,0,0,0,0,0,0,0,0,4,0,0,0,0,0,0,0,0,0,0,0,0,0,0,0,0,0
374,1,0,0,0,0,0,0,0,0,0,0,0,9,0,0,0,0,0,0,0,0,0,0,0,0,0,0,0,0,0,0,0,1,0,0,0,18,0,0,0,2,0,0,0,14082,0,44,3,0,0,0,0,0,0,0,0,0,0,0,0,4,0,0,0,0,0
375,1,0,17,0,0,0,0,0,31,2,13113,4,0,0,2,0,0,0,0,0,0,0,0,0,0,0,5,0,0,0,0,0,0,0,0,0,0,0,0,0,0,0,39,0,0,0,0,0,0,0,0,0,0,0,0,0,0,0,4,0,0,0,0,0,0,0
376,1,0,0,0,0,0,0,0,0,0,0,0,0,0,0,0,12822,4,24,3,1,0,0,0,45,0,0,0,5,1,0,0,1,0,0,0,0,0,0,0,0,0,0,0,0,0,0,0,11,0,0,0,0,0,0,0,0,0,0,0,0,0,0,0,0,0
377,0,0,0,0,0,0,0,0,0,0,0,0,2,0,0,0,0,0,0,0,0,0,0,0,0,0,0,0,27,0,0,9,0,0,0,0,0,0,0,0,0,0,0,0,2,0,0,0,3,0,0,0,22,0,0,0,4,0,0,0,12468,2,20,2,0,0
378,0,0,0,0,0,0,0,0,0,0,0,2,0,0,0,0,0,0,0,0,0,0,0,0,0,0,0,29,0,0,0,0,0,0,0,0,0,0,0,0,0,0,0,6,0,0,0,0,0,0,0,13,0,0,0,3,6,17,6,10848,0,0,0,1,0,0
379,10083,1,22,3,2,0,0,0,48,0,1,0,9,0,0,0,14,0,0,0,0,0,0,0,0,0,0,0,0,0,0,0,26,0,0,0,0,0,0,0,0,0,0,0,0,0,0,0,2,0,0,0,0,0,0,0,0,0,0,0,0,0,0,0,0,0
380,0,0,0,0,0,0,0,0,0,0,0,0,0,1,0,0,0,25,0,0,0,17,0,1,0,0,0,0,3,9455,1,4,0,0,0,0,0,0,0,0,0,0,0,0,0,0,0,0,0,0,0,0,0,0,0,0,0,0,0,0,0,8,0,0,0,0
381,0,0,0,0,0,0,0,0,0,0,0,0,0,0,0,1,0,1,0,9,0,0,0,30,0,0,0,9,2,11,4,9269,0,0,0,0,0,0,0,0,0,0,0,0,0,1,0,0,0,0,0,0,0,0,0,0,0,0,0,0,0,0,0,7,0,0
382,6,0,0,0,0,0,0,0,9303,1,44,2,4,0,0,0,0,0,0,0,0,0,0,0,1,0,0,0,0,0,0,0,0,0,0,0,0,0,0,0,15,0,0,0,0,1,0,0,0,0,0,0,0,0,0,1,5,0,0,0,0,0,0,0,0,0
383,1,0,0,0,0,0,0,0,45,0,0,0,0,0,0,0,0,0,0,0,0,0,0,0,0,0,0,0,0,0,0,0,4,0,0,0,0,0,0,0,8232,2,41,3,3,0,0,0,0,0,0,1,0,0,0,1,2,0,0,0,0,0,0,0,0,0
384,0,0,0,0,4,7784,1,7,0,1,0,0,0,11,0,0,0,0,0,0,0,1,0,0,0,0,0,0,0,0,0,0,0,0,0,0,0,58,0,0,0,0,0,0,0,0,0,0,0,0,0,1,0,1,0,0,0,0,0,0,0,0,0,0,0,0
385,7488,0,29,1,1,0,0,0,22,0,0,0,2,0,0,0,2,0,0,1,0,0,0,0,0,0,0,0,0,0,0,0,13,0,0,0,0,0,0,0,0,0,0,0,0,0,0,0,1,0,0,0,0,0,0,0,0,0,0,0,0,0,1,0,0,0
386,0,0,0,0,0,0,4,0,0,0,0,0,0,0,0,0,0,0,0,1,0,0,1,0,0,0,0,0,0,1,0,0,0,0,1,0,12,0,6992,4,0,0,0,0,0,0,3,0,0,0,0,0,0,0,0,1,0,0,0,0,0,0,0,0,0,0
387,0,0,0,0,0,0,0,0,0,0,0,0,0,0,0,0,1,0,0,0,13,0,0,0,4,0,0,0,5595,0,11,2,0,0,0,0,0,0,0,0,0,0,0,0,1,0,0,0,0,0,0,0,0,0,0,0,0,0,0,0,11,0,0,0,0,0
388,3,0,0,0,5177,1,48,8,0,0,0,0,8,0,0,0,0,0,0,0,1,0,0,0,1,0,0,0,0,0,0,0,0,0,0,0,41,0,0,0,0,0,0,0,0,0,0,0,0,0,0,0,1,0,0,0,0,0,0,0,0,0,0,0,0,0
389,5,0,0,0,0,0,0,0,0,0,0,0,0,0,0,0,0,1,0,0,0,0,0,0,0,0,0,0,0,0,0,0,4566,9,41,2,1,0,0,1,28,0,0,0,6,0,0,0,2,0,0,0,0,0,0,0,0,0,0,0,0,0,0,0,0,0
390,0,0,0,0,0,0,0,0,0,0,0,0,11,1,0,0,0,0,0,0,0,0,0,0,0,0,0,0,0,0,0,0,0,0,0,0,5,0,0,0,2,0,0,0,3799,11,11,1,0,0,0,0,0,0,0,0,0,0,0,0,1,0,0,0,0,0
391,1,0,0,0,0,0,0,0,0,0,0,0,3516,1,2,0,0,0,0,0,0,0,0,0,0,0,0,0,2,0,0,0,0,0,0,0,0,0,0,0,0,0,0,0,30,0,0,0,0,0,0,0,0,0,0,0,1,0,0,0,7,0,0,0,0,0
392,0,0,0,0,1,0,0,0,0,0,0,0,0,0,0,0,2,0,0,0,2373,2,1,7,0,0,0,0,6,0,0,0,0,0,0,0,0,0,0,0,0,0,0,0,0,0,0,0,0,0,0,0,12,0,0,0,0,0,0,1,0,0,0,0,0,0
393,0,0,0,0,0,0,0,0,0,0,0,0,1,0,0,0,5,0,0,0,0,0,0,1,0,0,0,0,1864,1,0,0,0,0,0,0,0,0,0,0,0,0,0,0,0,4,0,0,0,0,0,0,0,0,0,0,0,0,0,2,10,0,0,0,0,0
394,1,0,0,0,1206,4,1,7,0,0,0,0,4,0,0,0,0,0,0,0,0,0,0,0,0,0,0,0,0,2,0,0,0,0,0,0,0,0,0,0,0,0,0,0,0,1,0,0,0,0,0,0,2,0,0,5,0,0,0,0,1,0,0,0,0,0
395,1,0,0,0,0,0,0,0,0,0,0,0,0,0,0,0,1,0,0,0,0,0,0,0,0,0,0,0,0,0,0,0,1009,1,1,1,0,0,0,1,2,0,0,0,1,0,0,0,0,1,0,5,0,0,0,2,0,0,0,3,3,0,0,0,0,0
396,0,0,0,0,4,0,0,0,0,0,0,0,1,0,0,0,0,0,0,0,0,0,0,0,0,0,0,0,0,3,0,0,800,1,1,0,0,1,0,1,3,0,0,0,0,0,2,0,0,2,0,1,0,0,0,0,0,0,0,0,0,0,0,0,0,0
397,0,0,0,0,3,0,0,0,0,0,0,0,0,0,0,0,0,0,0,0,0,0,0,0,0,0,0,0,0,0,0,0,1,1,0,0,522,1,0,11,0,0,0,0,4,1,0,0,0,0,0,0,0,0,0,1,0,0,0,1,3,0,0,0,0,0
398,0,0,2,0,0,0,0,0,0,0,0,0,0,0,0,0,0,0,1,1,0,0,0,0,0,0,0,0,0,1,1,0,3,1,344,0,0,0,0,0,0,0,0,0,0,0,4,0,0,6,1,0,0,0,0,1,0,0,0,1,0,0,0,0,0,0
399,0,0,0,0,5,0,0,1,0,0,0,0,0,0,0,0,0,0,0,0,0,0,0,0,0,0,0,0,6,1,2,12,0,0,0,0,0,0,0,1,0,0,0,0,0,1,0,0,0,0,0,1,0,0,0,0,0,0,0,0,4,0,0,0,0,0
400,0,0,0,0,0,0,0,0,0,0,0,0,0,0,0,0,0,0,0,0,0,0,0,0,0,0,0,0,0,0,0,1,1,1,2,0,0,1,0,0,1,0,0,0,0,0,0,0,1,0,0,1,0,0,0,7,0,0,0,0,0,0,0,0,0,0
401,0,0,0,0,0,0,0,0,0,0,0,0,0,0,0,0,0,0,0,1,0,0,2,0,0,0,0,0,0,0,3,0,0,6,0,0,0,1,0,0,0,0,0,1,0,0,0,0,0,0,0,0,0,0,0,0,0,0,0,0,0,0,2,0,0,0
402,0,0,0,0,0,0,0,0,0,0,0,0,0,0,0,0,0,0,0,0,0,0,0,0,0,0,0,0,0,1,0,0,1,0,0,0,3,0,0,4,0,0,0,0,0,0,0,0,0,0,0,0,0,0,0,0,0,0,0,0,0,0,0,0,0,0
403,0,0,0,0,0,0,0,0,0,0,0,0,0,0,0,0,0,0,0,0,0,0,0,0,1,0,0,0,0,0,0,0,3,0,0,0,0,7,0,0,0,0,0,0,0,0,0,0,0,0,0,0,0,0,0,0,0,0,0,0,1,0,0,0,0,0
404,0,2,0,1,0,0,0,0,0,0,0,0,0,0,0,0,0,0,0,0,0,0,0,0,0,0,0,0,0,0,0,0,0,5,0,0,0,1,0,0,0,0,0,0,0,0,0,0,0,0,0,0,0,0,0,0,0,0,0,0,0,0,0,0,0,0
405,0,0,0,0,0,0,0,0,0,0,1,0,0,0,0,0,0,1,0,0,0,0,0,0,0,0,0,0,0,0,0,0,4,0,0,0,0,0,0,0,0,0,0,1,0,0,0,0,0,0,1,0,0,0,0,0,0,0,0,0,0,0,0,0,0,0
406,0,0,0,0,0,0,0,0,0,0,0,0,0,0,0,0,0,0,0,0,0,0,0,0,0,0,0,0,0,0,0,0,0,0,2,0,0,0,0,0,0,0,0,0,0,0,0,0,0,0,0,0,0,0,0,0,0,0,0,0,4,0,0,0,0,0
407,0,0,0,0,0,1,0,0,0,0,0,0,0,0,0,1,0,0,0,0,0,0,0,0,0,0,0,0,0,0,0,0,0,3,0,0,0,0,0,0,0,0,0,0,0,0,0,0,0,0,0,0,0,0,0,0,0,0,0,0,0,0,0,0,0,0
408,0,0,0,0,0,0,0,0,0,0,0,0,0,0,0,0,0,0,0,0,0,0,0,0,0,0,0,0,2,0,0,0,0,0,0,0,0,0,0,0,0,0,0,2,0,0,0,0,0,0,0,0,0,0,0,0,0,0,0,0,0,0,0,0,0,0
409,0,0,1,0,0,0,0,0,1,0,0,0,0,0,0,0,0,0,0,0,0,0,0,0,0,0,0,0,0,0,0,0,0,0,0,0,0,0,0,0,0,0,0,0,4,0,0,0,0,0,0,0,0,0,0,0,0,0,0,0,0,0,0,0,0,0
410,0,0,0,0,0,0,0,0,0,0,0,0,0,0,0,0,0,0,0,1,0,0,0,0,0,0,0,0,0,0,0,0,1,0,0,1,0,0,0,0,0,0,0,0,0,0,0,0,0,0,0,0,0,0,0,0,0,0,0,0,0,0,0,0,0,0
411,0,0,0,0,0,0,0,0,0,0,0,0,0,0,0,0,0,0,0,0,1,0,0,0,0,0,0,0,0,4,0,0,0,0,0,0,0,0,0,0,0,0,0,0,0,0,0,0,0,0,0,0,0,0,0,0,0,0,0,0,0,0,0,0,0,0
412,0,0,0,0,0,0,0,0,0,0,0,0,0,0,0,0,0,0,0,0,0,0,0,0,0,0,0,0,0,0,0,0,0,0,0,0,0,0,0,0,0,0,0,3,2,0,0,0,0,0,0,0,0,0,0,0,0,0,0,0,0,0,0,0,0,0
413,0,0,0,0,0,0,0,0,0,0,0,0,0,0,0,0,0,0,0,1,0,0,0,0,0,0,0,0,0,0,0,0,0,0,0,0,0,0,0,0,0,0,0,4,0,0,0,0,0,0,0,0,0,0,0,0,0,1,0,0,0,0,0,0,0,0
414,0,0,0,0,0,0,0,0,0,0,0,0,0,0,0,0,0,0,0,0,0,0,0,0,0,1,0,1,0,0,0,0,0,0,0,0,0,0,0,0,1,0,0,0,0,0,0,0,0,0,0,0,0,0,0,0,0,0,0,0,0,0,0,0,0,0
415,0,0,0,0,0,0,0,0,0,0,0,0,0,0,0,0,0,0,0,0,0,0,0,0,0,0,0,1,0,0,0,1,0,0,0,0,0,0,0,0,0,0,0,0,0,0,1,0,0,0,0,0,0,0,0,0,0,0,0,0,0,0,0,0,0,0
416,0,0,0,0,0,0,0,0,0,0,0,0,0,2,0,0,0,0,0,0,0,0,0,0,0,0,0,0,0,0,1,0,0,0,0,0,0,0,0,0,0,0,0,0,0,0,0,0,0,0,0,1,0,0,0,0,0,0,0,0,0,0,0,0,0,0
417,0,0,0,0,0,0,0,0,0,0,0,0,0,0,0,1,0,0,0,0,0,0,0,0,0,0,0,0,0,0,0,0,0,0,0,0,0,0,0,0,0,0,0,0,0,0,0,0,0,0,0,1,0,0,0,0,0,0,0,0,0,0,0,0,0,0
418,2,0,0,0,0,0,0,0,0,0,0,0,0,0,0,0,0,0,0,0,0,0,0,0,0,0,0,0,0,0,0,0,1,1,0,0,0,0,0,0,0,0,0,0,0,0,0,0,0,0,0,0,0,0,0,0,0,0,0,0,0,0,0,0,0,0
419,2,0,0,0,0,0,0,0,0,0,0,0,0,0,0,0,0,0,0,0,1,0,0,0,0,0,0,0,0,0,0,0,0,0,0,0,0,0,0,0,0,0,0,0,0,0,0,0,0,0,0,0,0,0,0,0,0,0,0,0,0,0,0,0,0,0
420,1,0,0,0,0,0,0,0,0,0,0,0,0,0,0,0,0,0,0,0,0,0,0,0,0,0,0,0,0,0,0,0,0,0,0,0,0,0,0,0,0,0,0,0,0,0,0,0,0,0,0,0,1,0,0,0,0,0,0,0,0,0,0,0,0,0
421,1,0,0,0,0,0,0,0,0,0,0,0,0,0,0,0,0,0,0,0,0,0,0,0,0,0,0,0,0,0,0,0,0,0,0,0,0,0,0,0,0,0,0,0,0,0,0,0,0,0,0,0,0,0,0,0,0,0,0,0,0,0,0,0,0,0
422,0,0,0,0,0,0,0,0,0,0,0,0,0,0,0,0,0,0,0,0,0,0,0,0,0,0,0,0,0,0,0,0,0,1,0,0,0,0,0,0,0,0,0,0,0,0,0,0,0,0,0,0,0,0,0,0,0,0,0,0,0,0,0,0,0,0
423,0,0,0,0,0,0,0,0,0,0,0,0,0,0,0,0,0,0,0,0,0,0,0,0,0,0,0,0,0,0,0,0,0,0,0,0,0,0,0,0,0,0,0,0,0,0,0,0,0,0,0,0,0,0,0,0,0,0,0,0,1,0,0,0,0,0
424,0,0,0,0,0,0,0,0,0,0,0,0,0,0,0,0,0,0,0,0,0,0,0,0,0,0,0,0,0,0,0,0,1,0,0,0,0,0,0,0,0,0,0,0,0,0,0,0,0,0,0,0,0,0,0,0,0,0,0,0,0,0,0,0,0,0
425,0,0,0,0,0,0,0,0,0,0,0,0,0,0,0,0,0,0,0,0,0,0,0,0,0,0,0,0,0,0,0,0,0,0,0,0,0,0,0,0,0,0,0,0,0,0,0,0,0,0,0,0,0,0,0,0,0,0,0,0,0,0,0,0,0,0
426,0,0,0,0,0,0,0,0,0,0,0,0,0,0,0,0,0,0,0,0,0,0,0,0,0,0,0,0,0,0,0,0,0,0,0,0,0,0,0,0,0,0,0,0,0,0,0,0,0,0,0,0,0,0,0,0,0,0,0,0,0,0,0,0,0,0
427,0,0,0,0,0,0,0,0,0,0,0,0,0,0,0,0,0,0,0,0,0,0,0,0,0,0,0,0,0,0,0,0,0,0,0,0,0,0,0,0,0,0,0,0,0,0,0,0,0,0,0,0,0,0,0,0,0,0,0,0,0,0,0,0,0,0
428,0,0,0,0,0,0,0,0,0,0,0,0,0,0,0,0,0,0,0,0,0,0,0,0,0,0,0,0,0,0,0,0,0,0,0,0,0,0,0,0,0,0,0,0,0,0,0,0,0,0,0,0,0,0,0,0,0,0,0,0,0,0,0,0,0,0
429,0,0,0,0,0,0,0,0,0,0,0,0,0,0,0,0,0,0,0,0,0,0,0,0,0,0,0,0,0,0,0,0,0,0,0,0,0,0,0,0,0,0,0,0,0,0,0,0,0,0,0,0,0,0,0,0,0,0,0,0,0,0,0,0,0,0
430,0,0,0,0,0,0,0,0,0,0,0,0,0,0,0,0,0,0,0,0,0,0,0,0,0,0,0,0,0,0,0,0,0,0,0,0,0,0,0,0,0,0,0,0,0,0,0,0,0,0,0,0,0,0,0,0,0,0,0,0,0,0,0,0,0,0
431,0,0,0,0,0,0,0,0,0,0,0,0,0,0,0,0,0,0,0,0,0,0,0,0,0,0,0,0,0,0,0,0,0,0,0,0,0,0,0,0,0,0,0,0,0,0,0,0,0,0,0,0,0,0,0,0,0,0,0,0,0,0,0,0,0,0
432,0,0,0,0,0,0,0,0,0,0,0,0,0,0,0,0,0,0,0,0,0,0,0,0,0,0,0,0,0,0,0,0,0,0,0,0,0,0,0,0,0,0,0,0,0,0,0,0,0,0,0,0,0,0,0,0,0,0,0,0,0,0,0,0,0,0
433,0,0,0,0,0,0,0,0,0,0,0,0,0,0,0,0,0,0,0,0,0,0,0,0,0,0,0,0,0,0,0,0,0,0,0,0,0,0,0,0,0,0,0,0,0,0,0,0,0,0,0,0,0,0,0,0,0,0,0,0,0,0,0,0,0,0
434,0,0,0,0,0,0,0,0,0,0,0,0,0,0,0,0,0,0,0,0,0,0,0,0,0,0,0,0,0,0,0,0,0,0,0,0,0,0,0,0,0,0,0,0,0,0,0,0,0,0,0,0,0,0,0,0,0,0,0,0,0,0,0,0,0,0
435,0,0,0,0,0,0,0,0,0,0,0,0,0,0,0,0,0,0,0,0,0,0,0,0,0,0,0,0,0,0,0,0,0,0,0,0,0,0,0,0,0,0,0,0,0,0,0,0,0,0,0,0,0,0,0,0,0,0,0,0,0,0,0,0,0,0
436,0,0,0,0,0,0,0,0,0,0,0,0,0,0,0,0,0,0,0,0,0,0,0,0,0,0,0,0,0,0,0,0,0,0,0,0,0,0,0,0,0,0,0,0,0,0,0,0,0,0,0,0,0,0,0,0,0,0,0,0,0,0,0,0,0,0
437,0,0,0,0,0,0,0,0,0,0,0,0,0,0,0,0,0,0,0,0,0,0,0,0,0,0,0,0,0,0,0,0,0,0,0,0,0,0,0,0,0,0,0,0,0,0,0,0,0,0,0,0,0,0,0,0,0,0,0,0,0,0,0,0,0,0
