A,C,G,N,T,pos
1639,768,2676,0,276,1
1215,746,1667,0,2009,2
2296,852,1751,0,878,3
1783,1592,1273,0,1191,4
2362,418,1226,0,1836,5
2691,375,2037,0,813,6
2619,479,1682,0,1097,7
2120,329,2333,0,1130,8
1958,1093,1769,0,1111,9
1600,574,2360,0,1482,10
2510,583,1718,0,1269,11
1930,1253,1395,0,1582,12
3223,530,1704,0,1012,13
2281,834,2174,0,1219,14
1308,740,2685,0,1782,15
1547,2045,2192,0,942,16
1907,673,1748,0,2396,17
2843,707,2391,0,847,18
3300,477,1884,0,1131,19
2026,1458,1701,0,1875,20
2056,1685,1266,0,2188,21
1201,1025,1467,0,3465,22
2056,618,1174,0,3578,23
1413,2108,2053,0,2028,24
1740,1919,2163,0,1918,25
2157,3111,1441,0,1086,26
3138,1108,2112,0,1453,27
1725,2661,2260,0,1319,28
3731,569,2275,0,1410,29
4434,988,1374,0,1229,30
2467,1052,3410,0,1329,31
2114,1210,3618,0,1291,32
2835,706,3478,0,1159,33
1661,1061,3430,0,2080,34
4221,1618,1179,0,1233,35
2221,987,3372,0,1801,36
1745,976,4713,0,1033,37
1428,3267,2819,0,890,38
1305,3793,2075,0,1320,39
4094,1778,2012,0,662,40
2318,781,3829,0,1836,41
2015,1133,4154,0,1567,42
1927,1848,4261,0,891,43
3895,2109,1401,0,1512,44
4170,2450,1372,0,970,45
3130,1018,1022,0,3775,46
1627,1718,1998,0,3578,47
2441,911,2132,0,3377,48
2191,3948,2067,0,799,49
1814,4106,2288,0,1114,50
2050,930,2315,0,4061,51
1636,723,2285,0,4645,52
1378,3846,2525,0,1590,53
5189,1314,1314,0,1553,54
999,2009,5458,0,1292,55
4862,1394,2137,0,1306,56
4609,2164,1670,0,1245,57
1807,4867,1813,0,1345,58
5684,1509,1702,0,964,59
1981,1101,6067,0,1016,60
5050,1166,2949,0,903,61
2167,4538,2590,0,989,62
2855,4578,1696,0,1068,63
6317,1146,1739,0,1093,64
1869,1110,5649,0,1699,65
4959,1169,2366,0,1822,66
1576,1503,5373,0,1909,67
1689,6107,1317,0,1330,68
2026,6307,1184,0,1049,69
5827,1367,1567,0,1854,70
5417,1258,1929,0,2022,71
1641,5858,1932,0,1345,72
6810,969,1648,0,1373,73
1613,1858,6351,0,1118,74
2555,5621,1124,0,1651,75
2954,5044,1482,0,1465,76
2076,6066,1481,0,1278,77
2904,6002,1223,0,878,78
5633,2006,2299,0,968,79
2740,5615,1640,0,1289,80
1929,6574,1522,0,1363,81
6223,2997,1522,0,687,82
2956,1834,6036,0,660,83
1517,6703,2564,0,711,84
7774,1620,1211,0,852,85
1994,2061,6659,0,810,86
6465,3015,1172,0,803,87
2460,2520,6185,0,556,88
7050,1689,2165,0,611,89
2812,2094,6337,0,677,90
1840,2955,1447,0,5484,91
2502,2113,1567,0,5839,92
2257,1906,2109,0,5851,93
1901,7666,1911,0,722,94
7389,2458,1558,0,713,95
1557,2883,7140,0,730,96
1764,2936,6473,0,1116,97
2470,2029,1439,0,5979,98
2085,2659,1236,0,6364,99
1925,2847,1513,0,6206,100
2734,2180,6934,0,760,101
1946,1811,8192,0,667,102
2124,2193,7762,0,546,103
2609,1606,7606,0,904,104
7217,1772,2673,0,1052,105
8351,1512,1892,0,1136,106
1419,1797,8865,0,856,107
8474,1741,1884,0,788,108
1769,1653,8708,0,954,109
7513,1648,2244,0,1672,110
2244,7811,1852,0,1497,111
8230,1326,2236,0,1572,112
7992,2510,2128,0,746,113
3255,7631,1656,0,988,114
8222,1292,2758,0,1227,115
8359,1280,2478,0,1290,116
1822,8123,1917,0,1761,117
2252,1663,1895,0,7565,118
2301,8027,1934,0,1524,119
1943,8374,2183,0,1315,120
1940,8069,2242,0,1639,121
2520,1412,1779,0,8062,122
1587,8996,2531,0,1022,123
2973,1596,1400,0,7948,124
2430,8715,2205,0,929,125
8615,2111,2595,0,873,126
2514,2404,8272,0,1072,127
2185,1491,9199,0,1378,128
9552,1640,1687,0,1188,129
1924,2469,8749,0,1155,130
2601,9011,1939,0,958,131
10081,1798,1758,0,872,132
1829,2707,9551,0,845,133
3222,1397,9536,0,844,134
10678,1721,1821,0,708,135
2201,2329,9975,0,656,136
10058,1887,2031,0,1372,137
2133,7758,1795,0,3918,138
2229,2512,10163,0,814,139
10098,2492,2031,0,960,140
10571,1733,1650,0,1651,141
10237,2559,2058,0,951,142
2512,1866,9926,0,1520,143
10285,2764,2017,0,742,144
3158,10342,1923,0,679,145
10641,1878,2640,0,865,146
10857,1949,2345,0,922,147
3373,1823,10393,0,794,148
2258,1850,11901,0,799,149
11743,2723,2002,0,604,150
12493,1727,1946,0,1013,151
11663,2134,2843,0,502,152
12402,1486,2424,0,932,153
3029,1911,11628,0,692,154
2424,1394,3057,0,9787,155
13203,1198,2095,0,746,156
2749,1638,2149,0,10589,157
3048,10950,2814,0,674,158
3878,11187,2106,0,721,159
2751,1667,2500,0,10732,160
3221,11649,1806,0,1418,161
2594,1402,2491,0,11763,162
13797,1249,1981,0,1379,163
13150,2461,1686,0,942,164
3080,11770,2388,0,919,165
3409,1478,1868,0,11188,166
2109,1737,2695,0,11316,167
2443,12042,2416,0,1562,168
3456,12297,1539,0,1353,169
3891,12013,1823,0,1019,170
3409,1629,1909,0,11565,171
3032,12642,2174,0,1213,172
13766,1249,2662,0,1527,173
2588,2084,12996,0,1535,174
14730,2018,1433,0,925,175
2588,1818,1758,0,12858,176
2399,13157,2031,0,1656,177
12938,2751,2096,0,1151,178
2964,13492,1612,0,1949,179
3161,2665,1602,0,12455,180
3118,13940,1403,0,1930,181
3426,1844,1517,0,13274,182
3296,2256,1603,0,12996,183
2772,2636,1364,0,13530,184
2878,2238,13501,0,1933,185
2376,1999,13214,0,2831,186
2268,15507,1125,0,1666,187
14220,3150,1392,0,2034,188
14326,3266,1190,0,1933,189
2214,14606,1304,0,2732,190
2121,2827,13931,0,1909,191
14923,2011,1873,0,1712,192
2345,14714,2082,0,1699,193
3140,14626,1339,0,1375,194
2693,14045,1266,0,2592,195
2192,15460,1425,0,1726,196
2833,2166,2092,0,13659,197
2127,15677,1765,0,1505,198
2404,2655,13800,0,2270,199
1933,3443,1232,0,14214,200
1799,15657,1345,0,2276,201
15053,2512,1486,0,2136,202
1842,15561,1932,0,2450,203
15519,2267,2298,0,1708,204
15457,2130,2483,0,1692,205
2185,3011,1544,0,15166,206
16260,2481,1801,0,1535,207
16537,2651,1313,0,1473,208
15573,3245,1378,0,1836,209
16054,2649,1940,0,1306,210
16568,2292,1123,0,1768,211
2574,2993,1399,0,15113,212
16029,2489,1431,0,1997,213
3020,2954,14617,0,1503,214
2819,2834,14764,0,1542,215
3045,2300,14411,0,2143,216
2922,2931,14413,0,1493,217
2705,2002,15315,0,1809,218
2629,2654,14285,0,2192,219
2609,16044,2054,0,1468,220
17155,1857,1799,0,1492,221
16290,3127,1811,0,1479,222
3100,16142,2063,0,1480,223
3184,2221,1916,0,15556,224
16570,2181,1929,0,2280,225
17332,2217,1485,0,1781,226
17334,2579,1519,0,1447,227
3591,2195,15665,0,1451,228
3429,2449,15234,0,1774,229
16852,2539,1473,0,2048,230
17022,2067,1591,0,2364,231
3681,2391,15498,0,1474,232
3321,16065,2146,0,1608,233
2939,2276,2457,0,15354,234
2529,17016,2665,0,1992,235
2999,2176,2403,0,17073,236
19129,2087,2249,0,1679,237
3038,2089,2706,0,17320,238
2980,3027,1835,0,17564,239
19350,2105,1910,0,2141,240
3442,2398,17652,0,2234,241
19071,2689,1702,0,2123,242
3401,1918,2041,0,18189,243
19386,2238,2112,0,1973,244
3514,18388,1837,0,2384,245
20218,1736,2181,0,2059,246
3189,1850,19165,0,1907,247
3212,1736,19110,0,1722,248
3505,1975,18154,0,2044,249
3958,2010,17747,0,1711,250
2849,17746,1846,0,1443,251
17944,867,1322,0,844,252
1674,769,18197,0,871,253
18079,766,1220,0,1144,254
1687,884,1228,0,17541,255
1633,825,18313,0,860,256
18688,728,1337,0,963,257
1538,875,1299,0,17847,258
18711,827,1275,0,888,259
1647,18094,1228,0,923,260
18840,831,1428,0,779,261
1616,818,19828,0,1154,262
1705,956,1341,0,18400,263
19792,823,1263,0,1145,264
1566,940,1286,0,19252,265
1899,819,1306,0,19560,266
20205,829,1518,0,1160,267
1786,671,19906,0,1180,268
19962,826,1365,0,1090,269
19892,862,1486,0,1021,270
1884,875,19576,0,1075,271
19478,1023,1384,0,1230,272
1985,18662,1376,0,1281,273
19800,734,1468,0,1223,274
1801,893,1276,0,18792,275
19936,719,1430,0,1073,276
1694,769,19319,0,1218,277
19383,748,1240,0,1204,278
1750,676,1149,0,18844,279
1781,790,1203,0,18880,280
1939,695,1229,0,18941,281
1773,662,18968,0,1178,282
1808,18201,1357,0,1053,283
1903,18674,1222,0,1037,284
19740,788,1382,0,1134,285
1811,774,19526,0,998,286
1817,735,19468,0,1139,287
19879,741,1398,0,1038,288
19988,788,1463,0,1016,289
1700,775,19763,0,1090,290
19954,661,1408,0,1019,291
1526,767,1523,0,19060,292
1834,588,19638,0,981,293
1854,644,19458,0,993,294
20057,703,1364,0,995,295
20164,662,1266,0,1043,296
19856,848,1352,0,1078,297
1759,19384,1323,0,910,298
1931,19234,1159,0,959,299
20628,780,1194,0,977,300
20546,541,1225,0,928,301
20372,655,1226,0,930,302
20326,698,1201,0,775,303
20008,721,1172,0,1021,304
1880,740,1153,0,19283,305
1983,599,19809,0,850,306
19556,612,1196,0,1060,307
1952,1071,1074,0,18815,308
20166,573,1245,0,927,309
1878,593,19590,0,879,310
1785,542,19466,0,813,311
1834,581,19258,0,854,312
1836,603,19358,0,728,313
1845,522,19295,0,878,314
19322,574,1332,0,781,315
19904,459,1304,0,1046,316
1719,519,1352,0,18988,317
1824,552,1402,0,19130,318
1687,516,19721,0,895,319
1922,500,18963,0,757,320
19555,470,1607,0,791,321
1686,421,19587,0,879,322
1646,465,19766,0,940,323
1659,509,1406,0,16875,324
1620,570,1353,0,18434,325
1632,489,1366,0,19435,326
1866,447,1259,0,19748,327
20232,435,1305,0,1207,328
1535,444,1305,0,19848,329
1882,401,1212,0,19785,330
20681,348,1272,0,1079,331
20817,324,1244,0,1067,332
20482,437,1530,0,983,333
1680,363,20272,0,1251,334
1793,431,1212,0,18838,335
20782,341,1243,0,1113,336
20915,333,1250,0,1044,337
20804,317,1272,0,1058,338
20319,501,1286,0,1177,339
1978,19621,1189,0,1028,340
20704,447,1503,0,1117,341
1833,320,20641,0,1264,342
1989,417,1337,0,18951,343
20915,310,1240,0,1439,344
1843,467,1343,0,20278,345
1940,353,20463,0,1245,346
21026,435,1287,0,1372,347
1723,658,1202,0,20120,348
1910,19827,1148,0,1284,349
21105,446,1448,0,1155,350
1800,392,20591,0,1233,351
1866,336,20216,0,1384,352
1881,523,1268,0,18540,353
20209,588,1205,0,1388,354
1629,19570,1246,0,1227,355
1719,19671,1180,0,1273,356
1775,19868,1063,0,1408,357
21458,617,1165,0,1293,358
1901,674,1060,0,20985,359
21437,694,1334,0,1177,360
1989,639,20727,0,1121,361
21241,588,1273,0,1087,362
21524,536,1193,0,1067,363
21041,581,1156,0,1268,364
1874,853,975,0,20199,365
1775,20090,1029,0,1412,366
1820,838,1161,0,20380,367
1928,631,20344,0,1325,368
1717,780,1304,0,19756,369
1722,681,20183,0,1261,370
1963,707,19930,0,1078,371
20733,801,1269,0,1189,372
1892,20068,1106,0,1139,373
21096,725,1020,0,1358,374
1873,743,1014,0,20673,375
21454,760,1117,0,1046,376
21281,725,1129,0,1108,377
21119,646,1289,0,1070,378
1730,866,20570,0,1195,379
1841,20378,1095,0,1256,380
1964,716,1161,0,20832,381
21712,769,1182,0,1317,382
1897,702,1085,0,20612,383
21428,783,1265,0,1216,384
1850,727,20926,0,1082,385
1607,756,21093,0,1279,386
1752,779,1124,0,19556,387
21097,876,1228,0,1118,388
1860,20533,1025,0,1322,389
21447,711,1423,0,1104,390
1728,713,22512,0,1422,391
1817,884,1107,0,21632,392
22836,827,1062,0,1367,393
1741,946,1013,0,22735,394
1777,844,1156,0,23049,395
23656,663,1312,0,1486,396
1833,699,23177,0,1510,397
1910,749,1063,0,22500,398
23418,722,1244,0,1311,399
1764,1022,21958,0,1552,400
2112,801,22472,0,1509,401
22876,942,1401,0,1545,402
1971,22614,1199,0,1529,403
1880,22870,1099,0,1618,404
1948,1040,1119,0,23424,405
23841,1162,1242,0,1480,406
1987,22978,1186,0,1421,407
23168,1077,1167,0,1463,408
1956,23234,1068,0,1301,409
2057,22809,1132,0,1337,410
23647,1108,1245,0,1408,411
1875,1140,22826,0,1305,412
1948,1341,1109,0,22275,413
1906,22771,998,0,1246,414
23563,1184,1137,0,1258,415
23642,1382,1228,0,1434,416
1832,23699,1193,0,1339,417
24103,1091,1142,0,1740,418
1995,1198,1049,0,23913,419
24326,1198,1094,0,1195,420
24068,1040,1216,0,1416,421
1709,1304,1142,0,23868,422
1922,1155,1130,0,23827,423
1918,1222,23436,0,1246,424
1869,1131,23263,0,1279,425
24871,976,1074,0,1266,426
24642,1136,1387,0,1152,427
1895,968,24365,0,1242,428
24904,1091,1104,0,1126,429
24865,951,1026,0,1124,430
24642,912,1169,0,1152,431
1845,995,980,0,23849,432
1834,24150,1024,0,1207,433
1685,1125,1074,0,24227,434
1748,880,24197,0,1271,435
1657,918,1027,0,24239,436
1848,925,1069,0,24228,437
1867,872,24031,0,1146,438
24109,996,1234,0,1185,439
1647,23690,965,0,1455,440
1447,1153,1181,0,24217,441
1924,24523,936,0,1229,442
25209,916,1224,0,1228,443
1425,1115,24675,0,1337,444
1579,24528,970,0,1378,445
1520,1085,1050,0,24815,446
1700,984,1084,0,25061,447
1855,967,24654,0,1251,448
1508,880,24847,0,1398,449
1541,917,1044,0,24497,450
1459,1106,1327,0,24780,451
1572,905,24249,0,1390,452
1489,24167,1079,0,1401,453
24757,970,1133,0,1425,454
1356,24525,1208,0,1398,455
1393,1093,1053,0,25298,456
1382,1056,1037,0,25540,457
1499,942,969,0,25944,458
25875,936,1046,0,1520,459
25797,933,1076,0,1320,460
25048,891,1068,0,1667,461
1380,947,1052,0,25355,462
1307,1018,881,0,25791,463
1439,1012,944,0,25450,464
1389,1342,1041,0,24937,465
1420,25086,1011,0,1419,466
1333,25222,811,0,1846,467
1424,1011,769,0,26255,468
26130,1028,866,0,1729,469
1278,1133,877,0,26265,470
1462,1033,828,0,26469,471
26010,1024,1045,0,1634,472
1280,922,25364,0,1847,473
1282,1122,873,0,25479,474
1331,25507,949,0,1616,475
1305,25563,900,0,1788,476
1494,1110,884,0,26626,477
27079,1037,958,0,1934,478
1286,1136,918,0,27164,479
1319,1284,960,0,27290,480
1639,1072,26596,0,1788,481
27339,1299,948,0,1813,482
26942,1029,1196,0,1953,483
26521,1144,1118,0,1829,484
1475,26361,914,0,2013,485
1476,1176,996,0,26302,486
1379,935,25559,0,2034,487
1444,1122,948,0,25586,488
25585,985,853,0,1892,489
1267,25590,843,0,1698,490
1550,25256,801,0,1704,491
25821,1139,862,0,1830,492
1317,999,25531,0,1884,493
1341,1029,814,0,26121,494
26475,897,864,0,1644,495
25960,1080,806,0,1764,496
26125,922,856,0,1699,497
25729,1062,1012,0,1748,498
1612,894,781,0,26042,499
1723,1057,770,0,26316,500
26932,840,821,0,1672,501
26407,1021,815,0,1705,502
26115,1078,1009,0,1487,503
1427,965,24555,0,1704,504
1515,24493,792,0,1438,505
1663,24844,662,0,1502,506
25700,912,1060,0,1446,507
1435,971,25408,0,1343,508
1865,850,25216,0,1221,509
25695,1003,1036,0,1435,510
26060,868,919,0,1428,511
1366,990,1004,0,24865,512
1395,738,24552,0,1014,513
1564,671,24264,0,1105,514
24244,657,910,0,1210,515
1323,728,818,0,23934,516
1327,725,23446,0,1097,517
1497,780,22679,0,1061,518
1332,22643,923,0,1075,519
1295,22976,907,0,1126,520
1356,23937,849,0,1071,521
24853,735,882,0,1042,522
24851,790,854,0,890,523
25078,727,933,0,910,524
25131,691,1139,0,973,525
1502,705,24808,0,1023,526
1391,914,757,0,24200,527
1578,716,816,0,24793,528
25905,690,1026,0,857,529
25652,644,951,0,1007,530
25366,890,823,0,963,531
1609,25127,767,0,1012,532
25637,740,845,0,933,533
25241,676,908,0,1096,534
1598,747,934,0,24271,535
1652,711,24435,0,984,536
1601,965,24017,0,947,537
1608,23655,803,0,1023,538
1746,24393,815,0,943,539
25637,708,936,0,1133,540
1433,923,841,0,24529,541
1605,899,997,0,24937,542
1685,721,24858,0,1040,543
25731,913,853,0,894,544
1649,24814,817,0,1009,545
26865,827,1260,0,885,546
1752,862,26411,0,937,547
26932,802,1089,0,753,548
27035,709,1066,0,949,549
1813,846,26329,0,752,550
27326,718,1069,0,973,551
27858,904,975,0,740,552
27855,745,1050,0,869,553
28107,670,1001,0,841,554
28178,727,1033,0,686,555
27707,654,1106,0,1074,556
2306,736,882,0,26252,557
28396,787,943,0,729,558
28468,679,924,0,734,559
28317,780,936,0,651,560
27976,717,1184,0,620,561
2118,892,25793,0,772,562
2225,26511,888,0,720,563
27906,473,1076,0,1064,564
1954,681,939,0,25998,565
2355,778,880,0,26087,566
28396,609,1235,0,721,567
2032,648,26846,0,1026,568
2273,696,852,0,25994,569
28409,689,1228,0,850,570
2446,696,26842,0,735,571
28338,666,963,0,809,572
28552,541,973,0,871,573
27360,620,1172,0,1121,574
2045,633,959,0,25521,575
2180,755,850,0,26014,576
2039,686,1269,0,26478,577
1987,597,27007,0,1317,578
2157,767,1008,0,25968,579
27817,960,892,0,1161,580
2301,26789,801,0,1076,581
28282,518,1347,0,1251,582
2310,610,27275,0,1059,583
28425,625,1090,0,1013,584
28496,548,1063,0,1034,585
28035,621,1092,0,1213,586
1985,683,1258,0,26757,587
2379,505,27386,0,986,588
2293,656,27427,0,954,589
28415,580,999,0,1098,590
28309,679,1045,0,1027,591
28220,698,1042,0,1062,592
27762,493,1445,0,1132,593
2067,540,26935,0,948,594
2567,408,26263,0,1024,595
27869,702,1105,0,832,596
27429,583,1318,0,1011,597
2046,631,25610,0,827,598
2333,531,25638,0,946,599
28469,384,1181,0,908,600
28859,445,1197,0,747,601
28654,509,1061,0,828,602
28833,461,1096,0,822,603
28019,509,1087,0,1127,604
2247,514,1092,0,26164,605
2208,509,1048,0,26285,606
2395,811,865,0,25296,607
2507,25973,883,0,968,608
28763,469,991,0,793,609
28432,461,1099,0,896,610
28384,492,1072,0,833,611
28777,527,889,0,767,612
27794,410,964,0,1152,613
2347,767,823,0,24227,614
2165,25545,1336,0,788,615
2132,479,25692,0,816,616
2177,475,25216,0,794,617
2182,925,24760,0,807,618
2248,24982,956,0,745,619
1959,25968,1080,0,1170,620
2005,580,1503,0,26607,621
2392,530,27486,0,804,622
28970,634,991,0,799,623
29168,523,972,0,782,624
29340,512,1181,0,793,625
28445,552,1100,0,1170,626
2069,1001,921,0,25981,627
2082,27620,898,0,890,628
2575,27266,893,0,856,629
29101,612,986,0,1251,630
2419,727,963,0,27181,631
28887,1095,1021,0,869,632
2480,28030,907,0,828,633
29896,665,1058,0,941,634
29371,719,1015,0,1421,635
2281,905,1022,0,26600,636
28001,1190,977,0,1036,637
2060,26955,1044,0,1335,638
2191,1255,1022,0,24856,639
2094,27804,957,0,1114,640
2411,27686,925,0,1107,641
28154,878,1268,0,1157,642
1975,964,27165,0,1416,643
2211,1055,1005,0,25344,644
27988,1032,896,0,1409,645
1956,1127,941,0,26366,646
1944,1225,831,0,26556,647
2002,1104,1172,0,26364,648
1952,1230,26122,0,1293,649
1895,26424,860,0,1219,650
2178,26449,734,0,1185,651
26777,897,801,0,1626,652
2066,1029,844,0,25835,653
27270,970,872,0,1233,654
27256,1055,831,0,1151,655
26711,1227,1143,0,1068,656
2262,922,26323,0,1221,657
27852,1120,1032,0,1164,658
28330,1055,965,0,1010,659
28129,975,958,0,1159,660
27994,1114,1005,0,1016,661
27943,1000,910,0,1100,662
27522,874,1449,0,1179,663
2562,914,26229,0,1026,664
27299,1301,1098,0,1016,665
2435,26445,870,0,952,666
27031,1117,1289,0,912,667
2004,990,26783,0,1563,668
2506,1074,1124,0,26344,669
27459,1442,1094,0,1162,670
2157,26996,1090,0,1342,671
2694,1102,1005,0,26537,672
28859,1135,1070,0,1203,673
28817,868,953,0,1258,674
27880,1108,1048,0,1533,675
2490,1011,1261,0,26231,676
2545,1180,26178,0,1116,677
2634,1027,25838,0,1375,678
27242,978,1615,0,1154,679
2596,1074,25905,0,1400,680
27423,1226,1164,0,1054,681
27696,866,1166,0,1314,682
27827,1115,1059,0,1237,683
27368,889,1224,0,1614,684
2447,816,1093,0,26039,685
2892,927,1155,0,26140,686
27935,976,1459,0,1320,687
2592,900,26370,0,1411,688
2768,1036,1060,0,25324,689
27644,721,1594,0,1269,690
2680,1056,26303,0,1129,691
27045,927,1239,0,1381,692
2238,997,1101,0,26320,693
2553,850,1145,0,25919,694
2219,1017,1273,0,25891,695
2790,26003,1150,0,1186,696
28043,758,1422,0,1341,697
2529,807,26397,0,1167,698
27612,624,1486,0,1366,699
2548,759,26440,0,1252,700
27925,841,1192,0,1250,701
27560,1071,1330,0,1220,702
2425,25994,1154,0,1561,703
2524,869,1186,0,26407,704
2791,840,1167,0,26829,705
28549,746,1385,0,1227,706
28212,1001,1216,0,1280,707
2506,26614,1305,0,1418,708
28726,635,1081,0,1469,709
27901,819,1561,0,1370,710
2770,793,26295,0,1382,711
27394,890,1460,0,1370,712
2564,880,26188,0,1376,713
27570,668,1289,0,1251,714
27119,1035,1466,0,1346,715
2574,25636,1252,0,1508,716
2661,986,1227,0,24966,717
2563,25919,1209,0,1128,718
28348,666,1093,0,1245,719
27211,913,1567,0,1322,720
2800,761,25783,0,1222,721
26413,957,1301,0,1381,722
2350,25002,1238,0,1415,723
2711,864,1018,0,24389,724
2352,1258,1111,0,23994,725
2457,25250,1050,0,1392,726
2314,843,1302,0,25428,727
2313,873,25708,0,1165,728
2506,721,25261,0,1116,729
2433,929,25740,0,1133,730
27312,844,1261,0,1129,731
26772,766,1494,0,1164,732
2060,848,25945,0,1240,733
2203,787,1152,0,24910,734
2026,1106,1235,0,25267,735
2445,25521,1087,0,1046,736
27025,763,1283,0,1179,737
26463,1018,1251,0,1278,738
2104,749,1041,0,26126,739
2019,935,1220,0,26169,740
27378,846,1312,0,1075,741
2269,672,26036,0,1354,742
2271,827,26003,0,1171,743
27049,753,1166,0,1345,744
26592,962,1347,0,1388,745
2409,885,1106,0,25809,746
26277,1002,1303,0,1224,747
2071,25891,1163,0,1296,748
2313,25129,1135,0,1432,749
25941,1191,1276,0,1469,750
2346,25808,1242,0,1121,751
26653,910,1252,0,1477,752
1936,1359,1306,0,24810,753
2173,25199,1143,0,1291,754
2022,25220,1169,0,1230,755
2162,25142,1258,0,1273,756
2030,1274,25293,0,1356,757
2033,25362,1110,0,1202,758
25883,1177,1229,0,1258,759
1967,1199,25570,0,1160,760
2107,1182,25256,0,1213,761
1914,1140,25339,0,1479,762
1800,1343,1203,0,24751,763
2132,1149,1194,0,25597,764
26773,1276,1409,0,1034,765
26710,1276,1321,0,1130,766
26710,1184,1223,0,1227,767
26433,1226,1224,0,1308,768
26894,1101,1075,0,1175,769
25903,1239,1760,0,1098,770
2244,1208,25773,0,1086,771
25996,1083,2161,0,1078,772
27101,1273,1224,0,1056,773
27557,958,1117,0,1069,774
26934,1102,1295,0,1036,775
27044,1080,1149,0,978,776
26284,1067,1151,0,1299,777
2050,1585,1079,0,24521,778
2764,25519,1065,0,1033,779
26949,1064,1486,0,983,780
2362,981,25640,0,1337,781
2668,937,1140,0,25069,782
27345,1040,1213,0,925,783
26992,1289,1292,0,909,784
2741,26278,1035,0,1005,785
27667,1011,1519,0,941,786
2543,924,27674,0,1292,787
2771,1114,1145,0,26441,788
28319,1379,1164,0,1028,789
2405,27719,1096,0,1261,790
2376,7827,1573,0,20446,791
2750,1033,28430,0,1083,792
2786,1131,28173,0,1327,793
29389,1146,1398,0,1530,794
2547,1239,1629,0,27992,795
2630,1311,27297,0,1355,796
2904,1167,1520,0,25682,797
27766,1051,2175,0,1342,798
2656,927,27270,0,1505,799
2225,1314,27029,0,1748,800
2549,1217,1772,0,24219,801
2656,1205,26159,0,1525,802
27102,1032,1899,0,1655,803
2471,844,1977,0,26677,804
2605,1301,26866,0,1472,805
2823,26199,1483,0,1678,806
27689,1034,2064,0,1652,807
2711,1187,1671,0,26868,808
27979,976,1739,0,1782,809
2554,1089,1675,0,27070,810
2488,1013,1636,0,27307,811
2485,1043,1389,0,27413,812
2288,1173,1508,0,27136,813
2349,1412,1630,0,26660,814
2377,26618,1721,0,1804,815
27911,942,2009,0,1686,816
2208,985,26921,0,2095,817
2110,1030,1534,0,26768,818
2023,1323,1449,0,26257,819
1957,26386,1577,0,1767,820
2079,26273,1445,0,1748,821
1852,26268,1558,0,1834,822
1896,26442,1479,0,2177,823
2150,1168,1418,0,27274,824
27778,1092,1845,0,1732,825
2148,1235,27517,0,1853,826
27724,1154,1579,0,2006,827
2104,1252,1381,0,27759,828
28095,1171,1503,0,1855,829
27550,1238,1687,0,1917,830
2036,1093,27294,0,1897,831
2201,1074,26824,0,1933,832
26892,1488,1350,0,1902,833
1946,26361,1370,0,2075,834
1843,1234,1436,0,26819,835
1945,1307,1486,0,26853,836
2124,26802,1476,0,1892,837
27875,1079,1601,0,1791,838
1841,1182,27316,0,1921,839
2253,1052,27149,0,1880,840
27943,1100,1547,0,1830,841
27658,1165,1801,0,1836,842
2151,1089,27925,0,1983,843
2155,1350,1559,0,26632,844
28624,1268,1369,0,2036,845
2172,1111,1565,0,28618,846
28435,1357,1655,0,1828,847
2057,27835,1525,0,2163,848
2051,1425,1734,0,28205,849
2048,1458,28357,0,1947,850
2169,27855,1729,0,2009,851
28540,1351,1421,0,2292,852
2047,1508,1583,0,28469,853
2015,1503,1908,0,28062,854
2079,27898,1661,0,2200,855
28173,1612,1654,0,2027,856
2081,28409,1477,0,2367,857
2450,28302,1556,0,2091,858
28453,1641,1614,0,2596,859
2478,1665,1493,0,28901,860
28638,1819,1874,0,2014,861
2209,28669,1589,0,2271,862
2367,28672,1362,0,2281,863
2495,1974,1427,0,28992,864
29282,1862,1726,0,2449,865
2071,1950,29335,0,2544,866
2613,1702,1681,0,28886,867
29679,2033,1485,0,2595,868
2534,2126,1381,0,29750,869
29866,2002,1626,0,2360,870
29478,2075,1592,0,2448,871
29455,1871,1679,0,2498,872
2636,29310,1404,0,2498,873
29836,2120,1434,0,2202,874
29220,1941,1425,0,2898,875
2753,2146,1710,0,28379,876
2700,1990,27980,0,2535,877
28848,2368,1571,0,2094,878
3188,1884,27262,0,2165,879
28270,2211,1564,0,2184,880
2875,27718,1431,0,2180,881
27742,2118,1388,0,2175,882
2870,27404,1367,0,2176,883
2769,27461,1347,0,1959,884
28210,1980,1505,0,1896,885
2699,1945,27159,0,1738,886
2827,1671,27047,0,1858,887
2630,1922,26931,0,1671,888
27947,1644,1429,0,1755,889
2563,1747,1360,0,26908,890
2766,1842,1336,0,27104,891
28132,1564,1751,0,1629,892
2428,1674,27240,0,1565,893
2465,1591,26827,0,1634,894
2704,1607,1602,0,25233,895
27580,1701,1565,0,1592,896
2601,1671,1686,0,26158,897
2505,27078,1527,0,1945,898
27949,1663,1966,0,1522,899
2504,1575,27516,0,1951,900
2810,1523,1661,0,27197,901
28524,1825,1517,0,1683,902
2685,27652,1688,0,1734,903
28625,1604,1857,0,1595,904
27961,1441,1906,0,2014,905
2578,1537,1886,0,27202,906
2804,1432,26959,0,1964,907
2306,1706,1577,0,26261,908
2367,1674,26034,0,1797,909
2432,25738,1600,0,1786,910
2233,1513,1652,0,26516,911
2494,1549,1440,0,26462,912
2324,26301,1461,0,1912,913
2437,26024,1347,0,1950,914
27293,1635,1690,0,1657,915
2377,26852,1483,0,1793,916
26805,1414,2572,0,1778,917
2215,1549,26425,0,1852,918
2157,1310,25541,0,1663,919
2188,1464,25916,0,1490,920
26189,1554,1486,0,1484,921
2053,1301,1457,0,25943,922
1970,1331,26423,0,1462,923
1977,1289,26162,0,1613,924
25559,1381,2473,0,1396,925
26761,1354,1505,0,1362,926
26424,1300,1843,0,1380,927
1862,1314,26302,0,1527,928
2211,1178,26078,0,1404,929
26138,1266,1767,0,1562,930
2092,1493,1637,0,25155,931
2325,25572,1496,0,1293,932
26090,1327,1537,0,1423,933
1946,25657,1657,0,1318,934
2121,25688,1675,0,1441,935
26887,1216,1886,0,1187,936
2126,1530,25933,0,1239,937
2271,25848,1464,0,1361,938
27367,1315,1639,0,1271,939
26807,1217,1823,0,1349,940
2310,1202,1648,0,25994,941
27016,1277,1553,0,1319,942
2175,1497,1424,0,25646,943
2356,1277,1438,0,25905,944
2020,1663,1585,0,25729,945
2226,26737,1519,0,1250,946
27871,1214,1516,0,1312,947
27723,1167,1529,0,1301,948
27494,1470,1502,0,1326,949
2079,27442,1400,0,1336,950
2283,1176,1530,0,26714,951
28279,1289,1524,0,1441,952
2125,1321,26797,0,1412,953
2314,27070,1210,0,1305,954
27925,1307,1401,0,1372,955
1970,1331,1484,0,26782,956
2252,1290,26898,0,1286,957
27740,1351,1360,0,1221,958
2065,27031,1237,0,1490,959
28387,1151,1284,0,1211,960
27960,1236,1232,0,1262,961
27609,1295,1266,0,1247,962
27934,1064,1172,0,1271,963
27485,1128,1326,0,1397,964
2236,1499,1170,0,26099,965
2365,27112,1003,0,1402,966
2261,1337,914,0,26883,967
2349,1187,1077,0,27315,968
28280,1126,1439,0,1201,969
2402,1109,26829,0,1318,970
27483,1214,1295,0,1304,971
2300,1346,26719,0,1433,972
2224,26757,1099,0,1415,973
2217,26596,1182,0,1475,974
2186,1265,1328,0,26521,975
2459,1273,1181,0,26868,976
28182,1353,1025,0,1559,977
2344,1263,1109,0,27418,978
28382,1255,1138,0,1446,979
2325,1073,27348,0,1394,980
27242,1516,1224,0,1448,981
27513,1108,1183,0,1715,982
27312,1051,1565,0,1546,983
26710,1324,1147,0,1771,984
2609,26796,1036,0,1342,985
27729,1237,1152,0,1709,986
27806,1479,1014,0,1246,987
27626,1107,1234,0,1569,988
27739,1153,917,0,1670,989
2737,1356,992,0,25213,990
2697,26069,871,0,1946,991
2947,26418,988,0,1271,992
27777,1405,1228,0,1211,993
3015,1055,26204,0,1173,994
27569,1499,995,0,1183,995
28046,1153,899,0,1280,996
27648,1197,983,0,1485,997
2659,1281,918,0,25941,998
28305,1008,928,0,1263,999
27575,1346,1010,0,1239,1000
2742,1359,732,0,25749,1001
2844,1171,970,0,25353,1002
27682,1085,930,0,1443,1003
3050,1110,853,0,24368,1004
2672,25947,815,0,1507,1005
2751,1251,722,0,25680,1006
28084,1434,786,0,1452,1007
2736,1467,804,0,25488,1008
2887,26766,832,0,1455,1009
28742,1145,958,0,1390,1010
28692,1036,802,0,1609,1011
2786,1306,938,0,26916,1012
28523,1335,762,0,1533,1013
2914,27013,800,0,1854,1014
28638,1359,801,0,1617,1015
2948,1408,862,0,26675,1016
3030,1081,26283,0,2031,1017
3227,1158,26293,0,1680,1018
27729,1261,925,0,1973,1019
2817,1653,1011,0,26597,1020
3163,1205,26278,0,1848,1021
27564,1354,1234,0,1892,1022
3091,1173,933,0,26822,1023
2842,1768,962,0,26676,1024
2815,1421,1095,0,27071,1025
2903,1384,26710,0,2092,1026
2806,1509,1112,0,26311,1027
28104,1202,1216,0,2398,1028
2796,1162,1447,0,27290,1029
2903,1303,26477,0,2395,1030
2970,1274,1082,0,26444,1031
27400,1516,1552,0,2258,1032
2928,1348,26354,0,2140,1033
2721,1316,26137,0,2239,1034
27041,1298,1416,0,2375,1035
2694,1421,1270,0,26145,1036
2297,25010,1500,0,2320,1037
2492,965,1394,0,25167,1038
2344,1011,24635,0,2173,1039
25561,1037,1202,0,2132,1040
2123,24843,1442,0,2072,1041
2182,1104,1381,0,25913,1042
2205,947,1122,0,25707,1043
25830,1018,1390,0,1727,1044
2124,794,25154,0,1917,1045
25796,930,1319,0,1742,1046
25975,966,1326,0,1773,1047
25639,977,1269,0,1884,1048
2221,985,1158,0,25331,1049
25714,902,1425,0,1807,1050
2240,783,24833,0,1989,1051
2242,903,24133,0,1769,1052
2128,838,23867,0,2066,1053
2162,23708,1407,0,1677,1054
25534,918,1626,0,1816,1055
2090,1057,25161,0,1803,1056
2320,24186,1562,0,1735,1057
25710,841,1417,0,2056,1058
2226,982,1438,0,25375,1059
25436,1147,1564,0,1801,1060
2326,1013,24937,0,1725,1061
25560,1055,1717,0,1588,1062
2250,811,24760,0,1953,1063
2283,24418,1401,0,1715,1064
25845,1068,1476,0,1928,1065
25510,1121,1660,0,1807,1066
25708,1011,1769,0,1705,1067
25941,957,1588,0,1752,1068
26274,1094,1575,0,1523,1069
2424,949,1448,0,25506,1070
26345,1036,1592,0,1555,1071
2322,1023,25338,0,1714,1072
25850,827,1900,0,1525,1073
2545,1055,24944,0,1533,1074
2652,973,24744,0,1488,1075
25674,964,1583,0,1723,1076
25332,1200,1704,0,1368,1077
2228,23662,1611,0,1878,1078
2230,1147,1842,0,23971,1079
2731,836,24714,0,1489,1080
25566,938,1946,0,1445,1081
2663,918,24626,0,1398,1082
25526,1078,1894,0,1480,1083
25453,976,1752,0,1353,1084
2434,23881,1658,0,1282,1085
25013,1018,1750,0,1176,1086
2649,24054,1524,0,1428,1087
25629,1192,1676,0,1197,1088
2357,1096,1616,0,23512,1089
2468,24284,1547,0,1269,1090
2346,1050,1771,0,24368,1091
2546,986,25036,0,1341,1092
2319,1129,1498,0,24651,1093
2270,956,1595,0,24556,1094
26201,1015,1575,0,1314,1095
25637,940,1638,0,1298,1096
25510,841,1603,0,1301,1097
2332,923,24819,0,1448,1098
2340,1139,1504,0,22330,1099
2423,1032,23910,0,1393,1100
2339,874,23805,0,1326,1101
2433,758,23923,0,1370,1102
2271,1083,23997,0,1255,1103
24607,799,1592,0,1525,1104
2175,1171,1554,0,23696,1105
2011,1038,1476,0,23767,1106
2358,787,1548,0,23440,1107
23742,980,1569,0,1241,1108
2224,23101,1347,0,1360,1109
2278,22280,1436,0,1329,1110
23546,1266,1429,0,1160,1111
2154,22567,1349,0,1277,1112
23115,1225,1513,0,1172,1113
2006,22941,1367,0,1205,1114
2054,22391,1283,0,1366,1115
23535,1148,1460,0,1011,1116
2044,966,22874,0,1247,1117
23773,1054,1340,0,1213,1118
2115,1001,1303,0,22723,1119
24343,1064,1315,0,1047,1120
24238,872,1376,0,1153,1121
24057,890,1447,0,1101,1122
24062,1053,1256,0,1070,1123
23738,915,1296,0,967,1124
22661,1282,1348,0,912,1125
2426,22360,1161,0,1015,1126
23123,965,1241,0,1370,1127
2166,1225,1089,0,21514,1128
2384,22165,1129,0,1044,1129
23269,1079,1437,0,1004,1130
2482,1042,21989,0,976,1131
23338,1068,1080,0,1104,1132
23395,1084,1026,0,1050,1133
22816,1004,1412,0,1087,1134
2608,908,21051,0,1001,1135
23107,1014,1110,0,833,1136
21460,1278,1086,0,813,1137
2239,21591,1125,0,854,1138
2288,20535,1013,0,1050,1139
2254,1344,974,0,19231,1140
2180,21618,927,0,963,1141
2477,21440,929,0,888,1142
22607,1056,914,0,1231,1143
2131,1142,866,0,20984,1144
2076,1101,882,0,20727,1145
2180,1395,821,0,19809,1146
2002,21163,806,0,1233,1147
1962,1173,765,0,20991,1148
1966,1069,751,0,21119,1149
1735,1254,1120,0,20712,1150
2143,1025,20336,0,963,1151
1980,1048,20084,0,1039,1152
20744,1046,832,0,1331,1153
1778,970,1044,0,20238,1154
1872,971,20331,0,1027,1155
1782,892,20134,0,1146,1156
1771,929,19978,0,1356,1157
1785,897,897,0,19865,1158
1874,999,972,0,20135,1159
20791,1010,1014,0,1305,1160
1624,991,1095,0,20129,1161
1809,1008,19891,0,1247,1162
20946,902,934,0,1209,1163
20131,1148,959,0,1249,1164
1543,19437,937,0,1499,1165
1534,1243,989,0,18454,1166
1508,19115,860,0,1453,1167
1709,18921,916,0,1314,1168
19499,993,856,0,1661,1169
1547,1317,869,0,18215,1170
1439,19018,907,0,1322,1171
1489,18586,854,0,1495,1172
1406,977,1177,0,19177,1173
1649,959,18659,0,1360,1174
19129,996,957,0,1414,1175
1588,997,953,0,19086,1176
19593,987,1123,0,1167,1177
19314,1026,992,0,1252,1178
18908,894,926,0,1519,1179
1340,1133,1106,0,18341,1180
1683,961,18291,0,1295,1181
1765,831,17715,0,1448,1182
18358,1296,931,0,1212,1183
1793,18052,851,0,1357,1184
18463,1049,1275,0,1180,1185
1598,1000,17539,0,1520,1186
1774,1032,880,0,17683,1187
17934,1275,865,0,1298,1188
1621,17993,900,0,1202,1189
17965,1041,1250,0,1288,1190
1549,1246,17156,0,1270,1191
1504,17345,877,0,1194,1192
1505,17068,855,0,1483,1193
1667,1099,896,0,16972,1194
16801,1142,1070,0,1500,1195
1831,1002,909,0,16590,1196
16901,949,1352,0,1333,1197
1914,918,16167,0,1351,1198
16902,1214,843,0,1218,1199
15687,1416,882,0,1458,1200
1422,15516,912,0,1713,1201
1486,1135,1389,0,14918,1202
1573,1164,14538,0,1717,1203
1615,14933,1064,0,1200,1204
1803,14662,926,0,1605,1205
15451,1405,1263,0,1145,1206
1648,1344,14828,0,1436,1207
15373,1223,915,0,1479,1208
15598,1191,931,0,1252,1209
15422,1090,968,0,1379,1210
15360,1054,1130,0,1244,1211
1492,1341,14625,0,1161,1212
2000,1152,14220,0,1084,1213
14568,1749,1084,0,999,1214
1970,14506,968,0,1079,1215
14665,1203,1267,0,1187,1216
1679,1319,14173,0,1011,1217
1476,14122,999,0,1534,1218
1592,1273,1251,0,13967,1219
1425,1250,14458,0,1071,1220
1632,1107,14156,0,1030,1221
14697,1261,1075,0,859,1222
1288,13837,1053,0,1188,1223
1403,1041,1268,0,13467,1224
1414,1041,13781,0,1036,1225
1335,1301,1099,0,12952,1226
1771,13340,975,0,821,1227
14032,1196,1043,0,785,1228
13801,982,1062,0,1078,1229
1453,1108,1148,0,13234,1230
1605,868,13664,0,845,1231
13956,1078,962,0,855,1232
1659,13430,935,0,917,1233
13227,1160,1106,0,1099,1234
1739,1037,847,0,12737,1235
12947,1305,1188,0,928,1236
1914,12720,951,0,910,1237
13101,1196,1014,0,956,1238
1739,983,12404,0,1001,1239
12833,1140,972,0,903,1240
12283,1164,1255,0,1040,1241
1453,1218,11987,0,1042,1242
1608,11811,895,0,1196,1243
1730,1137,902,0,11812,1244
12142,947,1234,0,1114,1245
1342,1359,11611,0,1138,1246
1601,1125,1257,0,10583,1247
1443,1076,11301,0,1189,1248
1790,992,11519,0,760,1249
1685,837,11199,0,1319,1250
11937,1134,1076,0,803,1251
11797,1040,1003,0,1039,1252
11982,917,1092,0,903,1253
11712,1091,1002,0,904,1254
1449,995,1087,0,11048,1255
1917,753,1055,0,10867,1256
11680,1102,975,0,782,1257
11457,867,834,0,843,1258
11074,947,880,0,1000,1259
1435,828,922,0,10481,1260
1425,788,1048,0,10135,1261
1305,779,10162,0,690,1262
1271,628,10172,0,651,1263
1361,900,9598,0,785,1264
1373,9720,869,0,641,1265
10216,653,1096,0,693,1266
10181,771,976,0,531,1267
1088,678,9742,0,822,1268
1105,845,708,0,9114,1269
1386,9289,808,0,617,1270
9898,564,945,0,658,1271
1426,514,9477,0,550,1272
9598,578,831,0,672,1273
1152,476,719,0,9087,1274
1136,654,662,0,9029,1275
1229,564,617,0,8848,1276
8845,613,666,0,668,1277
930,8742,690,0,583,1278
927,8462,561,0,733,1279
1103,8499,592,0,502,1280
8608,524,787,0,608,1281
966,507,8417,0,625,1282
961,454,8455,0,549,1283
944,434,8234,0,689,1284
8366,515,673,0,664,1285
851,514,670,0,8203,1286
1048,572,650,0,7994,1287
8536,491,693,0,613,1288
8424,452,640,0,686,1289
8145,463,764,0,574,1290
840,421,7870,0,744,1291
985,501,629,0,7019,1292
7296,621,598,0,571,1293
7165,357,755,0,740,1294
763,400,7065,0,703,1295
790,539,6585,0,775,1296
900,6517,504,0,668,1297
6848,552,509,0,653,1298
6633,565,581,0,776,1299
731,441,605,0,6731,1300
952,414,493,0,6508,1301
6604,409,498,0,593,1302
876,346,600,0,6131,1303
863,444,6083,0,577,1304
833,505,471,0,5957,1305
6256,382,479,0,599,1306
6001,445,514,0,472,1307
5772,385,495,0,615,1308
743,5399,397,0,737,1309
760,616,452,0,5100,1310
825,5211,419,0,671,1311
703,5053,523,0,507,1312
759,355,454,0,5097,1313
804,393,520,0,4943,1314
5200,406,542,0,570,1315
768,419,4873,0,597,1316
4947,486,537,0,546,1317
667,555,4606,0,494,1318
816,462,4434,0,537,1319
4284,525,459,0,502,1320
4144,372,525,0,680,1321
584,3927,627,0,584,1322
870,3762,436,0,575,1323
4124,589,488,0,458,1324
4232,374,409,0,597,1325
3962,555,481,0,549,1326
712,500,3704,0,553,1327
728,3553,385,0,602,1328
823,405,3512,0,455,1329
752,3450,345,0,606,1330
784,380,402,0,3499,1331
3767,515,432,0,365,1332
3735,465,441,0,328,1333
636,3524,378,0,454,1334
3717,368,444,0,442,1335
647,344,3222,0,601,1336
3433,475,430,0,329,1337
3292,374,416,0,441,1338
497,442,3057,0,375,1339
570,429,368,0,2651,1340
2997,352,339,0,334,1341
2974,307,329,0,377,1342
519,319,369,0,2588,1343
2585,374,272,0,432,1344
461,2667,280,0,342,1345
557,2100,268,0,398,1346
2073,379,288,0,448,1347
492,1835,362,0,422,1348
467,385,317,0,1816,1349
1947,438,222,0,385,1350
1729,374,276,0,490,1351
542,1714,200,0,382,1352
1610,371,247,0,454,1353
491,323,1375,0,432,1354
1585,359,251,0,302,1355
1450,254,252,0,473,1356
511,282,1171,0,270,1357
1276,301,231,0,257,1358
1265,252,270,0,236,1359
448,309,967,0,271,1360
440,1004,212,0,289,1361
923,291,184,0,386,1362
380,326,650,0,333,1363
761,284,220,0,326,1364
343,321,571,0,316,1365
386,620,240,0,215,1366
307,358,219,0,351,1367
449,263,201,0,208,1368
325,239,244,0,290,1369
298,312,182,0,300,1370
314,320,186,0,261,1371
279,363,155,0,266,1372
387,295,122,0,242,1373
311,308,179,0,253,1374
387,216,180,0,258,1375
385,301,159,0,177,1376
418,175,177,0,203,1377
375,247,180,0,160,1378
322,311,127,0,169,1379
325,249,159,0,199,1380
305,371,126,0,101,1381
294,247,141,0,192,1382
295,250,133,0,179,1383
299,240,162,0,159,1384
285,194,196,0,157,1385
338,224,160,0,92,1386
261,289,175,0,76,1387
241,246,191,0,107,1388
270,194,155,0,123,1389
253,221,162,0,76,1390
257,174,118,0,146,1391
221,235,146,0,90,1392
240,189,180,0,78,1393
258,181,134,0,100,1394
305,163,131,0,68,1395
253,158,122,0,96,1396
193,170,139,0,82,1397
208,147,119,0,95,1398
232,175,97,0,66,1399
189,161,111,0,100,1400
198,134,97,0,126,1401
194,138,110,0,91,1402
192,113,98,0,132,1403
229,92,87,0,114,1404
154,153,109,0,88,1405
134,85,88,0,111,1406
135,90,59,0,63,1407
108,98,59,0,51,1408
94,69,65,0,88,1409
95,69,47,0,71,1410
96,62,71,0,60,1411
109,42,36,0,85,1412
115,50,60,0,49,1413
74,61,72,0,64,1414
74,59,47,0,58,1415
98,49,40,0,47,1416
71,51,44,0,62,1417
57,58,49,0,58,1418
67,61,31,0,58,1419
54,65,38,0,42,1420
58,53,30,0,53,1421
63,57,19,0,48,1422
49,53,39,0,43,1423
51,38,33,0,65,1424
66,35,23,0,35,1425
60,42,19,0,40,1426
48,23,26,0,36,1427
50,19,30,0,24,1428
54,21,37,0,18,1429
60,12,26,0,28,1430
60,20,25,0,13,1431
58,4,29,0,13,1432
63,4,22,0,10,1433
64,14,12,0,4,1434
41,17,22,0,9,1435
43,24,12,0,11,1436
18,4,11,0,9,1437
21,8,8,0,8,1438
24,5,4,0,6,1439
14,6,12,0,5,1440
11,8,6,0,11,1441
9,5,2,0,3,1442
5,6,5,0,4,1443
3,2,2,0,2,1444
5,1,1,0,2,1445
3,1,2,0,2,1446
3,3,3,0,4,1447
3,2,2,0,2,1448
5,1,1,0,3,1449
7,2,3,0,1,1450
4,4,1,0,1,1451
3,1,3,0,3,1452
3,2,3,0,6,1453
2,2,3,0,2,1454
4,1,2,0,3,1455
4,1,5,0,1,1456
5,1,2,0,2,1457
3,5,1,0,0,1458
3,1,2,0,3,1459
4,1,1,0,4,1460
2,1,4,0,1,1461
3,3,0,0,2,1462
3,2,1,0,1,1463
2,2,1,0,3,1464
2,1,1,0,3,1465
3,1,1,0,3,1466
4,0,3,0,2,1467
3,0,3,0,1,1468
1,3,2,0,4,1469
4,2,0,0,4,1470
3,3,0,0,3,1471
2,3,1,0,3,1472
2,6,1,0,2,1473
2,1,1,0,5,1474
3,0,2,0,3,1475
4,2,1,0,1,1476
2,2,1,0,2,1477
1,0,1,0,3,1478
1,0,1,0,3,1479
3,0,0,0,1,1480
2,0,1,0,1,1481
1,1,1,0,2,1482
2,1,1,0,1,1483
1,3,1,0,0,1484
2,1,0,0,0,1485
1,0,1,0,0,1486
0,1,1,0,0,1487
0,2,0,0,1,1488
2,1,0,0,0,1489
1,1,0,0,0,1490
0,0,0,0,1,1491
0,0,0,0,2,1492
2,0,0,0,0,1493
0,0,0,0,2,1494
0,0,0,0,0,1495
0,0,0,0,0,1496
1,0,0,0,0,1497
0,0,0,0,0,1498
0,0,0,0,0,1499
0,1,0,0,0,1500
1,0,0,0,0,1501
0,0,0,0,1,1502
0,0,0,0,0,1503
0,0,0,0,0,1504
0,1,0,0,0,1505
0,0,0,0,0,1506
0,0,0,0,1,1507
1,0,0,0,0,1508
0,0,0,0,1,1509
0,0,0,0,0,1510
0,0,0,0,0,1511
1,0,0,0,0,1512
0,0,0,0,0,1513
0,0,0,0,0,1514
0,0,0,0,0,1515
0,0,0,0,0,1516
0,0,0,0,0,1517
0,0,0,0,0,1518
0,0,0,0,1,1519
0,0,0,0,1,1520
0,0,0,0,0,1521
0,0,0,0,0,1522
1,0,0,0,0,1523
0,1,0,0,0,1524
0,0,0,0,0,1525
0,0,0,0,0,1526
