A,C,G,N,Pos,T
0,0,26058,0,6286,0
26091,1,1,0,6287,6
22,26077,37,0,6288,0
6,54,167,0,6289,26060
169,31,26051,0,6290,46
91,4,26110,0,6291,98
26018,23,80,0,6292,183
99,11,183,0,6293,26011
26030,2,158,0,6294,120
199,13,101,0,6295,25997
47,125,25944,0,6296,196
155,25876,179,0,6297,102
168,46,25947,0,6298,153
25903,45,359,0,6299,10
71,150,26090,0,6300,6
49,5,26097,0,6301,166
155,19,250,0,6302,25893
12,162,26088,0,6303,55
1,25870,205,0,6304,243
56,131,210,0,6305,25922
185,43,26036,0,6306,55
25834,153,277,0,6307,55
74,160,25923,0,6308,162
40,25870,352,0,6309,57
329,55,25928,0,6310,7
25798,206,288,0,6311,27
48,26026,54,0,6312,198
75,143,157,0,6313,25954
159,102,14,0,6314,26054
178,725,5,0,6315,25421
26021,10,47,0,6316,251
25859,9,258,0,6317,203
286,15,25874,0,6318,156
26008,182,120,0,6319,28
194,26065,42,0,6320,38
46,25921,152,0,6321,220
172,174,193,0,6322,25801
50,194,26039,0,6323,57
41,349,25892,0,6324,58
14,25867,82,0,6325,377
205,91,192,0,6326,25852
25772,59,450,0,6327,59
26060,157,56,0,6328,67
26080,8,87,0,6329,165
25391,21,910,0,6330,18
258,275,25787,0,6331,20
195,26052,49,0,6332,44
417,25776,44,0,6333,103
25976,101,231,0,6334,32
25811,199,309,0,6335,21
138,412,25768,0,6336,22
188,25804,59,0,6337,289
174,393,47,0,6338,25726
264,25843,147,0,6339,88
25736,207,102,0,6340,313
71,133,262,0,6341,26074
145,414,27994,0,6342,59
166,28404,199,0,6343,84
271,28530,53,0,6344,180
28082,544,446,0,6345,33
473,29117,14,0,6346,31
29311,392,92,0,6347,21
29644,358,123,0,6348,38
274,30166,27,0,6349,488
261,307,369,0,6350,30224
237,428,30918,0,6351,224
12,31575,263,0,6352,135
24,31562,157,0,6353,507
37,430,622,0,6354,31228
43,401,31912,0,6355,225
59,252,32236,0,6356,149
348,12,32194,0,6357,239
31827,59,698,0,6358,323
224,430,506,0,6359,31958
184,32552,279,0,6360,598
279,33528,38,0,6361,196
14,34216,41,0,6362,282
13,34805,48,0,6363,421
30,1095,329,0,6364,34471
24,796,243,0,6365,36208
28,631,653,0,6366,36765
118,53,37661,0,6367,1438
34,110,1055,0,6368,38240
132,52,39353,0,6369,1113
31,606,1121,0,6370,39148
21,40586,806,0,6371,824
35,41122,650,0,6372,1058
24,1154,617,0,6373,41345
80,1796,41539,0,6374,317
14,42779,368,0,6375,787
430,42507,874,0,6376,615
42279,1125,1190,0,6377,59
440,1866,42656,0,6378,14
814,43555,732,0,6379,96
674,757,44036,0,6380,32
34,44179,1348,0,6381,66
72,930,44802,0,6382,26
509,837,44628,0,6383,24
43094,639,1896,0,6384,444
714,118,1546,0,6385,43940
45166,35,797,0,6386,741
1343,107,242,0,6387,45278
45783,34,541,0,6388,947
1343,22,45373,0,6389,849
996,15,46040,0,6390,677
724,21,46955,0,6391,76
114,14,47635,0,6392,48
84,15,47686,0,6393,60
57,33,47154,0,6394,677
30,974,2199,0,6395,44755
16,45334,1648,0,6396,1173
45,609,1514,0,6397,46076
62,949,46391,0,6398,1168
69,1351,46334,0,6399,941
30,45847,2094,0,6400,774
907,549,47321,0,6401,58
45627,954,2232,0,6402,42
566,707,47647,0,6403,45
968,36,47982,0,6404,40
820,28,48164,0,6405,73
757,46,48347,0,6406,26
46163,716,2340,0,6407,15
529,46248,2369,0,6408,129
1027,507,47737,0,6409,35
772,946,46931,0,6410,679
731,1542,1499,0,6411,45572
46369,79,1786,0,6412,1165
560,885,787,0,6413,47195
1630,46563,56,0,6414,1307
47202,530,227,0,6415,1653
541,1114,742,0,6416,47241
1029,1392,46730,0,6417,558
1407,46825,530,0,6418,1005
46728,1187,1152,0,6419,772
1186,47714,736,0,6420,284
47935,1909,135,0,6421,57
1234,48317,28,0,6422,730
998,2026,304,0,6423,47032
771,48527,691,0,6424,574
150,1946,47536,0,6425,969
24,48610,559,0,6426,1425
64,1431,1684,0,6427,47468
87,1070,48359,0,6428,1177
72,2212,585,0,6429,47832
672,47784,1028,0,6430,1298
47630,1240,925,0,6431,1045
512,48875,70,0,6432,1443
1014,1398,708,0,6433,47804
806,1049,47940,0,6434,1176
67,960,1220,0,6435,48734
93,65,49601,0,6436,1260
755,34,49218,0,6437,1039
47828,73,2358,0,6438,784
541,685,49756,0,6439,82
1015,47992,1326,0,6440,720
795,665,1739,0,6441,47870
780,1019,48771,0,6442,519
47950,773,1329,0,6443,1039
1677,52,48595,0,6444,791
48969,27,1387,0,6445,742
1345,139,1053,0,6446,48614
1924,720,783,0,6447,47767
48659,895,171,0,6448,1521
559,48058,48,0,6449,2636
1072,1095,943,0,6450,48202
888,1044,48876,0,6451,555
996,816,48533,0,6452,1049
47942,949,1703,0,6453,802
1427,48082,1796,0,6454,108
49000,539,965,0,6455,926
1278,1196,965,0,6456,48012
1110,796,48208,0,6457,1398
830,1134,570,0,6458,48980
976,48204,1041,0,6459,1318
48947,545,977,0,6460,1075
49572,1048,141,0,6461,792
50504,792,195,0,6462,71
51347,72,138,0,6463,23
49382,1976,190,0,6464,38
2333,48104,1091,0,6465,70
1953,553,49048,0,6466,14
903,1055,49545,0,6467,31
1264,797,49429,0,6468,25
47622,1084,2732,0,6469,55
574,47958,2885,0,6470,75
2255,547,48631,0,6471,35
48584,1044,742,0,6472,1080
587,930,2110,0,6473,47817
2128,42,48738,0,6474,522
48563,26,1789,0,6475,1048
604,39,50001,0,6476,786
2129,16,49224,0,6477,66
48539,33,1805,0,6478,1067
569,1135,1837,0,6479,47898
1045,47932,1871,0,6480,599
893,540,47950,0,6481,2059
66,2206,580,0,6482,48585
41,48652,2113,0,6483,619
104,553,49688,0,6484,1061
64,1072,48404,0,6485,1827
28,2131,1559,0,6486,47630
32,48902,1816,0,6487,567
23,48318,831,0,6488,2110
45,1710,1109,0,6489,48388
613,1800,48279,0,6490,544
254,829,49061,0,6491,1052
1145,83,49173,0,6492,796
47486,1145,2463,0,6493,62
530,48601,1834,0,6494,174
1056,48042,839,0,6495,1159
781,1745,1147,0,6496,47374
112,2860,47524,0,6497,518
1088,48065,566,0,6498,1272
47333,569,2267,0,6499,794
592,1067,49225,0,6500,53
2338,812,47743,0,6501,21
48982,76,1772,0,6502,51
47706,1084,2016,0,6503,46
2622,47256,819,0,6504,119
48908,528,270,0,6505,1077
1314,1184,1104,0,6506,47088
1111,769,47181,0,6507,1565
831,170,1616,0,6508,47922
151,26,49020,0,6509,1261
1127,37,48122,0,6510,1074
46694,44,2743,0,6511,799
584,18,48540,0,6512,1110
2115,169,1371,0,6513,46506
46696,28,2834,0,6514,535
593,16,48389,0,6515,1049
2116,41,47036,0,6516,761
47021,1105,1699,0,6517,61
567,47316,1832,0,6518,99
1074,46233,808,0,6519,1591
801,1648,69,0,6520,47068
58,2938,52,0,6521,46481
39,47796,47,0,6522,1586
53,47517,32,0,6523,1826
49,48469,16,0,6524,850
1094,48078,20,0,6525,145
45642,2353,149,0,6526,1149
532,1937,23,0,6527,46755
2140,1373,28,0,6528,45651
47400,114,110,0,6529,1523
45989,1155,185,0,6530,1764
1556,45530,1077,0,6531,835
1893,1586,45359,0,6532,67
801,47240,509,0,6533,128
80,46040,1047,0,6534,1132
1093,1630,759,0,6535,44224
39442,2639,121,0,6536,599
812,24648,18,0,6537,1071
24786,848,128,0,6538,756
1079,25276,16,0,6539,83
1540,24780,11,0,6540,53
24429,1813,93,0,6541,42
424,25461,443,0,6542,46
1060,1047,24255,0,6543,11
676,1051,24633,0,6544,12
71,1098,25185,0,6545,13
23,24188,2121,0,6546,34
34,24618,1656,0,6547,57
14,25617,683,0,6548,51
11,25764,91,0,6549,498
17,2101,480,0,6550,23763
37,1680,23842,0,6551,802
453,901,371,0,6552,24634
23790,523,1050,0,6553,996
367,24313,640,0,6554,1038
1011,24638,38,0,6555,671
641,25630,22,0,6556,65
36,26247,24,0,6557,51
18,26245,10,0,6558,85
27,25730,6,0,6559,595
3,2224,19,0,6560,24111
21,2319,22,0,6561,23995
11,24834,8,0,6562,1504
5,24677,21,0,6563,1649
16,24882,585,0,6564,869
52,2716,23531,0,6565,53
17,25186,1071,0,6566,78
103,1748,24457,0,6567,43
19,25171,1119,0,6568,42
594,24704,1028,0,6569,24
23833,1540,963,0,6570,11
24596,1646,94,0,6571,11
24925,1281,117,0,6572,23
2109,23618,32,0,6573,587
2227,540,31,0,6574,23548
24241,1021,4,0,6575,1080
1141,647,21,0,6576,24537
24798,400,29,0,6577,1119
10921,13761,615,0,6578,1049
1273,300,23500,0,6579,1273
1046,621,499,0,6580,24180
308,1050,1031,0,6581,23957
36,23511,1291,0,6582,1508
70,1172,23483,0,6583,1621
25,24457,1192,0,6584,672
38,1837,24387,0,6585,83
18,24246,1174,0,6586,902
16,1150,2046,0,6587,23115
49,1032,23704,0,6588,1529
13,638,1673,0,6589,23976
42,55,25007,0,6590,1128
41,22,24056,0,6591,1023
12,24,1523,0,6592,632
8,12,1604,0,6593,51
1,11,673,0,6594,16
5,8,53,0,6595,20
2,9,35,0,6596,8
5,3,34,0,6597,1
1,5,12,0,6598,8
3,9,11,0,6599,2
1,8,10,0,6600,6
5,9,7,0,6601,2
0,11,8,0,6602,4
1,7,5,0,6603,8
3,7,5,0,6604,6
4,5,10,0,6605,2
2,7,8,0,6606,3
6,3,9,0,6607,2
4,7,8,0,6608,1
5,4,9,0,6609,1
2,8,3,0,6610,6
5,8,5,0,6611,1
5,8,2,0,6612,4
4,2,6,0,6613,7
1,6,6,0,6614,6
2,7,7,0,6615,3
3,5,8,0,6616,3
5,8,3,0,6617,3
5,3,9,0,6618,2
2,5,10,0,6619,2
3,7,5,0,6620,1
0,4,9,0,6621,3
3,5,3,0,6622,3
4,7,3,0,6623,0
3,4,4,0,6624,0
1,4,4,0,6625,2
1,3,5,0,6626,2
1,2,5,0,6627,2
2,5,3,0,6628,0
1,4,1,0,6629,4
0,2,7,0,6630,1
1,4,3,0,6631,2
1,4,3,0,6632,1
0,3,5,0,6633,0
2,4,1,0,6634,1
1,1,4,0,6635,1
0,1,3,0,6636,3
1,3,2,0,6637,0
0,2,1,0,6638,3
1,3,2,0,6639,0
0,3,2,0,6640,1
0,4,1,0,6641,0
0,1,2,0,6642,2
1,2,1,0,6643,1
0,4,1,0,6644,0
1,2,1,0,6645,1
1,1,1,0,6646,1
2,0,1,0,6647,1
0,3,1,0,6648,0
0,1,2,0,6649,1
2,2,0,0,6650,0
0,1,2,0,6651,1
2,1,0,0,6652,1
3,0,1,0,6653,0
1,1,1,0,6654,1
0,2,1,0,6655,1
1,0,0,0,6656,3
2,1,1,0,6657,0
1,0,2,0,6658,1
2,2,0,0,6659,0
1,0,2,0,6660,1
1,1,2,0,6661,0
0,0,0,0,6662,3
1,0,1,0,6663,1
1,1,0,0,6664,1
0,0,3,0,6665,0
0,1,1,0,6666,1
0,0,1,0,6667,1
0,2,0,0,6668,0
0,0,1,0,6669,1
0,0,1,0,6670,0
0,0,0,0,6671,1
0,0,1,0,6672,0
