"A","C","G","N","Pos","T"
0,96,0,0,6320,0
1,6,0,0,6321,90
42715,37,20,0,6322,121
116,42671,99,0,6323,121
202,42705,158,0,6324,67
55,335,73,0,6325,42725
47,207,42844,0,6326,109
33,240,42837,0,6327,125
47,42813,167,0,6328,209
114,292,103,0,6329,42730
39,42811,115,0,6330,281
145,42823,59,0,6331,223
42629,332,202,0,6332,88
189,264,42578,0,6333,220
158,355,181,0,6334,42557
195,42765,59,0,6335,232
329,42604,182,0,6336,136
42796,320,41,0,6337,101
42682,150,297,0,6338,129
251,497,42487,0,6339,23
224,41729,228,0,6340,1077
112,663,54,0,6341,42429
32,42565,180,0,6342,481
12,21979,39,0,6343,21228
24,377,295,0,6344,42562
285,416,42233,0,6345,324
10,42829,284,0,6346,137
22,42645,430,0,6347,165
492,617,42105,0,6348,48
10,42506,591,0,6349,156
403,386,42348,0,6350,126
761,242,42100,0,6351,160
119,20784,341,0,6352,22019
294,310,137,0,6353,42522
41095,348,1519,0,6354,301
190,42718,225,0,6355,130
53,42632,413,0,6356,165
467,335,42426,0,6357,35
105,136,43006,0,6358,16
349,112,42682,0,6359,125
42075,178,978,0,6360,37
378,271,42296,0,6361,323
81,537,375,0,6362,42275
83,42742,86,0,6363,357
29,42947,90,0,6364,202
5,42840,41,0,6365,382
22,21248,22,0,6366,21976
57,397,23,0,6367,42791
18,538,11,0,6368,42706
181,37482,14,0,6369,5597
20860,3457,57,0,6370,25908
391,6765,12,0,6371,45035
3841,27052,285,0,6372,21520
5378,1118,83,0,6373,46603
820,42516,5477,0,6374,5674
42012,6163,5825,0,6375,952
324,12009,1041,0,6376,42330
6951,6265,42424,0,6377,404
12622,43320,426,0,6378,159
6145,50109,129,0,6379,156
43184,5753,7519,0,6380,88
42665,1082,5693,0,6381,7107
467,42976,9051,0,6382,5363
241,407,56214,0,6383,1228
4562,376,10927,0,6384,42344
2957,411,48017,0,6385,8604
9552,77,44988,0,6386,5842
25525,5887,24203,0,6387,5239
12289,3442,1199,0,6388,45751
59757,911,890,0,6389,1728
8952,22404,11200,0,6390,21280
45825,340,17214,0,6391,575
43828,305,19702,0,6392,174
7808,357,55722,0,6393,160
4633,46,60106,0,6394,96
1810,65,51558,0,6395,11778
22413,13321,24947,0,6396,5968
2047,6103,43131,0,6397,15990
424,2717,16701,0,6398,49273
378,43426,22993,0,6399,2949
85,16956,9334,0,6400,43643
104,6461,62874,0,6401,939
173,3072,67013,0,6402,449
88,43416,26790,0,6403,594
152,535,70237,0,6404,141
9161,468,61508,0,6405,97
3570,458,67883,0,6406,92
19645,73,52599,0,6407,114
28445,824,25551,0,6408,17932
3259,380,63699,0,6409,5811
43633,171,26763,0,6410,2799
964,12091,18738,0,6411,41680
20049,2895,50650,0,6412,616
6791,1956,45552,0,6413,20211
3231,41934,22864,0,6414,7025
64010,6323,1573,0,6415,3431
6836,3295,1038,0,6416,64441
3547,43027,21725,0,6417,7611
44038,21840,6540,0,6418,3580
21980,6789,3339,0,6419,44001
18949,3911,52674,0,6420,677
28260,44015,3905,0,6421,526
51693,22867,2011,0,6422,590
26250,30261,21003,0,6423,236
66377,10657,706,0,6424,131
7477,69955,394,0,6425,684
3796,74048,482,0,6426,462
43999,10965,361,0,6427,23547
692,47076,23837,0,6428,7536
510,68904,6461,0,6429,3520
619,32171,3447,0,6430,43493
272,35665,43729,0,6431,634
25378,54120,794,0,6432,623
6439,47806,662,0,6433,26420
3491,44711,26625,0,6434,6659
43288,1830,7052,0,6435,29352
580,1216,29854,0,6436,49934
630,664,76239,0,6437,4101
14693,859,22620,0,6438,43458
3278,11561,65753,0,6439,1080
2286,29624,49606,0,6440,797
48858,8178,24559,0,6441,819
6936,49959,25330,0,6442,169
30382,50245,1590,0,6443,139
76151,4531,1504,0,6444,123
37409,44618,514,0,6445,261
54211,1540,477,0,6446,26670
47899,27547,895,0,6447,6977
71246,7504,694,0,6448,4016
8254,31651,226,0,6449,43574
5009,73437,341,0,6450,5029
43186,10146,28797,0,6451,1824
968,47258,34441,0,6452,1331
28499,38949,10479,0,6453,6101
7635,29004,47206,0,6454,226
31825,7892,44086,0,6455,311
49983,4643,1473,0,6456,28049
4468,43509,29377,0,6457,6865
43809,998,7546,0,6458,31865
1507,28970,3956,0,6459,49839
28972,7417,43511,0,6460,4382
35752,4007,813,0,6461,43717
27819,43308,11864,0,6462,1319
79615,755,3300,0,6463,621
80797,869,1824,0,6464,789
38273,28923,16868,0,6465,197
48590,6687,28854,0,6466,124
44695,4013,35147,0,6467,383
1814,43119,10728,0,6468,28559
1698,1021,47064,0,6469,34830
1027,29234,43771,0,6470,10592
534,35862,1341,0,6471,46880
28419,10769,1493,0,6472,43950
6751,47073,1168,0,6473,29639
4282,43681,28571,0,6474,8103
71179,1314,7185,0,6475,4958
21687,1485,18423,0,6476,43046
8020,874,74983,0,6477,844
74032,199,9439,0,6478,1033
28453,499,26491,0,6479,29234
5079,28571,44184,0,6480,6803
43889,6741,29746,0,6481,4396
1032,4149,7967,0,6482,71631
836,42995,5342,0,6483,35612
1001,731,71809,0,6484,11244
205,745,36465,0,6485,47381
174,1492,40308,0,6486,42800
177,29048,54120,0,6487,1396
96,35588,47355,0,6488,1669
435,25467,43895,0,6489,14887
28981,49723,2184,0,6490,3845
35133,45297,2108,0,6491,2202
24905,22433,15893,0,6492,21503
74777,2123,7496,0,6493,431
50334,30189,3862,0,6494,477
25958,35907,22058,0,6495,930
38475,11245,6427,0,6496,28697
1928,46985,29075,0,6497,6854
1630,71266,7149,0,6498,4782
29605,8123,4747,0,6499,42322
7080,5893,71029,0,6500,785
4682,70986,7517,0,6501,1568
71244,7604,5046,0,6502,840
36257,5321,43015,0,6503,124
11932,71728,806,0,6504,226
75687,7587,940,0,6505,466
49511,5850,1377,0,6506,27912
5580,43141,28940,0,6507,6963
43461,1026,7350,0,6508,32763
1600,2238,33430,0,6509,47270
938,1311,77444,0,6510,4775
1404,29047,11604,0,6511,42327
28883,6895,46695,0,6512,1823
6899,4303,43502,0,6513,29535
4274,41579,30650,0,6514,7692
41721,724,37406,0,6515,4304
29841,800,11994,0,6516,41498
36254,1179,45891,0,6517,788
12078,28974,42309,0,6518,728
73561,6895,2368,0,6519,1228
48502,4356,1828,0,6520,29327
5469,41590,1036,0,6521,35839
41552,19588,1306,0,6522,21443
1517,34564,222,0,6523,47531
857,39492,144,0,6524,43292
1437,66173,76,0,6525,16056
28960,52452,92,0,6526,2203
6890,46789,61,0,6527,29934
4837,71491,40,0,6528,7243
69878,9014,190,0,6529,4482
36246,6330,80,0,6530,40871
11674,70372,505,0,6531,902
45555,8204,28896,0,6532,724
41721,33871,6841,0,6533,871
29955,48055,4564,0,6534,562
8761,19431,40287,0,6535,14515
33719,44397,844,0,6536,3806
46710,32490,1135,0,6537,2146
33723,27421,896,0,6538,20148
46415,34637,281,0,6539,469
6147,74844,124,0,6540,456
67964,12583,358,0,6541,475
8309,72189,580,0,6542,181
5367,46628,28880,0,6543,189
38940,5719,36016,0,6544,96
945,39914,39604,0,6545,165
1208,30423,48045,0,6546,673
958,36766,42208,0,6547,182
168,40969,38553,0,6548,228
174,76038,2093,0,6549,1402
142,48694,2046,0,6550,28741
113,42903,29620,0,6551,6885
597,67416,7024,0,6552,4382
28482,9585,4417,0,6553,36731
7278,34421,36539,0,6554,783
32434,44434,978,0,6555,817
41657,34407,815,0,6556,1167
4686,72089,802,0,6557,249
35424,40980,241,0,6558,844
1504,46897,129,0,6559,28753
774,69431,107,0,6560,6883
862,71033,30,0,6561,5099
271,42079,51,0,6562,34485
136,75214,636,0,6563,851
370,45707,29005,0,6564,1641
135,40304,35392,0,6565,813
88,64817,11317,0,6566,218
415,9636,65400,0,6567,139
107,34794,39922,0,6568,157
378,68632,5407,0,6569,133
16660,11684,45046,0,6570,31
32731,35537,4605,0,6571,63
37152,32125,2322,0,6572,336
11129,16086,1937,0,6573,14328
6149,4854,376,0,6574,32011
31472,2878,467,0,6575,8532
8081,15197,458,0,6576,19564
4506,4858,66,0,6577,33856
3089,30195,57,0,6578,9940
1513,8779,107,0,6579,32881
29011,3506,1033,0,6580,9727
7671,2658,29133,0,6581,3814
3491,870,35684,0,6582,3229
2412,1613,38071,0,6583,1178
532,29020,12950,0,6584,772
740,7803,33876,0,6585,855
723,31410,9952,0,6586,1188
112,9160,5714,0,6587,28287
752,3537,31228,0,6588,7753
264,2937,8760,0,6589,31309
143,1117,33067,0,6590,8943
114,1633,38026,0,6591,3497
205,28819,11367,0,6592,2875
146,6845,35190,0,6593,1086
99,3178,38874,0,6594,1115
87,2291,39079,0,6595,1809
34,484,14404,0,6596,28344
69,675,35660,0,6597,6862
52,1668,38305,0,6598,3239
18,28319,11738,0,6599,3189
20,7626,7742,0,6600,27875
53,4348,31633,0,6601,7229
17,30548,8018,0,6602,4680
41,7206,5566,0,6603,30450
1005,3762,31299,0,6604,7195
28232,2911,8301,0,6605,3817
6819,457,33094,0,6606,2891
4179,709,37919,0,6607,453
30377,775,11349,0,6608,759
7211,81,34139,0,6609,1828
4822,120,10107,0,6610,28209
30977,743,4242,0,6611,7296
7225,17195,4693,0,6612,14144
3895,4004,29282,0,6613,6074
3012,1872,8714,0,6614,29657
579,1307,33084,0,6615,8283
1941,234,37144,0,6616,3928
28785,378,11568,0,6617,2502
6880,425,35142,0,6618,719
3259,47,37905,0,6619,737
2296,44,10886,0,6620,730
392,50,6656,0,6621,104
637,8,3374,0,6622,94
690,4,1151,0,6623,87
73,6,1468,0,6624,12
85,2,841,0,6625,7
82,0,165,0,6626,9
9,1,178,0,6627,3
6,0,102,0,6628,1
9,0,18,0,6629,1
2,0,17,0,6630,0
1,0,11,0,6631,1
1,0,4,0,6632,0
0,0,4,0,6633,0
0,0,3,0,6634,0
0,0,2,0,6635,0
0,0,2,0,6636,0
1,0,1,0,6637,0
0,0,1,0,6638,1
0,0,1,0,6639,1
0,0,1,0,6640,1
0,1,1,0,6641,0
0,1,1,0,6642,0
1,0,1,0,6643,0
0,1,1,0,6644,0
0,0,1,0,6645,1
1,0,1,0,6646,0
0,1,1,0,6647,0
0,0,2,0,6648,0
0,0,1,0,6649,1
0,0,2,0,6650,0
1,0,1,0,6651,0
0,1,1,0,6652,0
0,0,2,0,6653,0
0,0,2,0,6654,0
0,0,1,0,6655,0
0,0,1,0,6656,0
0,0,1,0,6657,0
0,0,1,0,6658,0
0,0,1,0,6659,0
0,0,1,0,6660,0
0,0,1,0,6661,0
0,0,1,0,6662,0
0,0,1,0,6663,0
0,0,1,0,6664,0
0,0,1,0,6665,0
0,0,1,0,6666,0
0,0,1,0,6667,0
0,0,1,0,6668,0
0,0,1,0,6669,0
0,0,1,0,6670,0
0,0,1,0,6671,0
0,0,1,0,6672,0
0,0,1,0,6673,0
0,0,1,0,6674,0
0,0,1,0,6675,0
0,0,1,0,6676,0
0,0,1,0,6677,0
0,0,1,0,6678,0
0,0,1,0,6679,0
0,0,1,0,6680,0
0,0,1,0,6681,0
0,0,1,0,6682,0
0,0,1,0,6683,0
0,0,1,0,6684,0
0,0,1,0,6685,0
0,0,1,0,6686,0
0,0,1,0,6687,0
0,0,1,0,6688,0
0,0,1,0,6689,0
0,0,1,0,6690,0
0,0,1,0,6691,0
0,0,1,0,6692,0
0,0,1,0,6693,0
0,0,1,0,6694,0
0,0,1,0,6695,0
0,0,1,0,6696,0
0,0,1,0,6697,0
0,0,1,0,6698,0
0,0,1,0,6699,0
0,0,1,0,6700,0
0,0,1,0,6701,0
0,0,1,0,6702,0
0,0,1,0,6703,0
0,0,1,0,6704,0
0,0,1,0,6705,0
0,0,1,0,6706,0
0,0,1,0,6707,0
0,0,1,0,6708,0
0,0,1,0,6709,0
0,0,1,0,6710,0
0,0,1,0,6711,0
0,0,1,0,6712,0
0,0,1,0,6713,0
0,0,1,0,6714,0
0,0,1,0,6715,0
0,0,1,0,6716,0
0,0,1,0,6717,0
0,0,1,0,6718,0
0,0,1,0,6719,0
0,0,1,0,6720,0
0,0,1,0,6721,0
0,0,1,0,6722,0
0,0,1,0,6723,0
0,0,1,0,6724,0
0,0,1,0,6725,0
0,0,1,0,6726,0
0,0,1,0,6727,0
0,0,1,0,6728,0
0,0,1,0,6729,0
0,0,1,0,6730,0
0,0,1,0,6731,0
0,0,1,0,6732,0
0,0,1,0,6733,0
0,0,1,0,6734,0
0,0,1,0,6735,0
0,0,1,0,6736,0
0,0,1,0,6737,0
0,0,1,0,6738,0
0,0,1,0,6739,0
0,0,1,0,6740,0
0,0,1,0,6741,0
0,0,1,0,6742,0
0,0,1,0,6743,0
0,0,1,0,6744,0
0,0,1,0,6745,0
0,0,1,0,6746,0
0,0,1,0,6747,0
0,0,1,0,6748,0
0,0,1,0,6749,0
0,0,1,0,6750,0
0,0,1,0,6751,0
0,0,1,0,6752,0
0,0,1,0,6753,0
0,0,1,0,6754,0
0,0,1,0,6755,0
0,0,1,0,6756,0
0,0,1,0,6757,0
0,0,1,0,6758,0
0,0,1,0,6759,0
0,0,1,0,6760,0
0,0,1,0,6761,0
0,0,1,0,6762,0
0,0,1,0,6763,0
0,0,1,0,6764,0
0,0,1,0,6765,0
0,0,1,0,6766,0
0,0,1,0,6767,0
0,0,1,0,6768,0
0,0,1,0,6769,0
0,0,1,0,6770,0
0,0,1,0,6771,0
0,0,1,0,6772,0
0,0,1,0,6773,0
0,0,1,0,6774,0
0,0,1,0,6775,0
0,0,1,0,6776,0
0,0,1,0,6777,0
0,0,1,0,6778,0
0,0,1,0,6779,0
0,0,1,0,6780,0
0,0,1,0,6781,0
0,0,1,0,6782,0
0,0,1,0,6783,0
0,0,1,0,6784,0
0,0,1,0,6785,0
0,0,1,0,6786,0
0,0,1,0,6787,0
0,0,1,0,6788,0
0,0,1,0,6789,0
0,0,1,0,6790,0
0,0,1,0,6791,0
0,0,1,0,6792,0
0,0,1,0,6793,0
0,0,1,0,6794,0
0,0,1,0,6795,0
0,0,1,0,6796,0
0,0,1,0,6797,0
0,0,1,0,6798,0
0,0,1,0,6799,0
0,0,1,0,6800,0
0,0,1,0,6801,0
0,0,1,0,6802,0
0,0,1,0,6803,0
0,0,1,0,6804,0
0,0,1,0,6805,0
0,0,1,0,6806,0
0,0,1,0,6807,0
0,0,1,0,6808,0
0,0,1,0,6809,0
0,0,1,0,6810,0
0,0,1,0,6811,0
0,0,1,0,6812,0
0,0,1,0,6813,0
0,0,1,0,6814,0
0,0,1,0,6815,0
0,0,1,0,6816,0
0,0,1,0,6817,0
0,0,1,0,6818,0
0,0,1,0,6819,0
0,0,1,0,6820,0
0,0,1,0,6821,0
0,0,1,0,6822,0
0,1,0,0,6823,0
0,0,0,0,6824,1
0,0,1,0,6825,0
0,1,0,0,6826,0
0,0,0,0,6827,1
0,0,1,0,6828,0
1,0,0,0,6829,0
0,0,1,0,6830,0
0,0,1,0,6831,0
1,0,0,0,6832,0
0,0,1,0,6833,0
0,0,0,0,6834,1
1,0,0,0,6835,0
0,1,0,0,6836,0
0,0,1,0,6837,0
0,0,0,0,6838,1
0,0,1,0,6839,0
0,0,1,0,6840,0
1,0,0,0,6841,0
0,0,1,0,6842,0
